
Collecting usage statistics. To deactivate, set browser.gatherUsageStats to false.


  You can now view your Streamlit app in your browser.

  URL: http://0.0.0.0:8501

2025-09-22 11:11:09.628 Please replace `use_container_width` with `width`.

`use_container_width` will be removed after 2025-12-31.

For `use_container_width=True`, use `width='stretch'`. For `use_container_width=False`, use `width='content'`.
/data02/wanghy/server_status/data_analyzer.py:43: FutureWarning: 'H' is deprecated and will be removed in a future version, please use 'h' instead.
  df['hour'] = df['timestamp'].dt.floor('H')
/data02/wanghy/server_status/data_analyzer.py:87: FutureWarning:

'H' is deprecated and will be removed in a future version, please use 'h' instead.

/data02/wanghy/server_status/data_analyzer.py:43: FutureWarning:

'H' is deprecated and will be removed in a future version, please use 'h' instead.

/data02/wanghy/server_status/data_analyzer.py:87: FutureWarning:

'H' is deprecated and will be removed in a future version, please use 'h' instead.

2025-09-22 11:20:24.811 Please replace `use_container_width` with `width`.

`use_container_width` will be removed after 2025-12-31.

For `use_container_width=True`, use `width='stretch'`. For `use_container_width=False`, use `width='content'`.
2025-09-22 11:20:55.738 Please replace `use_container_width` with `width`.

`use_container_width` will be removed after 2025-12-31.

For `use_container_width=True`, use `width='stretch'`. For `use_container_width=False`, use `width='content'`.
2025-09-22 11:21:26.994 Please replace `use_container_width` with `width`.

`use_container_width` will be removed after 2025-12-31.

For `use_container_width=True`, use `width='stretch'`. For `use_container_width=False`, use `width='content'`.
2025-09-22 11:21:58.034 Please replace `use_container_width` with `width`.

`use_container_width` will be removed after 2025-12-31.

For `use_container_width=True`, use `width='stretch'`. For `use_container_width=False`, use `width='content'`.
2025-09-22 11:22:29.102 Please replace `use_container_width` with `width`.

`use_container_width` will be removed after 2025-12-31.

For `use_container_width=True`, use `width='stretch'`. For `use_container_width=False`, use `width='content'`.
2025-09-22 11:22:59.981 Please replace `use_container_width` with `width`.

`use_container_width` will be removed after 2025-12-31.

For `use_container_width=True`, use `width='stretch'`. For `use_container_width=False`, use `width='content'`.
2025-09-22 11:23:31.001 Please replace `use_container_width` with `width`.

`use_container_width` will be removed after 2025-12-31.

For `use_container_width=True`, use `width='stretch'`. For `use_container_width=False`, use `width='content'`.
2025-09-22 11:24:02.028 Please replace `use_container_width` with `width`.

`use_container_width` will be removed after 2025-12-31.

For `use_container_width=True`, use `width='stretch'`. For `use_container_width=False`, use `width='content'`.
2025-09-22 11:24:32.935 Please replace `use_container_width` with `width`.

`use_container_width` will be removed after 2025-12-31.

For `use_container_width=True`, use `width='stretch'`. For `use_container_width=False`, use `width='content'`.
2025-09-22 11:25:04.006 Please replace `use_container_width` with `width`.

`use_container_width` will be removed after 2025-12-31.

For `use_container_width=True`, use `width='stretch'`. For `use_container_width=False`, use `width='content'`.
2025-09-22 11:25:35.155 Please replace `use_container_width` with `width`.

`use_container_width` will be removed after 2025-12-31.

For `use_container_width=True`, use `width='stretch'`. For `use_container_width=False`, use `width='content'`.
2025-09-22 11:26:06.172 Please replace `use_container_width` with `width`.

`use_container_width` will be removed after 2025-12-31.

For `use_container_width=True`, use `width='stretch'`. For `use_container_width=False`, use `width='content'`.
2025-09-22 11:26:37.276 Please replace `use_container_width` with `width`.

`use_container_width` will be removed after 2025-12-31.

For `use_container_width=True`, use `width='stretch'`. For `use_container_width=False`, use `width='content'`.
2025-09-22 11:27:08.228 Please replace `use_container_width` with `width`.

`use_container_width` will be removed after 2025-12-31.

For `use_container_width=True`, use `width='stretch'`. For `use_container_width=False`, use `width='content'`.
2025-09-22 11:27:39.252 Please replace `use_container_width` with `width`.

`use_container_width` will be removed after 2025-12-31.

For `use_container_width=True`, use `width='stretch'`. For `use_container_width=False`, use `width='content'`.
2025-09-22 11:28:10.268 Please replace `use_container_width` with `width`.

`use_container_width` will be removed after 2025-12-31.

For `use_container_width=True`, use `width='stretch'`. For `use_container_width=False`, use `width='content'`.
2025-09-22 11:28:41.414 Please replace `use_container_width` with `width`.

`use_container_width` will be removed after 2025-12-31.

For `use_container_width=True`, use `width='stretch'`. For `use_container_width=False`, use `width='content'`.
2025-09-22 11:29:12.245 Please replace `use_container_width` with `width`.

`use_container_width` will be removed after 2025-12-31.

For `use_container_width=True`, use `width='stretch'`. For `use_container_width=False`, use `width='content'`.
2025-09-22 11:29:43.187 Please replace `use_container_width` with `width`.

`use_container_width` will be removed after 2025-12-31.

For `use_container_width=True`, use `width='stretch'`. For `use_container_width=False`, use `width='content'`.
2025-09-22 11:30:14.186 Please replace `use_container_width` with `width`.

`use_container_width` will be removed after 2025-12-31.

For `use_container_width=True`, use `width='stretch'`. For `use_container_width=False`, use `width='content'`.
2025-09-22 11:30:45.099 Please replace `use_container_width` with `width`.

`use_container_width` will be removed after 2025-12-31.

For `use_container_width=True`, use `width='stretch'`. For `use_container_width=False`, use `width='content'`.
2025-09-22 11:31:16.258 Please replace `use_container_width` with `width`.

`use_container_width` will be removed after 2025-12-31.

For `use_container_width=True`, use `width='stretch'`. For `use_container_width=False`, use `width='content'`.
2025-09-22 11:31:47.177 Please replace `use_container_width` with `width`.

`use_container_width` will be removed after 2025-12-31.

For `use_container_width=True`, use `width='stretch'`. For `use_container_width=False`, use `width='content'`.
2025-09-22 11:32:18.175 Please replace `use_container_width` with `width`.

`use_container_width` will be removed after 2025-12-31.

For `use_container_width=True`, use `width='stretch'`. For `use_container_width=False`, use `width='content'`.
2025-09-22 11:32:49.165 Please replace `use_container_width` with `width`.

`use_container_width` will be removed after 2025-12-31.

For `use_container_width=True`, use `width='stretch'`. For `use_container_width=False`, use `width='content'`.
2025-09-22 11:33:20.178 Please replace `use_container_width` with `width`.

`use_container_width` will be removed after 2025-12-31.

For `use_container_width=True`, use `width='stretch'`. For `use_container_width=False`, use `width='content'`.
2025-09-22 11:33:51.220 Please replace `use_container_width` with `width`.

`use_container_width` will be removed after 2025-12-31.

For `use_container_width=True`, use `width='stretch'`. For `use_container_width=False`, use `width='content'`.
2025-09-22 11:34:22.326 Please replace `use_container_width` with `width`.

`use_container_width` will be removed after 2025-12-31.

For `use_container_width=True`, use `width='stretch'`. For `use_container_width=False`, use `width='content'`.
2025-09-22 11:34:53.380 Please replace `use_container_width` with `width`.

`use_container_width` will be removed after 2025-12-31.

For `use_container_width=True`, use `width='stretch'`. For `use_container_width=False`, use `width='content'`.
2025-09-22 11:36:45.819 Please replace `use_container_width` with `width`.

`use_container_width` will be removed after 2025-12-31.

For `use_container_width=True`, use `width='stretch'`. For `use_container_width=False`, use `width='content'`.
2025-09-22 11:37:16.713 Please replace `use_container_width` with `width`.

`use_container_width` will be removed after 2025-12-31.

For `use_container_width=True`, use `width='stretch'`. For `use_container_width=False`, use `width='content'`.
2025-09-22 11:37:47.883 Please replace `use_container_width` with `width`.

`use_container_width` will be removed after 2025-12-31.

For `use_container_width=True`, use `width='stretch'`. For `use_container_width=False`, use `width='content'`.
2025-09-22 11:38:19.065 Please replace `use_container_width` with `width`.

`use_container_width` will be removed after 2025-12-31.

For `use_container_width=True`, use `width='stretch'`. For `use_container_width=False`, use `width='content'`.
2025-09-22 11:38:50.155 Please replace `use_container_width` with `width`.

`use_container_width` will be removed after 2025-12-31.

For `use_container_width=True`, use `width='stretch'`. For `use_container_width=False`, use `width='content'`.
2025-09-22 11:39:21.251 Please replace `use_container_width` with `width`.

`use_container_width` will be removed after 2025-12-31.

For `use_container_width=True`, use `width='stretch'`. For `use_container_width=False`, use `width='content'`.
2025-09-22 11:39:52.228 Please replace `use_container_width` with `width`.

`use_container_width` will be removed after 2025-12-31.

For `use_container_width=True`, use `width='stretch'`. For `use_container_width=False`, use `width='content'`.
2025-09-22 11:40:23.526 Please replace `use_container_width` with `width`.

`use_container_width` will be removed after 2025-12-31.

For `use_container_width=True`, use `width='stretch'`. For `use_container_width=False`, use `width='content'`.
2025-09-22 11:40:54.590 Please replace `use_container_width` with `width`.

`use_container_width` will be removed after 2025-12-31.

For `use_container_width=True`, use `width='stretch'`. For `use_container_width=False`, use `width='content'`.
2025-09-22 11:41:25.751 Please replace `use_container_width` with `width`.

`use_container_width` will be removed after 2025-12-31.

For `use_container_width=True`, use `width='stretch'`. For `use_container_width=False`, use `width='content'`.
2025-09-22 11:41:56.739 Please replace `use_container_width` with `width`.

`use_container_width` will be removed after 2025-12-31.

For `use_container_width=True`, use `width='stretch'`. For `use_container_width=False`, use `width='content'`.
2025-09-22 11:42:27.759 Please replace `use_container_width` with `width`.

`use_container_width` will be removed after 2025-12-31.

For `use_container_width=True`, use `width='stretch'`. For `use_container_width=False`, use `width='content'`.
2025-09-22 11:42:58.771 Please replace `use_container_width` with `width`.

`use_container_width` will be removed after 2025-12-31.

For `use_container_width=True`, use `width='stretch'`. For `use_container_width=False`, use `width='content'`.
2025-09-22 11:43:29.789 Please replace `use_container_width` with `width`.

`use_container_width` will be removed after 2025-12-31.

For `use_container_width=True`, use `width='stretch'`. For `use_container_width=False`, use `width='content'`.
2025-09-22 11:44:00.927 Please replace `use_container_width` with `width`.

`use_container_width` will be removed after 2025-12-31.

For `use_container_width=True`, use `width='stretch'`. For `use_container_width=False`, use `width='content'`.
2025-09-22 11:44:31.920 Please replace `use_container_width` with `width`.

`use_container_width` will be removed after 2025-12-31.

For `use_container_width=True`, use `width='stretch'`. For `use_container_width=False`, use `width='content'`.
2025-09-22 11:45:03.029 Please replace `use_container_width` with `width`.

`use_container_width` will be removed after 2025-12-31.

For `use_container_width=True`, use `width='stretch'`. For `use_container_width=False`, use `width='content'`.
2025-09-22 11:45:34.172 Please replace `use_container_width` with `width`.

`use_container_width` will be removed after 2025-12-31.

For `use_container_width=True`, use `width='stretch'`. For `use_container_width=False`, use `width='content'`.
2025-09-22 11:46:05.211 Please replace `use_container_width` with `width`.

`use_container_width` will be removed after 2025-12-31.

For `use_container_width=True`, use `width='stretch'`. For `use_container_width=False`, use `width='content'`.
2025-09-22 11:46:36.299 Please replace `use_container_width` with `width`.

`use_container_width` will be removed after 2025-12-31.

For `use_container_width=True`, use `width='stretch'`. For `use_container_width=False`, use `width='content'`.
2025-09-22 11:47:07.444 Please replace `use_container_width` with `width`.

`use_container_width` will be removed after 2025-12-31.

For `use_container_width=True`, use `width='stretch'`. For `use_container_width=False`, use `width='content'`.
2025-09-22 11:47:38.480 Please replace `use_container_width` with `width`.

`use_container_width` will be removed after 2025-12-31.

For `use_container_width=True`, use `width='stretch'`. For `use_container_width=False`, use `width='content'`.
2025-09-22 11:48:09.442 Please replace `use_container_width` with `width`.

`use_container_width` will be removed after 2025-12-31.

For `use_container_width=True`, use `width='stretch'`. For `use_container_width=False`, use `width='content'`.
2025-09-22 11:48:40.511 Please replace `use_container_width` with `width`.

`use_container_width` will be removed after 2025-12-31.

For `use_container_width=True`, use `width='stretch'`. For `use_container_width=False`, use `width='content'`.
2025-09-22 11:49:11.652 Please replace `use_container_width` with `width`.

`use_container_width` will be removed after 2025-12-31.

For `use_container_width=True`, use `width='stretch'`. For `use_container_width=False`, use `width='content'`.
2025-09-22 11:49:42.928 Please replace `use_container_width` with `width`.

`use_container_width` will be removed after 2025-12-31.

For `use_container_width=True`, use `width='stretch'`. For `use_container_width=False`, use `width='content'`.
2025-09-22 11:50:14.025 Please replace `use_container_width` with `width`.

`use_container_width` will be removed after 2025-12-31.

For `use_container_width=True`, use `width='stretch'`. For `use_container_width=False`, use `width='content'`.
2025-09-22 11:50:45.249 Please replace `use_container_width` with `width`.

`use_container_width` will be removed after 2025-12-31.

For `use_container_width=True`, use `width='stretch'`. For `use_container_width=False`, use `width='content'`.
2025-09-22 11:51:16.446 Please replace `use_container_width` with `width`.

`use_container_width` will be removed after 2025-12-31.

For `use_container_width=True`, use `width='stretch'`. For `use_container_width=False`, use `width='content'`.
2025-09-22 11:51:47.560 Please replace `use_container_width` with `width`.

`use_container_width` will be removed after 2025-12-31.

For `use_container_width=True`, use `width='stretch'`. For `use_container_width=False`, use `width='content'`.
2025-09-22 11:52:18.598 Please replace `use_container_width` with `width`.

`use_container_width` will be removed after 2025-12-31.

For `use_container_width=True`, use `width='stretch'`. For `use_container_width=False`, use `width='content'`.
2025-09-22 11:52:49.666 Please replace `use_container_width` with `width`.

`use_container_width` will be removed after 2025-12-31.

For `use_container_width=True`, use `width='stretch'`. For `use_container_width=False`, use `width='content'`.
2025-09-22 11:53:20.631 Please replace `use_container_width` with `width`.

`use_container_width` will be removed after 2025-12-31.

For `use_container_width=True`, use `width='stretch'`. For `use_container_width=False`, use `width='content'`.
2025-09-22 11:53:51.748 Please replace `use_container_width` with `width`.

`use_container_width` will be removed after 2025-12-31.

For `use_container_width=True`, use `width='stretch'`. For `use_container_width=False`, use `width='content'`.
2025-09-22 11:54:22.784 Please replace `use_container_width` with `width`.

`use_container_width` will be removed after 2025-12-31.

For `use_container_width=True`, use `width='stretch'`. For `use_container_width=False`, use `width='content'`.
2025-09-22 11:54:53.798 Please replace `use_container_width` with `width`.

`use_container_width` will be removed after 2025-12-31.

For `use_container_width=True`, use `width='stretch'`. For `use_container_width=False`, use `width='content'`.
2025-09-22 11:55:24.859 Please replace `use_container_width` with `width`.

`use_container_width` will be removed after 2025-12-31.

For `use_container_width=True`, use `width='stretch'`. For `use_container_width=False`, use `width='content'`.
2025-09-22 11:55:55.749 Please replace `use_container_width` with `width`.

`use_container_width` will be removed after 2025-12-31.

For `use_container_width=True`, use `width='stretch'`. For `use_container_width=False`, use `width='content'`.
2025-09-22 11:56:26.836 Please replace `use_container_width` with `width`.

`use_container_width` will be removed after 2025-12-31.

For `use_container_width=True`, use `width='stretch'`. For `use_container_width=False`, use `width='content'`.
2025-09-22 11:56:57.796 Please replace `use_container_width` with `width`.

`use_container_width` will be removed after 2025-12-31.

For `use_container_width=True`, use `width='stretch'`. For `use_container_width=False`, use `width='content'`.
2025-09-22 11:57:28.867 Please replace `use_container_width` with `width`.

`use_container_width` will be removed after 2025-12-31.

For `use_container_width=True`, use `width='stretch'`. For `use_container_width=False`, use `width='content'`.
2025-09-22 11:57:59.859 Please replace `use_container_width` with `width`.

`use_container_width` will be removed after 2025-12-31.

For `use_container_width=True`, use `width='stretch'`. For `use_container_width=False`, use `width='content'`.
2025-09-22 11:58:31.001 Please replace `use_container_width` with `width`.

`use_container_width` will be removed after 2025-12-31.

For `use_container_width=True`, use `width='stretch'`. For `use_container_width=False`, use `width='content'`.
2025-09-22 11:59:02.163 Please replace `use_container_width` with `width`.

`use_container_width` will be removed after 2025-12-31.

For `use_container_width=True`, use `width='stretch'`. For `use_container_width=False`, use `width='content'`.
2025-09-22 11:59:33.320 Please replace `use_container_width` with `width`.

`use_container_width` will be removed after 2025-12-31.

For `use_container_width=True`, use `width='stretch'`. For `use_container_width=False`, use `width='content'`.
2025-09-22 12:00:04.550 Please replace `use_container_width` with `width`.

`use_container_width` will be removed after 2025-12-31.

For `use_container_width=True`, use `width='stretch'`. For `use_container_width=False`, use `width='content'`.
2025-09-22 12:00:35.724 Please replace `use_container_width` with `width`.

`use_container_width` will be removed after 2025-12-31.

For `use_container_width=True`, use `width='stretch'`. For `use_container_width=False`, use `width='content'`.
2025-09-22 12:01:06.801 Please replace `use_container_width` with `width`.

`use_container_width` will be removed after 2025-12-31.

For `use_container_width=True`, use `width='stretch'`. For `use_container_width=False`, use `width='content'`.
2025-09-22 12:01:37.936 Please replace `use_container_width` with `width`.

`use_container_width` will be removed after 2025-12-31.

For `use_container_width=True`, use `width='stretch'`. For `use_container_width=False`, use `width='content'`.
2025-09-22 12:30:06.593 Please replace `use_container_width` with `width`.

`use_container_width` will be removed after 2025-12-31.

For `use_container_width=True`, use `width='stretch'`. For `use_container_width=False`, use `width='content'`.
2025-09-22 12:30:37.764 Please replace `use_container_width` with `width`.

`use_container_width` will be removed after 2025-12-31.

For `use_container_width=True`, use `width='stretch'`. For `use_container_width=False`, use `width='content'`.
2025-09-22 12:31:08.774 Please replace `use_container_width` with `width`.

`use_container_width` will be removed after 2025-12-31.

For `use_container_width=True`, use `width='stretch'`. For `use_container_width=False`, use `width='content'`.
2025-09-22 12:31:39.914 Please replace `use_container_width` with `width`.

`use_container_width` will be removed after 2025-12-31.

For `use_container_width=True`, use `width='stretch'`. For `use_container_width=False`, use `width='content'`.
2025-09-22 12:36:07.037 Please replace `use_container_width` with `width`.

`use_container_width` will be removed after 2025-12-31.

For `use_container_width=True`, use `width='stretch'`. For `use_container_width=False`, use `width='content'`.
2025-09-22 12:40:55.005 Please replace `use_container_width` with `width`.

`use_container_width` will be removed after 2025-12-31.

For `use_container_width=True`, use `width='stretch'`. For `use_container_width=False`, use `width='content'`.
2025-09-22 12:41:25.968 Please replace `use_container_width` with `width`.

`use_container_width` will be removed after 2025-12-31.

For `use_container_width=True`, use `width='stretch'`. For `use_container_width=False`, use `width='content'`.
2025-09-22 12:41:56.880 Please replace `use_container_width` with `width`.

`use_container_width` will be removed after 2025-12-31.

For `use_container_width=True`, use `width='stretch'`. For `use_container_width=False`, use `width='content'`.
2025-09-22 12:42:27.982 Please replace `use_container_width` with `width`.

`use_container_width` will be removed after 2025-12-31.

For `use_container_width=True`, use `width='stretch'`. For `use_container_width=False`, use `width='content'`.
2025-09-22 12:42:59.180 Please replace `use_container_width` with `width`.

`use_container_width` will be removed after 2025-12-31.

For `use_container_width=True`, use `width='stretch'`. For `use_container_width=False`, use `width='content'`.
2025-09-22 12:43:30.083 Please replace `use_container_width` with `width`.

`use_container_width` will be removed after 2025-12-31.

For `use_container_width=True`, use `width='stretch'`. For `use_container_width=False`, use `width='content'`.
2025-09-22 12:44:01.168 Please replace `use_container_width` with `width`.

`use_container_width` will be removed after 2025-12-31.

For `use_container_width=True`, use `width='stretch'`. For `use_container_width=False`, use `width='content'`.
2025-09-22 12:44:32.311 Please replace `use_container_width` with `width`.

`use_container_width` will be removed after 2025-12-31.

For `use_container_width=True`, use `width='stretch'`. For `use_container_width=False`, use `width='content'`.
2025-09-22 12:45:03.481 Please replace `use_container_width` with `width`.

`use_container_width` will be removed after 2025-12-31.

For `use_container_width=True`, use `width='stretch'`. For `use_container_width=False`, use `width='content'`.
2025-09-22 12:45:34.475 Please replace `use_container_width` with `width`.

`use_container_width` will be removed after 2025-12-31.

For `use_container_width=True`, use `width='stretch'`. For `use_container_width=False`, use `width='content'`.
2025-09-22 12:46:46.514 Please replace `use_container_width` with `width`.

`use_container_width` will be removed after 2025-12-31.

For `use_container_width=True`, use `width='stretch'`. For `use_container_width=False`, use `width='content'`.
2025-09-22 12:46:57.114 Please replace `use_container_width` with `width`.

`use_container_width` will be removed after 2025-12-31.

For `use_container_width=True`, use `width='stretch'`. For `use_container_width=False`, use `width='content'`.
2025-09-22 12:47:28.348 Please replace `use_container_width` with `width`.

`use_container_width` will be removed after 2025-12-31.

For `use_container_width=True`, use `width='stretch'`. For `use_container_width=False`, use `width='content'`.
2025-09-22 12:47:59.433 Please replace `use_container_width` with `width`.

`use_container_width` will be removed after 2025-12-31.

For `use_container_width=True`, use `width='stretch'`. For `use_container_width=False`, use `width='content'`.
2025-09-22 12:49:08.857 Please replace `use_container_width` with `width`.

`use_container_width` will be removed after 2025-12-31.

For `use_container_width=True`, use `width='stretch'`. For `use_container_width=False`, use `width='content'`.
2025-09-22 12:49:25.214 Please replace `use_container_width` with `width`.

`use_container_width` will be removed after 2025-12-31.

For `use_container_width=True`, use `width='stretch'`. For `use_container_width=False`, use `width='content'`.
2025-09-22 12:49:56.375 Please replace `use_container_width` with `width`.

`use_container_width` will be removed after 2025-12-31.

For `use_container_width=True`, use `width='stretch'`. For `use_container_width=False`, use `width='content'`.
2025-09-22 12:50:27.399 Please replace `use_container_width` with `width`.

`use_container_width` will be removed after 2025-12-31.

For `use_container_width=True`, use `width='stretch'`. For `use_container_width=False`, use `width='content'`.
2025-09-22 12:50:58.391 Please replace `use_container_width` with `width`.

`use_container_width` will be removed after 2025-12-31.

For `use_container_width=True`, use `width='stretch'`. For `use_container_width=False`, use `width='content'`.
2025-09-22 12:51:29.571 Please replace `use_container_width` with `width`.

`use_container_width` will be removed after 2025-12-31.

For `use_container_width=True`, use `width='stretch'`. For `use_container_width=False`, use `width='content'`.
2025-09-22 12:52:00.651 Please replace `use_container_width` with `width`.

`use_container_width` will be removed after 2025-12-31.

For `use_container_width=True`, use `width='stretch'`. For `use_container_width=False`, use `width='content'`.
2025-09-22 12:52:31.764 Please replace `use_container_width` with `width`.

`use_container_width` will be removed after 2025-12-31.

For `use_container_width=True`, use `width='stretch'`. For `use_container_width=False`, use `width='content'`.
2025-09-22 12:53:02.929 Please replace `use_container_width` with `width`.

`use_container_width` will be removed after 2025-12-31.

For `use_container_width=True`, use `width='stretch'`. For `use_container_width=False`, use `width='content'`.
2025-09-22 12:53:34.142 Please replace `use_container_width` with `width`.

`use_container_width` will be removed after 2025-12-31.

For `use_container_width=True`, use `width='stretch'`. For `use_container_width=False`, use `width='content'`.
2025-09-22 12:54:05.275 Please replace `use_container_width` with `width`.

`use_container_width` will be removed after 2025-12-31.

For `use_container_width=True`, use `width='stretch'`. For `use_container_width=False`, use `width='content'`.
2025-09-22 12:54:36.249 Please replace `use_container_width` with `width`.

`use_container_width` will be removed after 2025-12-31.

For `use_container_width=True`, use `width='stretch'`. For `use_container_width=False`, use `width='content'`.
2025-09-22 12:55:07.428 Please replace `use_container_width` with `width`.

`use_container_width` will be removed after 2025-12-31.

For `use_container_width=True`, use `width='stretch'`. For `use_container_width=False`, use `width='content'`.
2025-09-22 12:55:38.429 Please replace `use_container_width` with `width`.

`use_container_width` will be removed after 2025-12-31.

For `use_container_width=True`, use `width='stretch'`. For `use_container_width=False`, use `width='content'`.
2025-09-22 12:56:09.525 Please replace `use_container_width` with `width`.

`use_container_width` will be removed after 2025-12-31.

For `use_container_width=True`, use `width='stretch'`. For `use_container_width=False`, use `width='content'`.
2025-09-22 12:56:40.559 Please replace `use_container_width` with `width`.

`use_container_width` will be removed after 2025-12-31.

For `use_container_width=True`, use `width='stretch'`. For `use_container_width=False`, use `width='content'`.
2025-09-22 12:57:11.597 Please replace `use_container_width` with `width`.

`use_container_width` will be removed after 2025-12-31.

For `use_container_width=True`, use `width='stretch'`. For `use_container_width=False`, use `width='content'`.
2025-09-22 12:57:42.864 Please replace `use_container_width` with `width`.

`use_container_width` will be removed after 2025-12-31.

For `use_container_width=True`, use `width='stretch'`. For `use_container_width=False`, use `width='content'`.
2025-09-22 12:58:14.102 Please replace `use_container_width` with `width`.

`use_container_width` will be removed after 2025-12-31.

For `use_container_width=True`, use `width='stretch'`. For `use_container_width=False`, use `width='content'`.
2025-09-22 12:58:45.131 Please replace `use_container_width` with `width`.

`use_container_width` will be removed after 2025-12-31.

For `use_container_width=True`, use `width='stretch'`. For `use_container_width=False`, use `width='content'`.
2025-09-22 12:59:16.372 Please replace `use_container_width` with `width`.

`use_container_width` will be removed after 2025-12-31.

For `use_container_width=True`, use `width='stretch'`. For `use_container_width=False`, use `width='content'`.
2025-09-22 12:59:47.543 Please replace `use_container_width` with `width`.

`use_container_width` will be removed after 2025-12-31.

For `use_container_width=True`, use `width='stretch'`. For `use_container_width=False`, use `width='content'`.
2025-09-22 13:00:18.704 Please replace `use_container_width` with `width`.

`use_container_width` will be removed after 2025-12-31.

For `use_container_width=True`, use `width='stretch'`. For `use_container_width=False`, use `width='content'`.
2025-09-22 13:00:49.730 Please replace `use_container_width` with `width`.

`use_container_width` will be removed after 2025-12-31.

For `use_container_width=True`, use `width='stretch'`. For `use_container_width=False`, use `width='content'`.
2025-09-22 13:01:20.612 Please replace `use_container_width` with `width`.

`use_container_width` will be removed after 2025-12-31.

For `use_container_width=True`, use `width='stretch'`. For `use_container_width=False`, use `width='content'`.
2025-09-22 13:01:51.611 Please replace `use_container_width` with `width`.

`use_container_width` will be removed after 2025-12-31.

For `use_container_width=True`, use `width='stretch'`. For `use_container_width=False`, use `width='content'`.
2025-09-22 13:02:22.803 Please replace `use_container_width` with `width`.

`use_container_width` will be removed after 2025-12-31.

For `use_container_width=True`, use `width='stretch'`. For `use_container_width=False`, use `width='content'`.
2025-09-22 13:02:53.970 Please replace `use_container_width` with `width`.

`use_container_width` will be removed after 2025-12-31.

For `use_container_width=True`, use `width='stretch'`. For `use_container_width=False`, use `width='content'`.
2025-09-22 13:03:25.219 Please replace `use_container_width` with `width`.

`use_container_width` will be removed after 2025-12-31.

For `use_container_width=True`, use `width='stretch'`. For `use_container_width=False`, use `width='content'`.
2025-09-22 13:03:56.421 Please replace `use_container_width` with `width`.

`use_container_width` will be removed after 2025-12-31.

For `use_container_width=True`, use `width='stretch'`. For `use_container_width=False`, use `width='content'`.
2025-09-22 13:04:27.738 Please replace `use_container_width` with `width`.

`use_container_width` will be removed after 2025-12-31.

For `use_container_width=True`, use `width='stretch'`. For `use_container_width=False`, use `width='content'`.
2025-09-22 13:04:58.990 Please replace `use_container_width` with `width`.

`use_container_width` will be removed after 2025-12-31.

For `use_container_width=True`, use `width='stretch'`. For `use_container_width=False`, use `width='content'`.
2025-09-22 13:05:30.130 Please replace `use_container_width` with `width`.

`use_container_width` will be removed after 2025-12-31.

For `use_container_width=True`, use `width='stretch'`. For `use_container_width=False`, use `width='content'`.
2025-09-22 13:06:01.196 Please replace `use_container_width` with `width`.

`use_container_width` will be removed after 2025-12-31.

For `use_container_width=True`, use `width='stretch'`. For `use_container_width=False`, use `width='content'`.
2025-09-22 13:06:32.328 Please replace `use_container_width` with `width`.

`use_container_width` will be removed after 2025-12-31.

For `use_container_width=True`, use `width='stretch'`. For `use_container_width=False`, use `width='content'`.
2025-09-22 13:07:03.516 Please replace `use_container_width` with `width`.

`use_container_width` will be removed after 2025-12-31.

For `use_container_width=True`, use `width='stretch'`. For `use_container_width=False`, use `width='content'`.
2025-09-22 13:07:34.616 Please replace `use_container_width` with `width`.

`use_container_width` will be removed after 2025-12-31.

For `use_container_width=True`, use `width='stretch'`. For `use_container_width=False`, use `width='content'`.
2025-09-22 13:08:05.781 Please replace `use_container_width` with `width`.

`use_container_width` will be removed after 2025-12-31.

For `use_container_width=True`, use `width='stretch'`. For `use_container_width=False`, use `width='content'`.
2025-09-22 13:08:36.741 Please replace `use_container_width` with `width`.

`use_container_width` will be removed after 2025-12-31.

For `use_container_width=True`, use `width='stretch'`. For `use_container_width=False`, use `width='content'`.
2025-09-22 13:09:07.815 Please replace `use_container_width` with `width`.

`use_container_width` will be removed after 2025-12-31.

For `use_container_width=True`, use `width='stretch'`. For `use_container_width=False`, use `width='content'`.
2025-09-22 13:09:38.929 Please replace `use_container_width` with `width`.

`use_container_width` will be removed after 2025-12-31.

For `use_container_width=True`, use `width='stretch'`. For `use_container_width=False`, use `width='content'`.
2025-09-22 13:10:10.039 Please replace `use_container_width` with `width`.

`use_container_width` will be removed after 2025-12-31.

For `use_container_width=True`, use `width='stretch'`. For `use_container_width=False`, use `width='content'`.
2025-09-22 13:10:41.188 Please replace `use_container_width` with `width`.

`use_container_width` will be removed after 2025-12-31.

For `use_container_width=True`, use `width='stretch'`. For `use_container_width=False`, use `width='content'`.
2025-09-22 13:11:12.283 Please replace `use_container_width` with `width`.

`use_container_width` will be removed after 2025-12-31.

For `use_container_width=True`, use `width='stretch'`. For `use_container_width=False`, use `width='content'`.
2025-09-22 13:11:43.442 Please replace `use_container_width` with `width`.

`use_container_width` will be removed after 2025-12-31.

For `use_container_width=True`, use `width='stretch'`. For `use_container_width=False`, use `width='content'`.
2025-09-22 13:12:14.519 Please replace `use_container_width` with `width`.

`use_container_width` will be removed after 2025-12-31.

For `use_container_width=True`, use `width='stretch'`. For `use_container_width=False`, use `width='content'`.
2025-09-22 13:12:45.715 Please replace `use_container_width` with `width`.

`use_container_width` will be removed after 2025-12-31.

For `use_container_width=True`, use `width='stretch'`. For `use_container_width=False`, use `width='content'`.
2025-09-22 13:13:16.951 Please replace `use_container_width` with `width`.

`use_container_width` will be removed after 2025-12-31.

For `use_container_width=True`, use `width='stretch'`. For `use_container_width=False`, use `width='content'`.
2025-09-22 13:13:48.106 Please replace `use_container_width` with `width`.

`use_container_width` will be removed after 2025-12-31.

For `use_container_width=True`, use `width='stretch'`. For `use_container_width=False`, use `width='content'`.
2025-09-22 13:14:19.143 Please replace `use_container_width` with `width`.

`use_container_width` will be removed after 2025-12-31.

For `use_container_width=True`, use `width='stretch'`. For `use_container_width=False`, use `width='content'`.
2025-09-22 13:14:50.327 Please replace `use_container_width` with `width`.

`use_container_width` will be removed after 2025-12-31.

For `use_container_width=True`, use `width='stretch'`. For `use_container_width=False`, use `width='content'`.
2025-09-22 13:15:21.356 Please replace `use_container_width` with `width`.

`use_container_width` will be removed after 2025-12-31.

For `use_container_width=True`, use `width='stretch'`. For `use_container_width=False`, use `width='content'`.
2025-09-22 13:15:52.341 Please replace `use_container_width` with `width`.

`use_container_width` will be removed after 2025-12-31.

For `use_container_width=True`, use `width='stretch'`. For `use_container_width=False`, use `width='content'`.
2025-09-22 13:16:23.358 Please replace `use_container_width` with `width`.

`use_container_width` will be removed after 2025-12-31.

For `use_container_width=True`, use `width='stretch'`. For `use_container_width=False`, use `width='content'`.
2025-09-22 13:16:54.564 Please replace `use_container_width` with `width`.

`use_container_width` will be removed after 2025-12-31.

For `use_container_width=True`, use `width='stretch'`. For `use_container_width=False`, use `width='content'`.
2025-09-22 13:17:25.550 Please replace `use_container_width` with `width`.

`use_container_width` will be removed after 2025-12-31.

For `use_container_width=True`, use `width='stretch'`. For `use_container_width=False`, use `width='content'`.
2025-09-22 13:17:56.643 Please replace `use_container_width` with `width`.

`use_container_width` will be removed after 2025-12-31.

For `use_container_width=True`, use `width='stretch'`. For `use_container_width=False`, use `width='content'`.
2025-09-22 13:18:27.771 Please replace `use_container_width` with `width`.

`use_container_width` will be removed after 2025-12-31.

For `use_container_width=True`, use `width='stretch'`. For `use_container_width=False`, use `width='content'`.
2025-09-22 13:18:58.691 Please replace `use_container_width` with `width`.

`use_container_width` will be removed after 2025-12-31.

For `use_container_width=True`, use `width='stretch'`. For `use_container_width=False`, use `width='content'`.
2025-09-22 13:19:29.863 Please replace `use_container_width` with `width`.

`use_container_width` will be removed after 2025-12-31.

For `use_container_width=True`, use `width='stretch'`. For `use_container_width=False`, use `width='content'`.
2025-09-22 13:20:01.038 Please replace `use_container_width` with `width`.

`use_container_width` will be removed after 2025-12-31.

For `use_container_width=True`, use `width='stretch'`. For `use_container_width=False`, use `width='content'`.
2025-09-22 13:20:32.290 Please replace `use_container_width` with `width`.

`use_container_width` will be removed after 2025-12-31.

For `use_container_width=True`, use `width='stretch'`. For `use_container_width=False`, use `width='content'`.
2025-09-22 13:21:03.536 Please replace `use_container_width` with `width`.

`use_container_width` will be removed after 2025-12-31.

For `use_container_width=True`, use `width='stretch'`. For `use_container_width=False`, use `width='content'`.
2025-09-22 13:21:34.696 Please replace `use_container_width` with `width`.

`use_container_width` will be removed after 2025-12-31.

For `use_container_width=True`, use `width='stretch'`. For `use_container_width=False`, use `width='content'`.
2025-09-22 13:22:05.944 Please replace `use_container_width` with `width`.

`use_container_width` will be removed after 2025-12-31.

For `use_container_width=True`, use `width='stretch'`. For `use_container_width=False`, use `width='content'`.
2025-09-22 13:22:37.154 Please replace `use_container_width` with `width`.

`use_container_width` will be removed after 2025-12-31.

For `use_container_width=True`, use `width='stretch'`. For `use_container_width=False`, use `width='content'`.
2025-09-22 13:23:08.255 Please replace `use_container_width` with `width`.

`use_container_width` will be removed after 2025-12-31.

For `use_container_width=True`, use `width='stretch'`. For `use_container_width=False`, use `width='content'`.
2025-09-22 13:23:39.260 Please replace `use_container_width` with `width`.

`use_container_width` will be removed after 2025-12-31.

For `use_container_width=True`, use `width='stretch'`. For `use_container_width=False`, use `width='content'`.
2025-09-22 13:24:10.245 Please replace `use_container_width` with `width`.

`use_container_width` will be removed after 2025-12-31.

For `use_container_width=True`, use `width='stretch'`. For `use_container_width=False`, use `width='content'`.
2025-09-22 13:24:41.299 Please replace `use_container_width` with `width`.

`use_container_width` will be removed after 2025-12-31.

For `use_container_width=True`, use `width='stretch'`. For `use_container_width=False`, use `width='content'`.
2025-09-22 13:25:12.326 Please replace `use_container_width` with `width`.

`use_container_width` will be removed after 2025-12-31.

For `use_container_width=True`, use `width='stretch'`. For `use_container_width=False`, use `width='content'`.
2025-09-22 13:25:43.445 Please replace `use_container_width` with `width`.

`use_container_width` will be removed after 2025-12-31.

For `use_container_width=True`, use `width='stretch'`. For `use_container_width=False`, use `width='content'`.
2025-09-22 13:26:14.511 Please replace `use_container_width` with `width`.

`use_container_width` will be removed after 2025-12-31.

For `use_container_width=True`, use `width='stretch'`. For `use_container_width=False`, use `width='content'`.
2025-09-22 13:26:45.753 Please replace `use_container_width` with `width`.

`use_container_width` will be removed after 2025-12-31.

For `use_container_width=True`, use `width='stretch'`. For `use_container_width=False`, use `width='content'`.
2025-09-22 13:27:16.736 Please replace `use_container_width` with `width`.

`use_container_width` will be removed after 2025-12-31.

For `use_container_width=True`, use `width='stretch'`. For `use_container_width=False`, use `width='content'`.
2025-09-22 13:27:47.702 Please replace `use_container_width` with `width`.

`use_container_width` will be removed after 2025-12-31.

For `use_container_width=True`, use `width='stretch'`. For `use_container_width=False`, use `width='content'`.
2025-09-22 13:28:18.936 Please replace `use_container_width` with `width`.

`use_container_width` will be removed after 2025-12-31.

For `use_container_width=True`, use `width='stretch'`. For `use_container_width=False`, use `width='content'`.
2025-09-22 13:28:50.166 Please replace `use_container_width` with `width`.

`use_container_width` will be removed after 2025-12-31.

For `use_container_width=True`, use `width='stretch'`. For `use_container_width=False`, use `width='content'`.
2025-09-22 13:29:21.191 Please replace `use_container_width` with `width`.

`use_container_width` will be removed after 2025-12-31.

For `use_container_width=True`, use `width='stretch'`. For `use_container_width=False`, use `width='content'`.
2025-09-22 13:29:52.482 Please replace `use_container_width` with `width`.

`use_container_width` will be removed after 2025-12-31.

For `use_container_width=True`, use `width='stretch'`. For `use_container_width=False`, use `width='content'`.
2025-09-22 13:31:04.496 Please replace `use_container_width` with `width`.

`use_container_width` will be removed after 2025-12-31.

For `use_container_width=True`, use `width='stretch'`. For `use_container_width=False`, use `width='content'`.
2025-09-22 13:31:35.686 Please replace `use_container_width` with `width`.

`use_container_width` will be removed after 2025-12-31.

For `use_container_width=True`, use `width='stretch'`. For `use_container_width=False`, use `width='content'`.
2025-09-22 13:31:37.894 Please replace `use_container_width` with `width`.

`use_container_width` will be removed after 2025-12-31.

For `use_container_width=True`, use `width='stretch'`. For `use_container_width=False`, use `width='content'`.
/data02/wanghy/server_status/data_analyzer.py:43: FutureWarning:

'H' is deprecated and will be removed in a future version, please use 'h' instead.

/data02/wanghy/server_status/data_analyzer.py:87: FutureWarning:

'H' is deprecated and will be removed in a future version, please use 'h' instead.

/data02/wanghy/server_status/data_analyzer.py:43: FutureWarning:

'H' is deprecated and will be removed in a future version, please use 'h' instead.

/data02/wanghy/server_status/data_analyzer.py:87: FutureWarning:

'H' is deprecated and will be removed in a future version, please use 'h' instead.

/data02/wanghy/server_status/data_analyzer.py:43: FutureWarning:

'H' is deprecated and will be removed in a future version, please use 'h' instead.

/data02/wanghy/server_status/data_analyzer.py:87: FutureWarning:

'H' is deprecated and will be removed in a future version, please use 'h' instead.

2025-09-22 13:44:20.738 Please replace `use_container_width` with `width`.

`use_container_width` will be removed after 2025-12-31.

For `use_container_width=True`, use `width='stretch'`. For `use_container_width=False`, use `width='content'`.
2025-09-22 13:44:51.808 Please replace `use_container_width` with `width`.

`use_container_width` will be removed after 2025-12-31.

For `use_container_width=True`, use `width='stretch'`. For `use_container_width=False`, use `width='content'`.
2025-09-22 13:45:23.051 Please replace `use_container_width` with `width`.

`use_container_width` will be removed after 2025-12-31.

For `use_container_width=True`, use `width='stretch'`. For `use_container_width=False`, use `width='content'`.
2025-09-22 13:45:54.308 Please replace `use_container_width` with `width`.

`use_container_width` will be removed after 2025-12-31.

For `use_container_width=True`, use `width='stretch'`. For `use_container_width=False`, use `width='content'`.
2025-09-22 13:46:25.555 Please replace `use_container_width` with `width`.

`use_container_width` will be removed after 2025-12-31.

For `use_container_width=True`, use `width='stretch'`. For `use_container_width=False`, use `width='content'`.
2025-09-22 13:46:56.718 Please replace `use_container_width` with `width`.

`use_container_width` will be removed after 2025-12-31.

For `use_container_width=True`, use `width='stretch'`. For `use_container_width=False`, use `width='content'`.
2025-09-22 13:47:27.905 Please replace `use_container_width` with `width`.

`use_container_width` will be removed after 2025-12-31.

For `use_container_width=True`, use `width='stretch'`. For `use_container_width=False`, use `width='content'`.
2025-09-22 13:47:58.952 Please replace `use_container_width` with `width`.

`use_container_width` will be removed after 2025-12-31.

For `use_container_width=True`, use `width='stretch'`. For `use_container_width=False`, use `width='content'`.
2025-09-22 13:48:30.109 Please replace `use_container_width` with `width`.

`use_container_width` will be removed after 2025-12-31.

For `use_container_width=True`, use `width='stretch'`. For `use_container_width=False`, use `width='content'`.
2025-09-22 13:49:01.371 Please replace `use_container_width` with `width`.

`use_container_width` will be removed after 2025-12-31.

For `use_container_width=True`, use `width='stretch'`. For `use_container_width=False`, use `width='content'`.
2025-09-22 13:49:32.502 Please replace `use_container_width` with `width`.

`use_container_width` will be removed after 2025-12-31.

For `use_container_width=True`, use `width='stretch'`. For `use_container_width=False`, use `width='content'`.
2025-09-22 13:50:03.714 Please replace `use_container_width` with `width`.

`use_container_width` will be removed after 2025-12-31.

For `use_container_width=True`, use `width='stretch'`. For `use_container_width=False`, use `width='content'`.
2025-09-22 13:50:34.901 Please replace `use_container_width` with `width`.

`use_container_width` will be removed after 2025-12-31.

For `use_container_width=True`, use `width='stretch'`. For `use_container_width=False`, use `width='content'`.
2025-09-22 13:51:05.836 Please replace `use_container_width` with `width`.

`use_container_width` will be removed after 2025-12-31.

For `use_container_width=True`, use `width='stretch'`. For `use_container_width=False`, use `width='content'`.
2025-09-22 13:51:36.887 Please replace `use_container_width` with `width`.

`use_container_width` will be removed after 2025-12-31.

For `use_container_width=True`, use `width='stretch'`. For `use_container_width=False`, use `width='content'`.
2025-09-22 13:52:08.045 Please replace `use_container_width` with `width`.

`use_container_width` will be removed after 2025-12-31.

For `use_container_width=True`, use `width='stretch'`. For `use_container_width=False`, use `width='content'`.
2025-09-22 13:52:39.194 Please replace `use_container_width` with `width`.

`use_container_width` will be removed after 2025-12-31.

For `use_container_width=True`, use `width='stretch'`. For `use_container_width=False`, use `width='content'`.
2025-09-22 13:53:10.477 Please replace `use_container_width` with `width`.

`use_container_width` will be removed after 2025-12-31.

For `use_container_width=True`, use `width='stretch'`. For `use_container_width=False`, use `width='content'`.
2025-09-22 13:53:41.730 Please replace `use_container_width` with `width`.

`use_container_width` will be removed after 2025-12-31.

For `use_container_width=True`, use `width='stretch'`. For `use_container_width=False`, use `width='content'`.
2025-09-22 13:54:12.810 Please replace `use_container_width` with `width`.

`use_container_width` will be removed after 2025-12-31.

For `use_container_width=True`, use `width='stretch'`. For `use_container_width=False`, use `width='content'`.
2025-09-22 13:54:44.081 Please replace `use_container_width` with `width`.

`use_container_width` will be removed after 2025-12-31.

For `use_container_width=True`, use `width='stretch'`. For `use_container_width=False`, use `width='content'`.
2025-09-22 13:55:15.165 Please replace `use_container_width` with `width`.

`use_container_width` will be removed after 2025-12-31.

For `use_container_width=True`, use `width='stretch'`. For `use_container_width=False`, use `width='content'`.
2025-09-22 13:55:46.184 Please replace `use_container_width` with `width`.

`use_container_width` will be removed after 2025-12-31.

For `use_container_width=True`, use `width='stretch'`. For `use_container_width=False`, use `width='content'`.
2025-09-22 13:56:17.388 Please replace `use_container_width` with `width`.

`use_container_width` will be removed after 2025-12-31.

For `use_container_width=True`, use `width='stretch'`. For `use_container_width=False`, use `width='content'`.
2025-09-22 13:56:48.445 Please replace `use_container_width` with `width`.

`use_container_width` will be removed after 2025-12-31.

For `use_container_width=True`, use `width='stretch'`. For `use_container_width=False`, use `width='content'`.
2025-09-22 13:57:19.857 Please replace `use_container_width` with `width`.

`use_container_width` will be removed after 2025-12-31.

For `use_container_width=True`, use `width='stretch'`. For `use_container_width=False`, use `width='content'`.
2025-09-22 13:57:51.073 Please replace `use_container_width` with `width`.

`use_container_width` will be removed after 2025-12-31.

For `use_container_width=True`, use `width='stretch'`. For `use_container_width=False`, use `width='content'`.
2025-09-22 13:58:22.130 Please replace `use_container_width` with `width`.

`use_container_width` will be removed after 2025-12-31.

For `use_container_width=True`, use `width='stretch'`. For `use_container_width=False`, use `width='content'`.
2025-09-22 13:58:53.526 Please replace `use_container_width` with `width`.

`use_container_width` will be removed after 2025-12-31.

For `use_container_width=True`, use `width='stretch'`. For `use_container_width=False`, use `width='content'`.
2025-09-22 13:59:24.720 Please replace `use_container_width` with `width`.

`use_container_width` will be removed after 2025-12-31.

For `use_container_width=True`, use `width='stretch'`. For `use_container_width=False`, use `width='content'`.
2025-09-22 13:59:55.914 Please replace `use_container_width` with `width`.

`use_container_width` will be removed after 2025-12-31.

For `use_container_width=True`, use `width='stretch'`. For `use_container_width=False`, use `width='content'`.
2025-09-22 14:00:27.142 Please replace `use_container_width` with `width`.

`use_container_width` will be removed after 2025-12-31.

For `use_container_width=True`, use `width='stretch'`. For `use_container_width=False`, use `width='content'`.
2025-09-22 14:00:58.374 Please replace `use_container_width` with `width`.

`use_container_width` will be removed after 2025-12-31.

For `use_container_width=True`, use `width='stretch'`. For `use_container_width=False`, use `width='content'`.
2025-09-22 14:01:29.542 Please replace `use_container_width` with `width`.

`use_container_width` will be removed after 2025-12-31.

For `use_container_width=True`, use `width='stretch'`. For `use_container_width=False`, use `width='content'`.
2025-09-22 14:02:00.635 Please replace `use_container_width` with `width`.

`use_container_width` will be removed after 2025-12-31.

For `use_container_width=True`, use `width='stretch'`. For `use_container_width=False`, use `width='content'`.
2025-09-22 14:02:31.761 Please replace `use_container_width` with `width`.

`use_container_width` will be removed after 2025-12-31.

For `use_container_width=True`, use `width='stretch'`. For `use_container_width=False`, use `width='content'`.
2025-09-22 14:03:02.992 Please replace `use_container_width` with `width`.

`use_container_width` will be removed after 2025-12-31.

For `use_container_width=True`, use `width='stretch'`. For `use_container_width=False`, use `width='content'`.
2025-09-22 14:03:34.192 Please replace `use_container_width` with `width`.

`use_container_width` will be removed after 2025-12-31.

For `use_container_width=True`, use `width='stretch'`. For `use_container_width=False`, use `width='content'`.
2025-09-22 14:04:05.340 Please replace `use_container_width` with `width`.

`use_container_width` will be removed after 2025-12-31.

For `use_container_width=True`, use `width='stretch'`. For `use_container_width=False`, use `width='content'`.
2025-09-22 14:04:36.463 Please replace `use_container_width` with `width`.

`use_container_width` will be removed after 2025-12-31.

For `use_container_width=True`, use `width='stretch'`. For `use_container_width=False`, use `width='content'`.
2025-09-22 14:05:07.695 Please replace `use_container_width` with `width`.

`use_container_width` will be removed after 2025-12-31.

For `use_container_width=True`, use `width='stretch'`. For `use_container_width=False`, use `width='content'`.
2025-09-22 14:05:38.854 Please replace `use_container_width` with `width`.

`use_container_width` will be removed after 2025-12-31.

For `use_container_width=True`, use `width='stretch'`. For `use_container_width=False`, use `width='content'`.
2025-09-22 14:06:10.094 Please replace `use_container_width` with `width`.

`use_container_width` will be removed after 2025-12-31.

For `use_container_width=True`, use `width='stretch'`. For `use_container_width=False`, use `width='content'`.
2025-09-22 14:06:41.143 Please replace `use_container_width` with `width`.

`use_container_width` will be removed after 2025-12-31.

For `use_container_width=True`, use `width='stretch'`. For `use_container_width=False`, use `width='content'`.
2025-09-22 14:07:12.220 Please replace `use_container_width` with `width`.

`use_container_width` will be removed after 2025-12-31.

For `use_container_width=True`, use `width='stretch'`. For `use_container_width=False`, use `width='content'`.
2025-09-22 14:07:43.533 Please replace `use_container_width` with `width`.

`use_container_width` will be removed after 2025-12-31.

For `use_container_width=True`, use `width='stretch'`. For `use_container_width=False`, use `width='content'`.
2025-09-22 14:08:14.530 Please replace `use_container_width` with `width`.

`use_container_width` will be removed after 2025-12-31.

For `use_container_width=True`, use `width='stretch'`. For `use_container_width=False`, use `width='content'`.
2025-09-22 14:08:45.699 Please replace `use_container_width` with `width`.

`use_container_width` will be removed after 2025-12-31.

For `use_container_width=True`, use `width='stretch'`. For `use_container_width=False`, use `width='content'`.
2025-09-22 14:09:16.969 Please replace `use_container_width` with `width`.

`use_container_width` will be removed after 2025-12-31.

For `use_container_width=True`, use `width='stretch'`. For `use_container_width=False`, use `width='content'`.
2025-09-22 14:09:48.068 Please replace `use_container_width` with `width`.

`use_container_width` will be removed after 2025-12-31.

For `use_container_width=True`, use `width='stretch'`. For `use_container_width=False`, use `width='content'`.
2025-09-22 14:10:19.157 Please replace `use_container_width` with `width`.

`use_container_width` will be removed after 2025-12-31.

For `use_container_width=True`, use `width='stretch'`. For `use_container_width=False`, use `width='content'`.
2025-09-22 14:10:50.297 Please replace `use_container_width` with `width`.

`use_container_width` will be removed after 2025-12-31.

For `use_container_width=True`, use `width='stretch'`. For `use_container_width=False`, use `width='content'`.
2025-09-22 14:11:21.459 Please replace `use_container_width` with `width`.

`use_container_width` will be removed after 2025-12-31.

For `use_container_width=True`, use `width='stretch'`. For `use_container_width=False`, use `width='content'`.
2025-09-22 14:11:52.554 Please replace `use_container_width` with `width`.

`use_container_width` will be removed after 2025-12-31.

For `use_container_width=True`, use `width='stretch'`. For `use_container_width=False`, use `width='content'`.
2025-09-22 14:12:23.646 Please replace `use_container_width` with `width`.

`use_container_width` will be removed after 2025-12-31.

For `use_container_width=True`, use `width='stretch'`. For `use_container_width=False`, use `width='content'`.
2025-09-22 14:12:54.828 Please replace `use_container_width` with `width`.

`use_container_width` will be removed after 2025-12-31.

For `use_container_width=True`, use `width='stretch'`. For `use_container_width=False`, use `width='content'`.
2025-09-22 14:13:25.905 Please replace `use_container_width` with `width`.

`use_container_width` will be removed after 2025-12-31.

For `use_container_width=True`, use `width='stretch'`. For `use_container_width=False`, use `width='content'`.
2025-09-22 14:13:56.910 Please replace `use_container_width` with `width`.

`use_container_width` will be removed after 2025-12-31.

For `use_container_width=True`, use `width='stretch'`. For `use_container_width=False`, use `width='content'`.
2025-09-22 14:14:27.950 Please replace `use_container_width` with `width`.

`use_container_width` will be removed after 2025-12-31.

For `use_container_width=True`, use `width='stretch'`. For `use_container_width=False`, use `width='content'`.
2025-09-22 14:14:59.088 Please replace `use_container_width` with `width`.

`use_container_width` will be removed after 2025-12-31.

For `use_container_width=True`, use `width='stretch'`. For `use_container_width=False`, use `width='content'`.
2025-09-22 14:15:30.271 Please replace `use_container_width` with `width`.

`use_container_width` will be removed after 2025-12-31.

For `use_container_width=True`, use `width='stretch'`. For `use_container_width=False`, use `width='content'`.
2025-09-22 14:16:01.461 Please replace `use_container_width` with `width`.

`use_container_width` will be removed after 2025-12-31.

For `use_container_width=True`, use `width='stretch'`. For `use_container_width=False`, use `width='content'`.
2025-09-22 14:16:32.664 Please replace `use_container_width` with `width`.

`use_container_width` will be removed after 2025-12-31.

For `use_container_width=True`, use `width='stretch'`. For `use_container_width=False`, use `width='content'`.
2025-09-22 14:17:03.678 Please replace `use_container_width` with `width`.

`use_container_width` will be removed after 2025-12-31.

For `use_container_width=True`, use `width='stretch'`. For `use_container_width=False`, use `width='content'`.
2025-09-22 14:17:34.838 Please replace `use_container_width` with `width`.

`use_container_width` will be removed after 2025-12-31.

For `use_container_width=True`, use `width='stretch'`. For `use_container_width=False`, use `width='content'`.
2025-09-22 14:18:05.980 Please replace `use_container_width` with `width`.

`use_container_width` will be removed after 2025-12-31.

For `use_container_width=True`, use `width='stretch'`. For `use_container_width=False`, use `width='content'`.
2025-09-22 14:18:37.120 Please replace `use_container_width` with `width`.

`use_container_width` will be removed after 2025-12-31.

For `use_container_width=True`, use `width='stretch'`. For `use_container_width=False`, use `width='content'`.
2025-09-22 14:19:08.031 Please replace `use_container_width` with `width`.

`use_container_width` will be removed after 2025-12-31.

For `use_container_width=True`, use `width='stretch'`. For `use_container_width=False`, use `width='content'`.
2025-09-22 14:19:39.086 Please replace `use_container_width` with `width`.

`use_container_width` will be removed after 2025-12-31.

For `use_container_width=True`, use `width='stretch'`. For `use_container_width=False`, use `width='content'`.
2025-09-22 14:20:10.223 Please replace `use_container_width` with `width`.

`use_container_width` will be removed after 2025-12-31.

For `use_container_width=True`, use `width='stretch'`. For `use_container_width=False`, use `width='content'`.
2025-09-22 14:20:41.290 Please replace `use_container_width` with `width`.

`use_container_width` will be removed after 2025-12-31.

For `use_container_width=True`, use `width='stretch'`. For `use_container_width=False`, use `width='content'`.
2025-09-22 14:21:12.259 Please replace `use_container_width` with `width`.

`use_container_width` will be removed after 2025-12-31.

For `use_container_width=True`, use `width='stretch'`. For `use_container_width=False`, use `width='content'`.
2025-09-22 14:21:43.213 Please replace `use_container_width` with `width`.

`use_container_width` will be removed after 2025-12-31.

For `use_container_width=True`, use `width='stretch'`. For `use_container_width=False`, use `width='content'`.
2025-09-22 14:22:14.330 Please replace `use_container_width` with `width`.

`use_container_width` will be removed after 2025-12-31.

For `use_container_width=True`, use `width='stretch'`. For `use_container_width=False`, use `width='content'`.
2025-09-22 14:22:45.458 Please replace `use_container_width` with `width`.

`use_container_width` will be removed after 2025-12-31.

For `use_container_width=True`, use `width='stretch'`. For `use_container_width=False`, use `width='content'`.
2025-09-22 14:23:16.506 Please replace `use_container_width` with `width`.

`use_container_width` will be removed after 2025-12-31.

For `use_container_width=True`, use `width='stretch'`. For `use_container_width=False`, use `width='content'`.
2025-09-22 14:23:47.733 Please replace `use_container_width` with `width`.

`use_container_width` will be removed after 2025-12-31.

For `use_container_width=True`, use `width='stretch'`. For `use_container_width=False`, use `width='content'`.
2025-09-22 14:24:19.039 Please replace `use_container_width` with `width`.

`use_container_width` will be removed after 2025-12-31.

For `use_container_width=True`, use `width='stretch'`. For `use_container_width=False`, use `width='content'`.
2025-09-22 14:24:50.134 Please replace `use_container_width` with `width`.

`use_container_width` will be removed after 2025-12-31.

For `use_container_width=True`, use `width='stretch'`. For `use_container_width=False`, use `width='content'`.
2025-09-22 14:25:21.292 Please replace `use_container_width` with `width`.

`use_container_width` will be removed after 2025-12-31.

For `use_container_width=True`, use `width='stretch'`. For `use_container_width=False`, use `width='content'`.
2025-09-22 14:25:52.327 Please replace `use_container_width` with `width`.

`use_container_width` will be removed after 2025-12-31.

For `use_container_width=True`, use `width='stretch'`. For `use_container_width=False`, use `width='content'`.
2025-09-22 14:26:23.493 Please replace `use_container_width` with `width`.

`use_container_width` will be removed after 2025-12-31.

For `use_container_width=True`, use `width='stretch'`. For `use_container_width=False`, use `width='content'`.
2025-09-22 14:26:54.496 Please replace `use_container_width` with `width`.

`use_container_width` will be removed after 2025-12-31.

For `use_container_width=True`, use `width='stretch'`. For `use_container_width=False`, use `width='content'`.
2025-09-22 14:27:25.764 Please replace `use_container_width` with `width`.

`use_container_width` will be removed after 2025-12-31.

For `use_container_width=True`, use `width='stretch'`. For `use_container_width=False`, use `width='content'`.
2025-09-22 14:27:56.807 Please replace `use_container_width` with `width`.

`use_container_width` will be removed after 2025-12-31.

For `use_container_width=True`, use `width='stretch'`. For `use_container_width=False`, use `width='content'`.
2025-09-22 14:28:27.889 Please replace `use_container_width` with `width`.

`use_container_width` will be removed after 2025-12-31.

For `use_container_width=True`, use `width='stretch'`. For `use_container_width=False`, use `width='content'`.
2025-09-22 14:28:59.018 Please replace `use_container_width` with `width`.

`use_container_width` will be removed after 2025-12-31.

For `use_container_width=True`, use `width='stretch'`. For `use_container_width=False`, use `width='content'`.
2025-09-22 14:29:30.139 Please replace `use_container_width` with `width`.

`use_container_width` will be removed after 2025-12-31.

For `use_container_width=True`, use `width='stretch'`. For `use_container_width=False`, use `width='content'`.
2025-09-22 14:30:01.441 Please replace `use_container_width` with `width`.

`use_container_width` will be removed after 2025-12-31.

For `use_container_width=True`, use `width='stretch'`. For `use_container_width=False`, use `width='content'`.
2025-09-22 14:30:32.585 Please replace `use_container_width` with `width`.

`use_container_width` will be removed after 2025-12-31.

For `use_container_width=True`, use `width='stretch'`. For `use_container_width=False`, use `width='content'`.
2025-09-22 14:31:03.524 Please replace `use_container_width` with `width`.

`use_container_width` will be removed after 2025-12-31.

For `use_container_width=True`, use `width='stretch'`. For `use_container_width=False`, use `width='content'`.
2025-09-22 14:31:34.506 Please replace `use_container_width` with `width`.

`use_container_width` will be removed after 2025-12-31.

For `use_container_width=True`, use `width='stretch'`. For `use_container_width=False`, use `width='content'`.
2025-09-22 14:32:05.540 Please replace `use_container_width` with `width`.

`use_container_width` will be removed after 2025-12-31.

For `use_container_width=True`, use `width='stretch'`. For `use_container_width=False`, use `width='content'`.
2025-09-22 14:32:36.879 Please replace `use_container_width` with `width`.

`use_container_width` will be removed after 2025-12-31.

For `use_container_width=True`, use `width='stretch'`. For `use_container_width=False`, use `width='content'`.
2025-09-22 14:33:07.917 Please replace `use_container_width` with `width`.

`use_container_width` will be removed after 2025-12-31.

For `use_container_width=True`, use `width='stretch'`. For `use_container_width=False`, use `width='content'`.
2025-09-22 14:33:39.105 Please replace `use_container_width` with `width`.

`use_container_width` will be removed after 2025-12-31.

For `use_container_width=True`, use `width='stretch'`. For `use_container_width=False`, use `width='content'`.
2025-09-22 14:34:10.444 Please replace `use_container_width` with `width`.

`use_container_width` will be removed after 2025-12-31.

For `use_container_width=True`, use `width='stretch'`. For `use_container_width=False`, use `width='content'`.
2025-09-22 14:34:41.595 Please replace `use_container_width` with `width`.

`use_container_width` will be removed after 2025-12-31.

For `use_container_width=True`, use `width='stretch'`. For `use_container_width=False`, use `width='content'`.
2025-09-22 14:35:12.647 Please replace `use_container_width` with `width`.

`use_container_width` will be removed after 2025-12-31.

For `use_container_width=True`, use `width='stretch'`. For `use_container_width=False`, use `width='content'`.
2025-09-22 14:35:43.764 Please replace `use_container_width` with `width`.

`use_container_width` will be removed after 2025-12-31.

For `use_container_width=True`, use `width='stretch'`. For `use_container_width=False`, use `width='content'`.
2025-09-22 14:36:14.915 Please replace `use_container_width` with `width`.

`use_container_width` will be removed after 2025-12-31.

For `use_container_width=True`, use `width='stretch'`. For `use_container_width=False`, use `width='content'`.
2025-09-22 14:36:46.027 Please replace `use_container_width` with `width`.

`use_container_width` will be removed after 2025-12-31.

For `use_container_width=True`, use `width='stretch'`. For `use_container_width=False`, use `width='content'`.
2025-09-22 14:37:17.148 Please replace `use_container_width` with `width`.

`use_container_width` will be removed after 2025-12-31.

For `use_container_width=True`, use `width='stretch'`. For `use_container_width=False`, use `width='content'`.
2025-09-22 14:37:48.309 Please replace `use_container_width` with `width`.

`use_container_width` will be removed after 2025-12-31.

For `use_container_width=True`, use `width='stretch'`. For `use_container_width=False`, use `width='content'`.
2025-09-22 14:38:19.384 Please replace `use_container_width` with `width`.

`use_container_width` will be removed after 2025-12-31.

For `use_container_width=True`, use `width='stretch'`. For `use_container_width=False`, use `width='content'`.
2025-09-22 14:38:50.539 Please replace `use_container_width` with `width`.

`use_container_width` will be removed after 2025-12-31.

For `use_container_width=True`, use `width='stretch'`. For `use_container_width=False`, use `width='content'`.
2025-09-22 14:39:21.693 Please replace `use_container_width` with `width`.

`use_container_width` will be removed after 2025-12-31.

For `use_container_width=True`, use `width='stretch'`. For `use_container_width=False`, use `width='content'`.
2025-09-22 14:39:52.882 Please replace `use_container_width` with `width`.

`use_container_width` will be removed after 2025-12-31.

For `use_container_width=True`, use `width='stretch'`. For `use_container_width=False`, use `width='content'`.
2025-09-22 14:40:23.909 Please replace `use_container_width` with `width`.

`use_container_width` will be removed after 2025-12-31.

For `use_container_width=True`, use `width='stretch'`. For `use_container_width=False`, use `width='content'`.
2025-09-22 14:40:54.970 Please replace `use_container_width` with `width`.

`use_container_width` will be removed after 2025-12-31.

For `use_container_width=True`, use `width='stretch'`. For `use_container_width=False`, use `width='content'`.
2025-09-22 14:41:26.178 Please replace `use_container_width` with `width`.

`use_container_width` will be removed after 2025-12-31.

For `use_container_width=True`, use `width='stretch'`. For `use_container_width=False`, use `width='content'`.
2025-09-22 14:41:57.295 Please replace `use_container_width` with `width`.

`use_container_width` will be removed after 2025-12-31.

For `use_container_width=True`, use `width='stretch'`. For `use_container_width=False`, use `width='content'`.
2025-09-22 14:42:28.414 Please replace `use_container_width` with `width`.

`use_container_width` will be removed after 2025-12-31.

For `use_container_width=True`, use `width='stretch'`. For `use_container_width=False`, use `width='content'`.
2025-09-22 14:42:59.444 Please replace `use_container_width` with `width`.

`use_container_width` will be removed after 2025-12-31.

For `use_container_width=True`, use `width='stretch'`. For `use_container_width=False`, use `width='content'`.
2025-09-22 14:43:30.800 Please replace `use_container_width` with `width`.

`use_container_width` will be removed after 2025-12-31.

For `use_container_width=True`, use `width='stretch'`. For `use_container_width=False`, use `width='content'`.
2025-09-22 14:44:02.066 Please replace `use_container_width` with `width`.

`use_container_width` will be removed after 2025-12-31.

For `use_container_width=True`, use `width='stretch'`. For `use_container_width=False`, use `width='content'`.
2025-09-22 14:44:33.203 Please replace `use_container_width` with `width`.

`use_container_width` will be removed after 2025-12-31.

For `use_container_width=True`, use `width='stretch'`. For `use_container_width=False`, use `width='content'`.
2025-09-22 14:45:04.476 Please replace `use_container_width` with `width`.

`use_container_width` will be removed after 2025-12-31.

For `use_container_width=True`, use `width='stretch'`. For `use_container_width=False`, use `width='content'`.
2025-09-22 14:45:35.510 Please replace `use_container_width` with `width`.

`use_container_width` will be removed after 2025-12-31.

For `use_container_width=True`, use `width='stretch'`. For `use_container_width=False`, use `width='content'`.
2025-09-22 14:46:06.778 Please replace `use_container_width` with `width`.

`use_container_width` will be removed after 2025-12-31.

For `use_container_width=True`, use `width='stretch'`. For `use_container_width=False`, use `width='content'`.
2025-09-22 14:46:37.911 Please replace `use_container_width` with `width`.

`use_container_width` will be removed after 2025-12-31.

For `use_container_width=True`, use `width='stretch'`. For `use_container_width=False`, use `width='content'`.
2025-09-22 14:47:09.067 Please replace `use_container_width` with `width`.

`use_container_width` will be removed after 2025-12-31.

For `use_container_width=True`, use `width='stretch'`. For `use_container_width=False`, use `width='content'`.
2025-09-22 14:47:40.141 Please replace `use_container_width` with `width`.

`use_container_width` will be removed after 2025-12-31.

For `use_container_width=True`, use `width='stretch'`. For `use_container_width=False`, use `width='content'`.
2025-09-22 14:48:11.398 Please replace `use_container_width` with `width`.

`use_container_width` will be removed after 2025-12-31.

For `use_container_width=True`, use `width='stretch'`. For `use_container_width=False`, use `width='content'`.
2025-09-22 14:48:42.403 Please replace `use_container_width` with `width`.

`use_container_width` will be removed after 2025-12-31.

For `use_container_width=True`, use `width='stretch'`. For `use_container_width=False`, use `width='content'`.
2025-09-22 14:49:13.432 Please replace `use_container_width` with `width`.

`use_container_width` will be removed after 2025-12-31.

For `use_container_width=True`, use `width='stretch'`. For `use_container_width=False`, use `width='content'`.
2025-09-22 14:49:44.614 Please replace `use_container_width` with `width`.

`use_container_width` will be removed after 2025-12-31.

For `use_container_width=True`, use `width='stretch'`. For `use_container_width=False`, use `width='content'`.
2025-09-22 14:50:15.635 Please replace `use_container_width` with `width`.

`use_container_width` will be removed after 2025-12-31.

For `use_container_width=True`, use `width='stretch'`. For `use_container_width=False`, use `width='content'`.
2025-09-22 14:50:46.785 Please replace `use_container_width` with `width`.

`use_container_width` will be removed after 2025-12-31.

For `use_container_width=True`, use `width='stretch'`. For `use_container_width=False`, use `width='content'`.
2025-09-22 14:51:17.832 Please replace `use_container_width` with `width`.

`use_container_width` will be removed after 2025-12-31.

For `use_container_width=True`, use `width='stretch'`. For `use_container_width=False`, use `width='content'`.
2025-09-22 14:51:49.121 Please replace `use_container_width` with `width`.

`use_container_width` will be removed after 2025-12-31.

For `use_container_width=True`, use `width='stretch'`. For `use_container_width=False`, use `width='content'`.
2025-09-22 14:52:20.203 Please replace `use_container_width` with `width`.

`use_container_width` will be removed after 2025-12-31.

For `use_container_width=True`, use `width='stretch'`. For `use_container_width=False`, use `width='content'`.
2025-09-22 14:52:51.344 Please replace `use_container_width` with `width`.

`use_container_width` will be removed after 2025-12-31.

For `use_container_width=True`, use `width='stretch'`. For `use_container_width=False`, use `width='content'`.
2025-09-22 14:53:22.385 Please replace `use_container_width` with `width`.

`use_container_width` will be removed after 2025-12-31.

For `use_container_width=True`, use `width='stretch'`. For `use_container_width=False`, use `width='content'`.
2025-09-22 14:53:53.504 Please replace `use_container_width` with `width`.

`use_container_width` will be removed after 2025-12-31.

For `use_container_width=True`, use `width='stretch'`. For `use_container_width=False`, use `width='content'`.
2025-09-22 14:54:24.534 Please replace `use_container_width` with `width`.

`use_container_width` will be removed after 2025-12-31.

For `use_container_width=True`, use `width='stretch'`. For `use_container_width=False`, use `width='content'`.
2025-09-22 14:54:55.705 Please replace `use_container_width` with `width`.

`use_container_width` will be removed after 2025-12-31.

For `use_container_width=True`, use `width='stretch'`. For `use_container_width=False`, use `width='content'`.
2025-09-22 14:55:26.599 Please replace `use_container_width` with `width`.

`use_container_width` will be removed after 2025-12-31.

For `use_container_width=True`, use `width='stretch'`. For `use_container_width=False`, use `width='content'`.
2025-09-22 14:55:57.695 Please replace `use_container_width` with `width`.

`use_container_width` will be removed after 2025-12-31.

For `use_container_width=True`, use `width='stretch'`. For `use_container_width=False`, use `width='content'`.
2025-09-22 14:56:28.826 Please replace `use_container_width` with `width`.

`use_container_width` will be removed after 2025-12-31.

For `use_container_width=True`, use `width='stretch'`. For `use_container_width=False`, use `width='content'`.
2025-09-22 14:57:00.033 Please replace `use_container_width` with `width`.

`use_container_width` will be removed after 2025-12-31.

For `use_container_width=True`, use `width='stretch'`. For `use_container_width=False`, use `width='content'`.
2025-09-22 14:57:31.087 Please replace `use_container_width` with `width`.

`use_container_width` will be removed after 2025-12-31.

For `use_container_width=True`, use `width='stretch'`. For `use_container_width=False`, use `width='content'`.
2025-09-22 14:58:02.339 Please replace `use_container_width` with `width`.

`use_container_width` will be removed after 2025-12-31.

For `use_container_width=True`, use `width='stretch'`. For `use_container_width=False`, use `width='content'`.
2025-09-22 14:58:33.548 Please replace `use_container_width` with `width`.

`use_container_width` will be removed after 2025-12-31.

For `use_container_width=True`, use `width='stretch'`. For `use_container_width=False`, use `width='content'`.
2025-09-22 14:59:04.617 Please replace `use_container_width` with `width`.

`use_container_width` will be removed after 2025-12-31.

For `use_container_width=True`, use `width='stretch'`. For `use_container_width=False`, use `width='content'`.
2025-09-22 14:59:35.912 Please replace `use_container_width` with `width`.

`use_container_width` will be removed after 2025-12-31.

For `use_container_width=True`, use `width='stretch'`. For `use_container_width=False`, use `width='content'`.
2025-09-22 15:00:07.000 Please replace `use_container_width` with `width`.

`use_container_width` will be removed after 2025-12-31.

For `use_container_width=True`, use `width='stretch'`. For `use_container_width=False`, use `width='content'`.
2025-09-22 15:00:38.128 Please replace `use_container_width` with `width`.

`use_container_width` will be removed after 2025-12-31.

For `use_container_width=True`, use `width='stretch'`. For `use_container_width=False`, use `width='content'`.
2025-09-22 15:01:09.213 Please replace `use_container_width` with `width`.

`use_container_width` will be removed after 2025-12-31.

For `use_container_width=True`, use `width='stretch'`. For `use_container_width=False`, use `width='content'`.
2025-09-22 15:01:40.354 Please replace `use_container_width` with `width`.

`use_container_width` will be removed after 2025-12-31.

For `use_container_width=True`, use `width='stretch'`. For `use_container_width=False`, use `width='content'`.
2025-09-22 15:02:11.530 Please replace `use_container_width` with `width`.

`use_container_width` will be removed after 2025-12-31.

For `use_container_width=True`, use `width='stretch'`. For `use_container_width=False`, use `width='content'`.
2025-09-22 15:02:42.587 Please replace `use_container_width` with `width`.

`use_container_width` will be removed after 2025-12-31.

For `use_container_width=True`, use `width='stretch'`. For `use_container_width=False`, use `width='content'`.
2025-09-22 15:03:13.655 Please replace `use_container_width` with `width`.

`use_container_width` will be removed after 2025-12-31.

For `use_container_width=True`, use `width='stretch'`. For `use_container_width=False`, use `width='content'`.
2025-09-22 15:03:44.765 Please replace `use_container_width` with `width`.

`use_container_width` will be removed after 2025-12-31.

For `use_container_width=True`, use `width='stretch'`. For `use_container_width=False`, use `width='content'`.
2025-09-22 15:04:15.865 Please replace `use_container_width` with `width`.

`use_container_width` will be removed after 2025-12-31.

For `use_container_width=True`, use `width='stretch'`. For `use_container_width=False`, use `width='content'`.
2025-09-22 15:04:46.975 Please replace `use_container_width` with `width`.

`use_container_width` will be removed after 2025-12-31.

For `use_container_width=True`, use `width='stretch'`. For `use_container_width=False`, use `width='content'`.
2025-09-22 15:05:18.134 Please replace `use_container_width` with `width`.

`use_container_width` will be removed after 2025-12-31.

For `use_container_width=True`, use `width='stretch'`. For `use_container_width=False`, use `width='content'`.
2025-09-22 15:05:49.273 Please replace `use_container_width` with `width`.

`use_container_width` will be removed after 2025-12-31.

For `use_container_width=True`, use `width='stretch'`. For `use_container_width=False`, use `width='content'`.
2025-09-22 15:06:20.308 Please replace `use_container_width` with `width`.

`use_container_width` will be removed after 2025-12-31.

For `use_container_width=True`, use `width='stretch'`. For `use_container_width=False`, use `width='content'`.
2025-09-22 15:06:51.524 Please replace `use_container_width` with `width`.

`use_container_width` will be removed after 2025-12-31.

For `use_container_width=True`, use `width='stretch'`. For `use_container_width=False`, use `width='content'`.
2025-09-22 15:07:22.693 Please replace `use_container_width` with `width`.

`use_container_width` will be removed after 2025-12-31.

For `use_container_width=True`, use `width='stretch'`. For `use_container_width=False`, use `width='content'`.
2025-09-22 15:07:53.705 Please replace `use_container_width` with `width`.

`use_container_width` will be removed after 2025-12-31.

For `use_container_width=True`, use `width='stretch'`. For `use_container_width=False`, use `width='content'`.
2025-09-22 15:08:24.788 Please replace `use_container_width` with `width`.

`use_container_width` will be removed after 2025-12-31.

For `use_container_width=True`, use `width='stretch'`. For `use_container_width=False`, use `width='content'`.
2025-09-22 15:08:56.021 Please replace `use_container_width` with `width`.

`use_container_width` will be removed after 2025-12-31.

For `use_container_width=True`, use `width='stretch'`. For `use_container_width=False`, use `width='content'`.
2025-09-22 15:09:27.181 Please replace `use_container_width` with `width`.

`use_container_width` will be removed after 2025-12-31.

For `use_container_width=True`, use `width='stretch'`. For `use_container_width=False`, use `width='content'`.
2025-09-22 15:09:58.318 Please replace `use_container_width` with `width`.

`use_container_width` will be removed after 2025-12-31.

For `use_container_width=True`, use `width='stretch'`. For `use_container_width=False`, use `width='content'`.
2025-09-22 15:10:29.475 Please replace `use_container_width` with `width`.

`use_container_width` will be removed after 2025-12-31.

For `use_container_width=True`, use `width='stretch'`. For `use_container_width=False`, use `width='content'`.
2025-09-22 15:11:00.502 Please replace `use_container_width` with `width`.

`use_container_width` will be removed after 2025-12-31.

For `use_container_width=True`, use `width='stretch'`. For `use_container_width=False`, use `width='content'`.
2025-09-22 15:11:31.554 Please replace `use_container_width` with `width`.

`use_container_width` will be removed after 2025-12-31.

For `use_container_width=True`, use `width='stretch'`. For `use_container_width=False`, use `width='content'`.
2025-09-22 15:12:02.678 Please replace `use_container_width` with `width`.

`use_container_width` will be removed after 2025-12-31.

For `use_container_width=True`, use `width='stretch'`. For `use_container_width=False`, use `width='content'`.
2025-09-22 15:12:33.799 Please replace `use_container_width` with `width`.

`use_container_width` will be removed after 2025-12-31.

For `use_container_width=True`, use `width='stretch'`. For `use_container_width=False`, use `width='content'`.
2025-09-22 15:13:04.935 Please replace `use_container_width` with `width`.

`use_container_width` will be removed after 2025-12-31.

For `use_container_width=True`, use `width='stretch'`. For `use_container_width=False`, use `width='content'`.
2025-09-22 15:13:36.072 Please replace `use_container_width` with `width`.

`use_container_width` will be removed after 2025-12-31.

For `use_container_width=True`, use `width='stretch'`. For `use_container_width=False`, use `width='content'`.
2025-09-22 15:14:07.112 Please replace `use_container_width` with `width`.

`use_container_width` will be removed after 2025-12-31.

For `use_container_width=True`, use `width='stretch'`. For `use_container_width=False`, use `width='content'`.
2025-09-22 15:14:38.241 Please replace `use_container_width` with `width`.

`use_container_width` will be removed after 2025-12-31.

For `use_container_width=True`, use `width='stretch'`. For `use_container_width=False`, use `width='content'`.
2025-09-22 15:15:09.412 Please replace `use_container_width` with `width`.

`use_container_width` will be removed after 2025-12-31.

For `use_container_width=True`, use `width='stretch'`. For `use_container_width=False`, use `width='content'`.
2025-09-22 15:15:40.584 Please replace `use_container_width` with `width`.

`use_container_width` will be removed after 2025-12-31.

For `use_container_width=True`, use `width='stretch'`. For `use_container_width=False`, use `width='content'`.
2025-09-22 15:16:11.717 Please replace `use_container_width` with `width`.

`use_container_width` will be removed after 2025-12-31.

For `use_container_width=True`, use `width='stretch'`. For `use_container_width=False`, use `width='content'`.
2025-09-22 15:16:42.902 Please replace `use_container_width` with `width`.

`use_container_width` will be removed after 2025-12-31.

For `use_container_width=True`, use `width='stretch'`. For `use_container_width=False`, use `width='content'`.
2025-09-22 15:17:14.062 Please replace `use_container_width` with `width`.

`use_container_width` will be removed after 2025-12-31.

For `use_container_width=True`, use `width='stretch'`. For `use_container_width=False`, use `width='content'`.
2025-09-22 15:17:45.138 Please replace `use_container_width` with `width`.

`use_container_width` will be removed after 2025-12-31.

For `use_container_width=True`, use `width='stretch'`. For `use_container_width=False`, use `width='content'`.
2025-09-22 15:18:16.250 Please replace `use_container_width` with `width`.

`use_container_width` will be removed after 2025-12-31.

For `use_container_width=True`, use `width='stretch'`. For `use_container_width=False`, use `width='content'`.
2025-09-22 15:18:47.349 Please replace `use_container_width` with `width`.

`use_container_width` will be removed after 2025-12-31.

For `use_container_width=True`, use `width='stretch'`. For `use_container_width=False`, use `width='content'`.
2025-09-22 15:19:18.237 Please replace `use_container_width` with `width`.

`use_container_width` will be removed after 2025-12-31.

For `use_container_width=True`, use `width='stretch'`. For `use_container_width=False`, use `width='content'`.
2025-09-22 15:19:49.350 Please replace `use_container_width` with `width`.

`use_container_width` will be removed after 2025-12-31.

For `use_container_width=True`, use `width='stretch'`. For `use_container_width=False`, use `width='content'`.
2025-09-22 15:20:20.502 Please replace `use_container_width` with `width`.

`use_container_width` will be removed after 2025-12-31.

For `use_container_width=True`, use `width='stretch'`. For `use_container_width=False`, use `width='content'`.
2025-09-22 15:20:51.852 Please replace `use_container_width` with `width`.

`use_container_width` will be removed after 2025-12-31.

For `use_container_width=True`, use `width='stretch'`. For `use_container_width=False`, use `width='content'`.
2025-09-22 15:21:23.087 Please replace `use_container_width` with `width`.

`use_container_width` will be removed after 2025-12-31.

For `use_container_width=True`, use `width='stretch'`. For `use_container_width=False`, use `width='content'`.
2025-09-22 15:21:54.233 Please replace `use_container_width` with `width`.

`use_container_width` will be removed after 2025-12-31.

For `use_container_width=True`, use `width='stretch'`. For `use_container_width=False`, use `width='content'`.
2025-09-22 15:22:25.359 Please replace `use_container_width` with `width`.

`use_container_width` will be removed after 2025-12-31.

For `use_container_width=True`, use `width='stretch'`. For `use_container_width=False`, use `width='content'`.
2025-09-22 15:22:56.533 Please replace `use_container_width` with `width`.

`use_container_width` will be removed after 2025-12-31.

For `use_container_width=True`, use `width='stretch'`. For `use_container_width=False`, use `width='content'`.
2025-09-22 15:23:27.643 Please replace `use_container_width` with `width`.

`use_container_width` will be removed after 2025-12-31.

For `use_container_width=True`, use `width='stretch'`. For `use_container_width=False`, use `width='content'`.
2025-09-22 15:23:58.939 Please replace `use_container_width` with `width`.

`use_container_width` will be removed after 2025-12-31.

For `use_container_width=True`, use `width='stretch'`. For `use_container_width=False`, use `width='content'`.
2025-09-22 15:24:30.051 Please replace `use_container_width` with `width`.

`use_container_width` will be removed after 2025-12-31.

For `use_container_width=True`, use `width='stretch'`. For `use_container_width=False`, use `width='content'`.
2025-09-22 15:25:01.375 Please replace `use_container_width` with `width`.

`use_container_width` will be removed after 2025-12-31.

For `use_container_width=True`, use `width='stretch'`. For `use_container_width=False`, use `width='content'`.
2025-09-22 15:25:32.634 Please replace `use_container_width` with `width`.

`use_container_width` will be removed after 2025-12-31.

For `use_container_width=True`, use `width='stretch'`. For `use_container_width=False`, use `width='content'`.
2025-09-22 15:26:03.784 Please replace `use_container_width` with `width`.

`use_container_width` will be removed after 2025-12-31.

For `use_container_width=True`, use `width='stretch'`. For `use_container_width=False`, use `width='content'`.
2025-09-22 15:26:34.903 Please replace `use_container_width` with `width`.

`use_container_width` will be removed after 2025-12-31.

For `use_container_width=True`, use `width='stretch'`. For `use_container_width=False`, use `width='content'`.
2025-09-22 15:27:06.121 Please replace `use_container_width` with `width`.

`use_container_width` will be removed after 2025-12-31.

For `use_container_width=True`, use `width='stretch'`. For `use_container_width=False`, use `width='content'`.
2025-09-22 15:31:53.027 Please replace `use_container_width` with `width`.

`use_container_width` will be removed after 2025-12-31.

For `use_container_width=True`, use `width='stretch'`. For `use_container_width=False`, use `width='content'`.
2025-09-22 15:32:24.210 Please replace `use_container_width` with `width`.

`use_container_width` will be removed after 2025-12-31.

For `use_container_width=True`, use `width='stretch'`. For `use_container_width=False`, use `width='content'`.
2025-09-22 15:33:38.172 Please replace `use_container_width` with `width`.

`use_container_width` will be removed after 2025-12-31.

For `use_container_width=True`, use `width='stretch'`. For `use_container_width=False`, use `width='content'`.
2025-09-22 15:34:09.295 Please replace `use_container_width` with `width`.

`use_container_width` will be removed after 2025-12-31.

For `use_container_width=True`, use `width='stretch'`. For `use_container_width=False`, use `width='content'`.
2025-09-22 15:34:40.258 Please replace `use_container_width` with `width`.

`use_container_width` will be removed after 2025-12-31.

For `use_container_width=True`, use `width='stretch'`. For `use_container_width=False`, use `width='content'`.
2025-09-22 15:35:11.323 Please replace `use_container_width` with `width`.

`use_container_width` will be removed after 2025-12-31.

For `use_container_width=True`, use `width='stretch'`. For `use_container_width=False`, use `width='content'`.
2025-09-22 15:35:35.778 Please replace `use_container_width` with `width`.

`use_container_width` will be removed after 2025-12-31.

For `use_container_width=True`, use `width='stretch'`. For `use_container_width=False`, use `width='content'`.
2025-09-22 15:36:06.987 Please replace `use_container_width` with `width`.

`use_container_width` will be removed after 2025-12-31.

For `use_container_width=True`, use `width='stretch'`. For `use_container_width=False`, use `width='content'`.
2025-09-22 15:36:38.459 Please replace `use_container_width` with `width`.

`use_container_width` will be removed after 2025-12-31.

For `use_container_width=True`, use `width='stretch'`. For `use_container_width=False`, use `width='content'`.
2025-09-22 15:37:09.606 Please replace `use_container_width` with `width`.

`use_container_width` will be removed after 2025-12-31.

For `use_container_width=True`, use `width='stretch'`. For `use_container_width=False`, use `width='content'`.
2025-09-22 15:37:40.677 Please replace `use_container_width` with `width`.

`use_container_width` will be removed after 2025-12-31.

For `use_container_width=True`, use `width='stretch'`. For `use_container_width=False`, use `width='content'`.
2025-09-22 15:38:11.833 Please replace `use_container_width` with `width`.

`use_container_width` will be removed after 2025-12-31.

For `use_container_width=True`, use `width='stretch'`. For `use_container_width=False`, use `width='content'`.
2025-09-22 15:38:43.033 Please replace `use_container_width` with `width`.

`use_container_width` will be removed after 2025-12-31.

For `use_container_width=True`, use `width='stretch'`. For `use_container_width=False`, use `width='content'`.
2025-09-22 15:39:14.307 Please replace `use_container_width` with `width`.

`use_container_width` will be removed after 2025-12-31.

For `use_container_width=True`, use `width='stretch'`. For `use_container_width=False`, use `width='content'`.
2025-09-22 15:39:45.506 Please replace `use_container_width` with `width`.

`use_container_width` will be removed after 2025-12-31.

For `use_container_width=True`, use `width='stretch'`. For `use_container_width=False`, use `width='content'`.
2025-09-22 15:40:16.868 Please replace `use_container_width` with `width`.

`use_container_width` will be removed after 2025-12-31.

For `use_container_width=True`, use `width='stretch'`. For `use_container_width=False`, use `width='content'`.
2025-09-22 15:40:48.061 Please replace `use_container_width` with `width`.

`use_container_width` will be removed after 2025-12-31.

For `use_container_width=True`, use `width='stretch'`. For `use_container_width=False`, use `width='content'`.
2025-09-22 15:41:19.630 Please replace `use_container_width` with `width`.

`use_container_width` will be removed after 2025-12-31.

For `use_container_width=True`, use `width='stretch'`. For `use_container_width=False`, use `width='content'`.
2025-09-22 15:41:50.662 Please replace `use_container_width` with `width`.

`use_container_width` will be removed after 2025-12-31.

For `use_container_width=True`, use `width='stretch'`. For `use_container_width=False`, use `width='content'`.
2025-09-22 15:42:21.968 Please replace `use_container_width` with `width`.

`use_container_width` will be removed after 2025-12-31.

For `use_container_width=True`, use `width='stretch'`. For `use_container_width=False`, use `width='content'`.
2025-09-22 15:42:53.229 Please replace `use_container_width` with `width`.

`use_container_width` will be removed after 2025-12-31.

For `use_container_width=True`, use `width='stretch'`. For `use_container_width=False`, use `width='content'`.
2025-09-22 15:43:24.374 Please replace `use_container_width` with `width`.

`use_container_width` will be removed after 2025-12-31.

For `use_container_width=True`, use `width='stretch'`. For `use_container_width=False`, use `width='content'`.
2025-09-22 15:43:55.416 Please replace `use_container_width` with `width`.

`use_container_width` will be removed after 2025-12-31.

For `use_container_width=True`, use `width='stretch'`. For `use_container_width=False`, use `width='content'`.
2025-09-22 15:44:26.807 Please replace `use_container_width` with `width`.

`use_container_width` will be removed after 2025-12-31.

For `use_container_width=True`, use `width='stretch'`. For `use_container_width=False`, use `width='content'`.
2025-09-22 15:44:57.962 Please replace `use_container_width` with `width`.

`use_container_width` will be removed after 2025-12-31.

For `use_container_width=True`, use `width='stretch'`. For `use_container_width=False`, use `width='content'`.
2025-09-22 15:45:29.164 Please replace `use_container_width` with `width`.

`use_container_width` will be removed after 2025-12-31.

For `use_container_width=True`, use `width='stretch'`. For `use_container_width=False`, use `width='content'`.
2025-09-22 15:46:00.447 Please replace `use_container_width` with `width`.

`use_container_width` will be removed after 2025-12-31.

For `use_container_width=True`, use `width='stretch'`. For `use_container_width=False`, use `width='content'`.
2025-09-22 15:46:31.517 Please replace `use_container_width` with `width`.

`use_container_width` will be removed after 2025-12-31.

For `use_container_width=True`, use `width='stretch'`. For `use_container_width=False`, use `width='content'`.
2025-09-22 15:47:02.697 Please replace `use_container_width` with `width`.

`use_container_width` will be removed after 2025-12-31.

For `use_container_width=True`, use `width='stretch'`. For `use_container_width=False`, use `width='content'`.
2025-09-22 15:47:33.866 Please replace `use_container_width` with `width`.

`use_container_width` will be removed after 2025-12-31.

For `use_container_width=True`, use `width='stretch'`. For `use_container_width=False`, use `width='content'`.
2025-09-22 15:48:04.977 Please replace `use_container_width` with `width`.

`use_container_width` will be removed after 2025-12-31.

For `use_container_width=True`, use `width='stretch'`. For `use_container_width=False`, use `width='content'`.
2025-09-22 15:48:36.341 Please replace `use_container_width` with `width`.

`use_container_width` will be removed after 2025-12-31.

For `use_container_width=True`, use `width='stretch'`. For `use_container_width=False`, use `width='content'`.
2025-09-22 15:49:07.593 Please replace `use_container_width` with `width`.

`use_container_width` will be removed after 2025-12-31.

For `use_container_width=True`, use `width='stretch'`. For `use_container_width=False`, use `width='content'`.
2025-09-22 15:49:38.896 Please replace `use_container_width` with `width`.

`use_container_width` will be removed after 2025-12-31.

For `use_container_width=True`, use `width='stretch'`. For `use_container_width=False`, use `width='content'`.
2025-09-22 15:50:10.241 Please replace `use_container_width` with `width`.

`use_container_width` will be removed after 2025-12-31.

For `use_container_width=True`, use `width='stretch'`. For `use_container_width=False`, use `width='content'`.
2025-09-22 15:50:41.644 Please replace `use_container_width` with `width`.

`use_container_width` will be removed after 2025-12-31.

For `use_container_width=True`, use `width='stretch'`. For `use_container_width=False`, use `width='content'`.
2025-09-22 15:51:12.829 Please replace `use_container_width` with `width`.

`use_container_width` will be removed after 2025-12-31.

For `use_container_width=True`, use `width='stretch'`. For `use_container_width=False`, use `width='content'`.
2025-09-22 15:51:44.072 Please replace `use_container_width` with `width`.

`use_container_width` will be removed after 2025-12-31.

For `use_container_width=True`, use `width='stretch'`. For `use_container_width=False`, use `width='content'`.
2025-09-22 15:52:15.431 Please replace `use_container_width` with `width`.

`use_container_width` will be removed after 2025-12-31.

For `use_container_width=True`, use `width='stretch'`. For `use_container_width=False`, use `width='content'`.
2025-09-22 15:52:46.536 Please replace `use_container_width` with `width`.

`use_container_width` will be removed after 2025-12-31.

For `use_container_width=True`, use `width='stretch'`. For `use_container_width=False`, use `width='content'`.
2025-09-22 15:53:17.745 Please replace `use_container_width` with `width`.

`use_container_width` will be removed after 2025-12-31.

For `use_container_width=True`, use `width='stretch'`. For `use_container_width=False`, use `width='content'`.
2025-09-22 15:53:48.995 Please replace `use_container_width` with `width`.

`use_container_width` will be removed after 2025-12-31.

For `use_container_width=True`, use `width='stretch'`. For `use_container_width=False`, use `width='content'`.
2025-09-22 15:54:20.525 Please replace `use_container_width` with `width`.

`use_container_width` will be removed after 2025-12-31.

For `use_container_width=True`, use `width='stretch'`. For `use_container_width=False`, use `width='content'`.
2025-09-22 15:54:51.661 Please replace `use_container_width` with `width`.

`use_container_width` will be removed after 2025-12-31.

For `use_container_width=True`, use `width='stretch'`. For `use_container_width=False`, use `width='content'`.
2025-09-22 15:55:22.709 Please replace `use_container_width` with `width`.

`use_container_width` will be removed after 2025-12-31.

For `use_container_width=True`, use `width='stretch'`. For `use_container_width=False`, use `width='content'`.
2025-09-22 15:55:53.852 Please replace `use_container_width` with `width`.

`use_container_width` will be removed after 2025-12-31.

For `use_container_width=True`, use `width='stretch'`. For `use_container_width=False`, use `width='content'`.
2025-09-22 15:56:24.980 Please replace `use_container_width` with `width`.

`use_container_width` will be removed after 2025-12-31.

For `use_container_width=True`, use `width='stretch'`. For `use_container_width=False`, use `width='content'`.
2025-09-22 15:56:56.202 Please replace `use_container_width` with `width`.

`use_container_width` will be removed after 2025-12-31.

For `use_container_width=True`, use `width='stretch'`. For `use_container_width=False`, use `width='content'`.
2025-09-22 15:57:27.546 Please replace `use_container_width` with `width`.

`use_container_width` will be removed after 2025-12-31.

For `use_container_width=True`, use `width='stretch'`. For `use_container_width=False`, use `width='content'`.
2025-09-22 18:01:54.313 Please replace `use_container_width` with `width`.

`use_container_width` will be removed after 2025-12-31.

For `use_container_width=True`, use `width='stretch'`. For `use_container_width=False`, use `width='content'`.
2025-09-22 18:02:25.653 Please replace `use_container_width` with `width`.

`use_container_width` will be removed after 2025-12-31.

For `use_container_width=True`, use `width='stretch'`. For `use_container_width=False`, use `width='content'`.
2025-09-22 18:02:57.068 Please replace `use_container_width` with `width`.

`use_container_width` will be removed after 2025-12-31.

For `use_container_width=True`, use `width='stretch'`. For `use_container_width=False`, use `width='content'`.
2025-09-22 18:03:28.126 Please replace `use_container_width` with `width`.

`use_container_width` will be removed after 2025-12-31.

For `use_container_width=True`, use `width='stretch'`. For `use_container_width=False`, use `width='content'`.
2025-09-22 18:03:59.203 Please replace `use_container_width` with `width`.

`use_container_width` will be removed after 2025-12-31.

For `use_container_width=True`, use `width='stretch'`. For `use_container_width=False`, use `width='content'`.
2025-09-22 18:04:30.369 Please replace `use_container_width` with `width`.

`use_container_width` will be removed after 2025-12-31.

For `use_container_width=True`, use `width='stretch'`. For `use_container_width=False`, use `width='content'`.
2025-09-22 18:05:01.579 Please replace `use_container_width` with `width`.

`use_container_width` will be removed after 2025-12-31.

For `use_container_width=True`, use `width='stretch'`. For `use_container_width=False`, use `width='content'`.
2025-09-22 18:05:32.749 Please replace `use_container_width` with `width`.

`use_container_width` will be removed after 2025-12-31.

For `use_container_width=True`, use `width='stretch'`. For `use_container_width=False`, use `width='content'`.
2025-09-22 18:06:04.049 Please replace `use_container_width` with `width`.

`use_container_width` will be removed after 2025-12-31.

For `use_container_width=True`, use `width='stretch'`. For `use_container_width=False`, use `width='content'`.
2025-09-22 18:06:35.065 Please replace `use_container_width` with `width`.

`use_container_width` will be removed after 2025-12-31.

For `use_container_width=True`, use `width='stretch'`. For `use_container_width=False`, use `width='content'`.
2025-09-22 18:07:06.301 Please replace `use_container_width` with `width`.

`use_container_width` will be removed after 2025-12-31.

For `use_container_width=True`, use `width='stretch'`. For `use_container_width=False`, use `width='content'`.
2025-09-22 18:07:37.354 Please replace `use_container_width` with `width`.

`use_container_width` will be removed after 2025-12-31.

For `use_container_width=True`, use `width='stretch'`. For `use_container_width=False`, use `width='content'`.
2025-09-22 18:08:08.644 Please replace `use_container_width` with `width`.

`use_container_width` will be removed after 2025-12-31.

For `use_container_width=True`, use `width='stretch'`. For `use_container_width=False`, use `width='content'`.
2025-09-22 18:08:42.597 Please replace `use_container_width` with `width`.

`use_container_width` will be removed after 2025-12-31.

For `use_container_width=True`, use `width='stretch'`. For `use_container_width=False`, use `width='content'`.
2025-09-22 18:09:13.688 Please replace `use_container_width` with `width`.

`use_container_width` will be removed after 2025-12-31.

For `use_container_width=True`, use `width='stretch'`. For `use_container_width=False`, use `width='content'`.
2025-09-22 18:09:44.742 Please replace `use_container_width` with `width`.

`use_container_width` will be removed after 2025-12-31.

For `use_container_width=True`, use `width='stretch'`. For `use_container_width=False`, use `width='content'`.
2025-09-22 18:10:16.194 Please replace `use_container_width` with `width`.

`use_container_width` will be removed after 2025-12-31.

For `use_container_width=True`, use `width='stretch'`. For `use_container_width=False`, use `width='content'`.
2025-09-22 18:10:47.411 Please replace `use_container_width` with `width`.

`use_container_width` will be removed after 2025-12-31.

For `use_container_width=True`, use `width='stretch'`. For `use_container_width=False`, use `width='content'`.
2025-09-22 18:11:18.610 Please replace `use_container_width` with `width`.

`use_container_width` will be removed after 2025-12-31.

For `use_container_width=True`, use `width='stretch'`. For `use_container_width=False`, use `width='content'`.
2025-09-22 18:11:49.786 Please replace `use_container_width` with `width`.

`use_container_width` will be removed after 2025-12-31.

For `use_container_width=True`, use `width='stretch'`. For `use_container_width=False`, use `width='content'`.
2025-09-22 18:12:21.184 Please replace `use_container_width` with `width`.

`use_container_width` will be removed after 2025-12-31.

For `use_container_width=True`, use `width='stretch'`. For `use_container_width=False`, use `width='content'`.
2025-09-22 18:12:52.434 Please replace `use_container_width` with `width`.

`use_container_width` will be removed after 2025-12-31.

For `use_container_width=True`, use `width='stretch'`. For `use_container_width=False`, use `width='content'`.
2025-09-22 18:13:23.517 Please replace `use_container_width` with `width`.

`use_container_width` will be removed after 2025-12-31.

For `use_container_width=True`, use `width='stretch'`. For `use_container_width=False`, use `width='content'`.
2025-09-22 18:13:54.812 Please replace `use_container_width` with `width`.

`use_container_width` will be removed after 2025-12-31.

For `use_container_width=True`, use `width='stretch'`. For `use_container_width=False`, use `width='content'`.
2025-09-22 18:14:26.245 Please replace `use_container_width` with `width`.

`use_container_width` will be removed after 2025-12-31.

For `use_container_width=True`, use `width='stretch'`. For `use_container_width=False`, use `width='content'`.
2025-09-22 18:14:57.378 Please replace `use_container_width` with `width`.

`use_container_width` will be removed after 2025-12-31.

For `use_container_width=True`, use `width='stretch'`. For `use_container_width=False`, use `width='content'`.
2025-09-22 18:15:28.504 Please replace `use_container_width` with `width`.

`use_container_width` will be removed after 2025-12-31.

For `use_container_width=True`, use `width='stretch'`. For `use_container_width=False`, use `width='content'`.
2025-09-22 18:15:59.616 Please replace `use_container_width` with `width`.

`use_container_width` will be removed after 2025-12-31.

For `use_container_width=True`, use `width='stretch'`. For `use_container_width=False`, use `width='content'`.
2025-09-22 18:16:31.485 Please replace `use_container_width` with `width`.

`use_container_width` will be removed after 2025-12-31.

For `use_container_width=True`, use `width='stretch'`. For `use_container_width=False`, use `width='content'`.
2025-09-22 18:17:02.596 Please replace `use_container_width` with `width`.

`use_container_width` will be removed after 2025-12-31.

For `use_container_width=True`, use `width='stretch'`. For `use_container_width=False`, use `width='content'`.
2025-09-22 18:17:33.688 Please replace `use_container_width` with `width`.

`use_container_width` will be removed after 2025-12-31.

For `use_container_width=True`, use `width='stretch'`. For `use_container_width=False`, use `width='content'`.
2025-09-22 18:18:05.122 Please replace `use_container_width` with `width`.

`use_container_width` will be removed after 2025-12-31.

For `use_container_width=True`, use `width='stretch'`. For `use_container_width=False`, use `width='content'`.
2025-09-22 18:18:36.291 Please replace `use_container_width` with `width`.

`use_container_width` will be removed after 2025-12-31.

For `use_container_width=True`, use `width='stretch'`. For `use_container_width=False`, use `width='content'`.
2025-09-22 18:19:07.567 Please replace `use_container_width` with `width`.

`use_container_width` will be removed after 2025-12-31.

For `use_container_width=True`, use `width='stretch'`. For `use_container_width=False`, use `width='content'`.
2025-09-22 18:19:38.664 Please replace `use_container_width` with `width`.

`use_container_width` will be removed after 2025-12-31.

For `use_container_width=True`, use `width='stretch'`. For `use_container_width=False`, use `width='content'`.
2025-09-22 18:20:09.861 Please replace `use_container_width` with `width`.

`use_container_width` will be removed after 2025-12-31.

For `use_container_width=True`, use `width='stretch'`. For `use_container_width=False`, use `width='content'`.
2025-09-22 18:20:40.976 Please replace `use_container_width` with `width`.

`use_container_width` will be removed after 2025-12-31.

For `use_container_width=True`, use `width='stretch'`. For `use_container_width=False`, use `width='content'`.
2025-09-22 18:21:12.103 Please replace `use_container_width` with `width`.

`use_container_width` will be removed after 2025-12-31.

For `use_container_width=True`, use `width='stretch'`. For `use_container_width=False`, use `width='content'`.
2025-09-22 18:21:43.255 Please replace `use_container_width` with `width`.

`use_container_width` will be removed after 2025-12-31.

For `use_container_width=True`, use `width='stretch'`. For `use_container_width=False`, use `width='content'`.
2025-09-22 18:22:14.374 Please replace `use_container_width` with `width`.

`use_container_width` will be removed after 2025-12-31.

For `use_container_width=True`, use `width='stretch'`. For `use_container_width=False`, use `width='content'`.
2025-09-22 18:22:45.940 Please replace `use_container_width` with `width`.

`use_container_width` will be removed after 2025-12-31.

For `use_container_width=True`, use `width='stretch'`. For `use_container_width=False`, use `width='content'`.
2025-09-22 18:23:17.224 Please replace `use_container_width` with `width`.

`use_container_width` will be removed after 2025-12-31.

For `use_container_width=True`, use `width='stretch'`. For `use_container_width=False`, use `width='content'`.
2025-09-22 18:23:48.335 Please replace `use_container_width` with `width`.

`use_container_width` will be removed after 2025-12-31.

For `use_container_width=True`, use `width='stretch'`. For `use_container_width=False`, use `width='content'`.
2025-09-22 18:24:19.698 Please replace `use_container_width` with `width`.

`use_container_width` will be removed after 2025-12-31.

For `use_container_width=True`, use `width='stretch'`. For `use_container_width=False`, use `width='content'`.
2025-09-22 18:24:51.022 Please replace `use_container_width` with `width`.

`use_container_width` will be removed after 2025-12-31.

For `use_container_width=True`, use `width='stretch'`. For `use_container_width=False`, use `width='content'`.
2025-09-22 18:25:22.548 Please replace `use_container_width` with `width`.

`use_container_width` will be removed after 2025-12-31.

For `use_container_width=True`, use `width='stretch'`. For `use_container_width=False`, use `width='content'`.
2025-09-22 18:25:53.718 Please replace `use_container_width` with `width`.

`use_container_width` will be removed after 2025-12-31.

For `use_container_width=True`, use `width='stretch'`. For `use_container_width=False`, use `width='content'`.
2025-09-22 18:26:24.978 Please replace `use_container_width` with `width`.

`use_container_width` will be removed after 2025-12-31.

For `use_container_width=True`, use `width='stretch'`. For `use_container_width=False`, use `width='content'`.
2025-09-22 18:26:56.092 Please replace `use_container_width` with `width`.

`use_container_width` will be removed after 2025-12-31.

For `use_container_width=True`, use `width='stretch'`. For `use_container_width=False`, use `width='content'`.
2025-09-22 18:27:27.216 Please replace `use_container_width` with `width`.

`use_container_width` will be removed after 2025-12-31.

For `use_container_width=True`, use `width='stretch'`. For `use_container_width=False`, use `width='content'`.
2025-09-22 18:27:58.371 Please replace `use_container_width` with `width`.

`use_container_width` will be removed after 2025-12-31.

For `use_container_width=True`, use `width='stretch'`. For `use_container_width=False`, use `width='content'`.
2025-09-22 18:28:29.574 Please replace `use_container_width` with `width`.

`use_container_width` will be removed after 2025-12-31.

For `use_container_width=True`, use `width='stretch'`. For `use_container_width=False`, use `width='content'`.
2025-09-22 18:29:00.682 Please replace `use_container_width` with `width`.

`use_container_width` will be removed after 2025-12-31.

For `use_container_width=True`, use `width='stretch'`. For `use_container_width=False`, use `width='content'`.
2025-09-22 18:29:31.837 Please replace `use_container_width` with `width`.

`use_container_width` will be removed after 2025-12-31.

For `use_container_width=True`, use `width='stretch'`. For `use_container_width=False`, use `width='content'`.
2025-09-22 18:30:03.030 Please replace `use_container_width` with `width`.

`use_container_width` will be removed after 2025-12-31.

For `use_container_width=True`, use `width='stretch'`. For `use_container_width=False`, use `width='content'`.
2025-09-22 18:30:34.338 Please replace `use_container_width` with `width`.

`use_container_width` will be removed after 2025-12-31.

For `use_container_width=True`, use `width='stretch'`. For `use_container_width=False`, use `width='content'`.
2025-09-22 18:31:05.558 Please replace `use_container_width` with `width`.

`use_container_width` will be removed after 2025-12-31.

For `use_container_width=True`, use `width='stretch'`. For `use_container_width=False`, use `width='content'`.
2025-09-22 18:31:36.665 Please replace `use_container_width` with `width`.

`use_container_width` will be removed after 2025-12-31.

For `use_container_width=True`, use `width='stretch'`. For `use_container_width=False`, use `width='content'`.
2025-09-22 18:32:07.908 Please replace `use_container_width` with `width`.

`use_container_width` will be removed after 2025-12-31.

For `use_container_width=True`, use `width='stretch'`. For `use_container_width=False`, use `width='content'`.
2025-09-22 18:32:38.987 Please replace `use_container_width` with `width`.

`use_container_width` will be removed after 2025-12-31.

For `use_container_width=True`, use `width='stretch'`. For `use_container_width=False`, use `width='content'`.
2025-09-22 18:33:10.229 Please replace `use_container_width` with `width`.

`use_container_width` will be removed after 2025-12-31.

For `use_container_width=True`, use `width='stretch'`. For `use_container_width=False`, use `width='content'`.
2025-09-22 18:33:41.345 Please replace `use_container_width` with `width`.

`use_container_width` will be removed after 2025-12-31.

For `use_container_width=True`, use `width='stretch'`. For `use_container_width=False`, use `width='content'`.
2025-09-22 18:34:12.667 Please replace `use_container_width` with `width`.

`use_container_width` will be removed after 2025-12-31.

For `use_container_width=True`, use `width='stretch'`. For `use_container_width=False`, use `width='content'`.
2025-09-22 18:34:43.827 Please replace `use_container_width` with `width`.

`use_container_width` will be removed after 2025-12-31.

For `use_container_width=True`, use `width='stretch'`. For `use_container_width=False`, use `width='content'`.
2025-09-22 18:35:14.948 Please replace `use_container_width` with `width`.

`use_container_width` will be removed after 2025-12-31.

For `use_container_width=True`, use `width='stretch'`. For `use_container_width=False`, use `width='content'`.
2025-09-22 18:35:46.081 Please replace `use_container_width` with `width`.

`use_container_width` will be removed after 2025-12-31.

For `use_container_width=True`, use `width='stretch'`. For `use_container_width=False`, use `width='content'`.
2025-09-22 18:36:17.207 Please replace `use_container_width` with `width`.

`use_container_width` will be removed after 2025-12-31.

For `use_container_width=True`, use `width='stretch'`. For `use_container_width=False`, use `width='content'`.
2025-09-22 18:36:48.402 Please replace `use_container_width` with `width`.

`use_container_width` will be removed after 2025-12-31.

For `use_container_width=True`, use `width='stretch'`. For `use_container_width=False`, use `width='content'`.
2025-09-22 18:37:19.570 Please replace `use_container_width` with `width`.

`use_container_width` will be removed after 2025-12-31.

For `use_container_width=True`, use `width='stretch'`. For `use_container_width=False`, use `width='content'`.
2025-09-22 18:37:50.626 Please replace `use_container_width` with `width`.

`use_container_width` will be removed after 2025-12-31.

For `use_container_width=True`, use `width='stretch'`. For `use_container_width=False`, use `width='content'`.
2025-09-22 18:38:21.797 Please replace `use_container_width` with `width`.

`use_container_width` will be removed after 2025-12-31.

For `use_container_width=True`, use `width='stretch'`. For `use_container_width=False`, use `width='content'`.
2025-09-22 18:38:52.895 Please replace `use_container_width` with `width`.

`use_container_width` will be removed after 2025-12-31.

For `use_container_width=True`, use `width='stretch'`. For `use_container_width=False`, use `width='content'`.
2025-09-22 18:39:24.318 Please replace `use_container_width` with `width`.

`use_container_width` will be removed after 2025-12-31.

For `use_container_width=True`, use `width='stretch'`. For `use_container_width=False`, use `width='content'`.
2025-09-22 18:39:55.550 Please replace `use_container_width` with `width`.

`use_container_width` will be removed after 2025-12-31.

For `use_container_width=True`, use `width='stretch'`. For `use_container_width=False`, use `width='content'`.
2025-09-22 18:40:26.774 Please replace `use_container_width` with `width`.

`use_container_width` will be removed after 2025-12-31.

For `use_container_width=True`, use `width='stretch'`. For `use_container_width=False`, use `width='content'`.
2025-09-22 18:40:57.966 Please replace `use_container_width` with `width`.

`use_container_width` will be removed after 2025-12-31.

For `use_container_width=True`, use `width='stretch'`. For `use_container_width=False`, use `width='content'`.
2025-09-22 18:41:29.215 Please replace `use_container_width` with `width`.

`use_container_width` will be removed after 2025-12-31.

For `use_container_width=True`, use `width='stretch'`. For `use_container_width=False`, use `width='content'`.
2025-09-22 18:42:00.330 Please replace `use_container_width` with `width`.

`use_container_width` will be removed after 2025-12-31.

For `use_container_width=True`, use `width='stretch'`. For `use_container_width=False`, use `width='content'`.
2025-09-22 18:42:31.399 Please replace `use_container_width` with `width`.

`use_container_width` will be removed after 2025-12-31.

For `use_container_width=True`, use `width='stretch'`. For `use_container_width=False`, use `width='content'`.
2025-09-22 18:43:02.600 Please replace `use_container_width` with `width`.

`use_container_width` will be removed after 2025-12-31.

For `use_container_width=True`, use `width='stretch'`. For `use_container_width=False`, use `width='content'`.
2025-09-22 18:43:33.887 Please replace `use_container_width` with `width`.

`use_container_width` will be removed after 2025-12-31.

For `use_container_width=True`, use `width='stretch'`. For `use_container_width=False`, use `width='content'`.
2025-09-22 18:44:05.390 Please replace `use_container_width` with `width`.

`use_container_width` will be removed after 2025-12-31.

For `use_container_width=True`, use `width='stretch'`. For `use_container_width=False`, use `width='content'`.
2025-09-22 18:44:36.454 Please replace `use_container_width` with `width`.

`use_container_width` will be removed after 2025-12-31.

For `use_container_width=True`, use `width='stretch'`. For `use_container_width=False`, use `width='content'`.
2025-09-22 18:45:07.524 Please replace `use_container_width` with `width`.

`use_container_width` will be removed after 2025-12-31.

For `use_container_width=True`, use `width='stretch'`. For `use_container_width=False`, use `width='content'`.
2025-09-22 18:45:38.650 Please replace `use_container_width` with `width`.

`use_container_width` will be removed after 2025-12-31.

For `use_container_width=True`, use `width='stretch'`. For `use_container_width=False`, use `width='content'`.
2025-09-22 18:46:09.786 Please replace `use_container_width` with `width`.

`use_container_width` will be removed after 2025-12-31.

For `use_container_width=True`, use `width='stretch'`. For `use_container_width=False`, use `width='content'`.
2025-09-22 18:46:41.045 Please replace `use_container_width` with `width`.

`use_container_width` will be removed after 2025-12-31.

For `use_container_width=True`, use `width='stretch'`. For `use_container_width=False`, use `width='content'`.
2025-09-22 18:47:12.198 Please replace `use_container_width` with `width`.

`use_container_width` will be removed after 2025-12-31.

For `use_container_width=True`, use `width='stretch'`. For `use_container_width=False`, use `width='content'`.
2025-09-22 18:47:43.411 Please replace `use_container_width` with `width`.

`use_container_width` will be removed after 2025-12-31.

For `use_container_width=True`, use `width='stretch'`. For `use_container_width=False`, use `width='content'`.
2025-09-22 18:48:14.490 Please replace `use_container_width` with `width`.

`use_container_width` will be removed after 2025-12-31.

For `use_container_width=True`, use `width='stretch'`. For `use_container_width=False`, use `width='content'`.
2025-09-22 18:48:45.762 Please replace `use_container_width` with `width`.

`use_container_width` will be removed after 2025-12-31.

For `use_container_width=True`, use `width='stretch'`. For `use_container_width=False`, use `width='content'`.
2025-09-22 18:49:16.956 Please replace `use_container_width` with `width`.

`use_container_width` will be removed after 2025-12-31.

For `use_container_width=True`, use `width='stretch'`. For `use_container_width=False`, use `width='content'`.
2025-09-22 18:49:48.170 Please replace `use_container_width` with `width`.

`use_container_width` will be removed after 2025-12-31.

For `use_container_width=True`, use `width='stretch'`. For `use_container_width=False`, use `width='content'`.
2025-09-22 18:50:19.541 Please replace `use_container_width` with `width`.

`use_container_width` will be removed after 2025-12-31.

For `use_container_width=True`, use `width='stretch'`. For `use_container_width=False`, use `width='content'`.
2025-09-22 18:50:50.887 Please replace `use_container_width` with `width`.

`use_container_width` will be removed after 2025-12-31.

For `use_container_width=True`, use `width='stretch'`. For `use_container_width=False`, use `width='content'`.
2025-09-22 18:51:22.327 Please replace `use_container_width` with `width`.

`use_container_width` will be removed after 2025-12-31.

For `use_container_width=True`, use `width='stretch'`. For `use_container_width=False`, use `width='content'`.
2025-09-22 18:51:53.513 Please replace `use_container_width` with `width`.

`use_container_width` will be removed after 2025-12-31.

For `use_container_width=True`, use `width='stretch'`. For `use_container_width=False`, use `width='content'`.
2025-09-22 18:52:24.700 Please replace `use_container_width` with `width`.

`use_container_width` will be removed after 2025-12-31.

For `use_container_width=True`, use `width='stretch'`. For `use_container_width=False`, use `width='content'`.
2025-09-22 18:52:55.953 Please replace `use_container_width` with `width`.

`use_container_width` will be removed after 2025-12-31.

For `use_container_width=True`, use `width='stretch'`. For `use_container_width=False`, use `width='content'`.
2025-09-22 18:53:27.080 Please replace `use_container_width` with `width`.

`use_container_width` will be removed after 2025-12-31.

For `use_container_width=True`, use `width='stretch'`. For `use_container_width=False`, use `width='content'`.
2025-09-22 18:53:58.328 Please replace `use_container_width` with `width`.

`use_container_width` will be removed after 2025-12-31.

For `use_container_width=True`, use `width='stretch'`. For `use_container_width=False`, use `width='content'`.
2025-09-22 18:54:29.384 Please replace `use_container_width` with `width`.

`use_container_width` will be removed after 2025-12-31.

For `use_container_width=True`, use `width='stretch'`. For `use_container_width=False`, use `width='content'`.
2025-09-22 18:55:00.502 Please replace `use_container_width` with `width`.

`use_container_width` will be removed after 2025-12-31.

For `use_container_width=True`, use `width='stretch'`. For `use_container_width=False`, use `width='content'`.
2025-09-22 18:55:31.654 Please replace `use_container_width` with `width`.

`use_container_width` will be removed after 2025-12-31.

For `use_container_width=True`, use `width='stretch'`. For `use_container_width=False`, use `width='content'`.
2025-09-22 18:56:02.726 Please replace `use_container_width` with `width`.

`use_container_width` will be removed after 2025-12-31.

For `use_container_width=True`, use `width='stretch'`. For `use_container_width=False`, use `width='content'`.
2025-09-22 18:56:33.890 Please replace `use_container_width` with `width`.

`use_container_width` will be removed after 2025-12-31.

For `use_container_width=True`, use `width='stretch'`. For `use_container_width=False`, use `width='content'`.
2025-09-22 18:57:05.245 Please replace `use_container_width` with `width`.

`use_container_width` will be removed after 2025-12-31.

For `use_container_width=True`, use `width='stretch'`. For `use_container_width=False`, use `width='content'`.
2025-09-22 18:57:36.451 Please replace `use_container_width` with `width`.

`use_container_width` will be removed after 2025-12-31.

For `use_container_width=True`, use `width='stretch'`. For `use_container_width=False`, use `width='content'`.
2025-09-22 18:58:07.565 Please replace `use_container_width` with `width`.

`use_container_width` will be removed after 2025-12-31.

For `use_container_width=True`, use `width='stretch'`. For `use_container_width=False`, use `width='content'`.
2025-09-22 18:58:38.715 Please replace `use_container_width` with `width`.

`use_container_width` will be removed after 2025-12-31.

For `use_container_width=True`, use `width='stretch'`. For `use_container_width=False`, use `width='content'`.
2025-09-22 18:59:10.043 Please replace `use_container_width` with `width`.

`use_container_width` will be removed after 2025-12-31.

For `use_container_width=True`, use `width='stretch'`. For `use_container_width=False`, use `width='content'`.
2025-09-22 18:59:41.163 Please replace `use_container_width` with `width`.

`use_container_width` will be removed after 2025-12-31.

For `use_container_width=True`, use `width='stretch'`. For `use_container_width=False`, use `width='content'`.
2025-09-22 19:00:12.595 Please replace `use_container_width` with `width`.

`use_container_width` will be removed after 2025-12-31.

For `use_container_width=True`, use `width='stretch'`. For `use_container_width=False`, use `width='content'`.
2025-09-22 19:00:43.821 Please replace `use_container_width` with `width`.

`use_container_width` will be removed after 2025-12-31.

For `use_container_width=True`, use `width='stretch'`. For `use_container_width=False`, use `width='content'`.
2025-09-22 19:01:14.931 Please replace `use_container_width` with `width`.

`use_container_width` will be removed after 2025-12-31.

For `use_container_width=True`, use `width='stretch'`. For `use_container_width=False`, use `width='content'`.
2025-09-22 19:01:46.367 Please replace `use_container_width` with `width`.

`use_container_width` will be removed after 2025-12-31.

For `use_container_width=True`, use `width='stretch'`. For `use_container_width=False`, use `width='content'`.
2025-09-22 19:02:17.496 Please replace `use_container_width` with `width`.

`use_container_width` will be removed after 2025-12-31.

For `use_container_width=True`, use `width='stretch'`. For `use_container_width=False`, use `width='content'`.
2025-09-22 19:02:48.655 Please replace `use_container_width` with `width`.

`use_container_width` will be removed after 2025-12-31.

For `use_container_width=True`, use `width='stretch'`. For `use_container_width=False`, use `width='content'`.
2025-09-22 19:03:19.933 Please replace `use_container_width` with `width`.

`use_container_width` will be removed after 2025-12-31.

For `use_container_width=True`, use `width='stretch'`. For `use_container_width=False`, use `width='content'`.
2025-09-22 19:03:51.065 Please replace `use_container_width` with `width`.

`use_container_width` will be removed after 2025-12-31.

For `use_container_width=True`, use `width='stretch'`. For `use_container_width=False`, use `width='content'`.
2025-09-22 19:04:22.271 Please replace `use_container_width` with `width`.

`use_container_width` will be removed after 2025-12-31.

For `use_container_width=True`, use `width='stretch'`. For `use_container_width=False`, use `width='content'`.
2025-09-22 19:04:53.545 Please replace `use_container_width` with `width`.

`use_container_width` will be removed after 2025-12-31.

For `use_container_width=True`, use `width='stretch'`. For `use_container_width=False`, use `width='content'`.
2025-09-22 19:05:24.972 Please replace `use_container_width` with `width`.

`use_container_width` will be removed after 2025-12-31.

For `use_container_width=True`, use `width='stretch'`. For `use_container_width=False`, use `width='content'`.
2025-09-22 19:05:56.465 Please replace `use_container_width` with `width`.

`use_container_width` will be removed after 2025-12-31.

For `use_container_width=True`, use `width='stretch'`. For `use_container_width=False`, use `width='content'`.
2025-09-22 19:06:27.534 Please replace `use_container_width` with `width`.

`use_container_width` will be removed after 2025-12-31.

For `use_container_width=True`, use `width='stretch'`. For `use_container_width=False`, use `width='content'`.
2025-09-22 19:06:59.052 Please replace `use_container_width` with `width`.

`use_container_width` will be removed after 2025-12-31.

For `use_container_width=True`, use `width='stretch'`. For `use_container_width=False`, use `width='content'`.
2025-09-22 19:07:30.322 Please replace `use_container_width` with `width`.

`use_container_width` will be removed after 2025-12-31.

For `use_container_width=True`, use `width='stretch'`. For `use_container_width=False`, use `width='content'`.
2025-09-22 19:08:01.431 Please replace `use_container_width` with `width`.

`use_container_width` will be removed after 2025-12-31.

For `use_container_width=True`, use `width='stretch'`. For `use_container_width=False`, use `width='content'`.
2025-09-22 19:08:32.844 Please replace `use_container_width` with `width`.

`use_container_width` will be removed after 2025-12-31.

For `use_container_width=True`, use `width='stretch'`. For `use_container_width=False`, use `width='content'`.
2025-09-22 19:09:04.268 Please replace `use_container_width` with `width`.

`use_container_width` will be removed after 2025-12-31.

For `use_container_width=True`, use `width='stretch'`. For `use_container_width=False`, use `width='content'`.
2025-09-22 19:09:35.440 Please replace `use_container_width` with `width`.

`use_container_width` will be removed after 2025-12-31.

For `use_container_width=True`, use `width='stretch'`. For `use_container_width=False`, use `width='content'`.
2025-09-22 19:10:06.926 Please replace `use_container_width` with `width`.

`use_container_width` will be removed after 2025-12-31.

For `use_container_width=True`, use `width='stretch'`. For `use_container_width=False`, use `width='content'`.
2025-09-22 19:10:38.268 Please replace `use_container_width` with `width`.

`use_container_width` will be removed after 2025-12-31.

For `use_container_width=True`, use `width='stretch'`. For `use_container_width=False`, use `width='content'`.
2025-09-22 19:11:09.372 Please replace `use_container_width` with `width`.

`use_container_width` will be removed after 2025-12-31.

For `use_container_width=True`, use `width='stretch'`. For `use_container_width=False`, use `width='content'`.
2025-09-22 19:11:40.635 Please replace `use_container_width` with `width`.

`use_container_width` will be removed after 2025-12-31.

For `use_container_width=True`, use `width='stretch'`. For `use_container_width=False`, use `width='content'`.
2025-09-22 19:12:11.910 Please replace `use_container_width` with `width`.

`use_container_width` will be removed after 2025-12-31.

For `use_container_width=True`, use `width='stretch'`. For `use_container_width=False`, use `width='content'`.
2025-09-22 19:12:43.341 Please replace `use_container_width` with `width`.

`use_container_width` will be removed after 2025-12-31.

For `use_container_width=True`, use `width='stretch'`. For `use_container_width=False`, use `width='content'`.
2025-09-22 19:13:14.515 Please replace `use_container_width` with `width`.

`use_container_width` will be removed after 2025-12-31.

For `use_container_width=True`, use `width='stretch'`. For `use_container_width=False`, use `width='content'`.
2025-09-22 19:13:45.722 Please replace `use_container_width` with `width`.

`use_container_width` will be removed after 2025-12-31.

For `use_container_width=True`, use `width='stretch'`. For `use_container_width=False`, use `width='content'`.
2025-09-22 19:14:16.837 Please replace `use_container_width` with `width`.

`use_container_width` will be removed after 2025-12-31.

For `use_container_width=True`, use `width='stretch'`. For `use_container_width=False`, use `width='content'`.
2025-09-22 19:14:48.122 Please replace `use_container_width` with `width`.

`use_container_width` will be removed after 2025-12-31.

For `use_container_width=True`, use `width='stretch'`. For `use_container_width=False`, use `width='content'`.
2025-09-22 19:15:19.280 Please replace `use_container_width` with `width`.

`use_container_width` will be removed after 2025-12-31.

For `use_container_width=True`, use `width='stretch'`. For `use_container_width=False`, use `width='content'`.
2025-09-22 19:15:50.617 Please replace `use_container_width` with `width`.

`use_container_width` will be removed after 2025-12-31.

For `use_container_width=True`, use `width='stretch'`. For `use_container_width=False`, use `width='content'`.
2025-09-22 19:16:21.924 Please replace `use_container_width` with `width`.

`use_container_width` will be removed after 2025-12-31.

For `use_container_width=True`, use `width='stretch'`. For `use_container_width=False`, use `width='content'`.
2025-09-22 19:16:53.063 Please replace `use_container_width` with `width`.

`use_container_width` will be removed after 2025-12-31.

For `use_container_width=True`, use `width='stretch'`. For `use_container_width=False`, use `width='content'`.
2025-09-22 19:17:24.321 Please replace `use_container_width` with `width`.

`use_container_width` will be removed after 2025-12-31.

For `use_container_width=True`, use `width='stretch'`. For `use_container_width=False`, use `width='content'`.
2025-09-22 19:17:55.488 Please replace `use_container_width` with `width`.

`use_container_width` will be removed after 2025-12-31.

For `use_container_width=True`, use `width='stretch'`. For `use_container_width=False`, use `width='content'`.
2025-09-22 19:18:26.796 Please replace `use_container_width` with `width`.

`use_container_width` will be removed after 2025-12-31.

For `use_container_width=True`, use `width='stretch'`. For `use_container_width=False`, use `width='content'`.
2025-09-22 19:18:57.940 Please replace `use_container_width` with `width`.

`use_container_width` will be removed after 2025-12-31.

For `use_container_width=True`, use `width='stretch'`. For `use_container_width=False`, use `width='content'`.
2025-09-22 19:19:29.289 Please replace `use_container_width` with `width`.

`use_container_width` will be removed after 2025-12-31.

For `use_container_width=True`, use `width='stretch'`. For `use_container_width=False`, use `width='content'`.
2025-09-22 19:20:00.626 Please replace `use_container_width` with `width`.

`use_container_width` will be removed after 2025-12-31.

For `use_container_width=True`, use `width='stretch'`. For `use_container_width=False`, use `width='content'`.
2025-09-22 19:20:31.927 Please replace `use_container_width` with `width`.

`use_container_width` will be removed after 2025-12-31.

For `use_container_width=True`, use `width='stretch'`. For `use_container_width=False`, use `width='content'`.
2025-09-22 19:21:03.078 Please replace `use_container_width` with `width`.

`use_container_width` will be removed after 2025-12-31.

For `use_container_width=True`, use `width='stretch'`. For `use_container_width=False`, use `width='content'`.
2025-09-22 19:21:34.405 Please replace `use_container_width` with `width`.

`use_container_width` will be removed after 2025-12-31.

For `use_container_width=True`, use `width='stretch'`. For `use_container_width=False`, use `width='content'`.
2025-09-22 19:22:05.534 Please replace `use_container_width` with `width`.

`use_container_width` will be removed after 2025-12-31.

For `use_container_width=True`, use `width='stretch'`. For `use_container_width=False`, use `width='content'`.
2025-09-22 19:22:36.735 Please replace `use_container_width` with `width`.

`use_container_width` will be removed after 2025-12-31.

For `use_container_width=True`, use `width='stretch'`. For `use_container_width=False`, use `width='content'`.
2025-09-22 19:23:07.986 Please replace `use_container_width` with `width`.

`use_container_width` will be removed after 2025-12-31.

For `use_container_width=True`, use `width='stretch'`. For `use_container_width=False`, use `width='content'`.
2025-09-22 19:23:39.137 Please replace `use_container_width` with `width`.

`use_container_width` will be removed after 2025-12-31.

For `use_container_width=True`, use `width='stretch'`. For `use_container_width=False`, use `width='content'`.
2025-09-22 19:24:10.503 Please replace `use_container_width` with `width`.

`use_container_width` will be removed after 2025-12-31.

For `use_container_width=True`, use `width='stretch'`. For `use_container_width=False`, use `width='content'`.
2025-09-22 19:24:41.773 Please replace `use_container_width` with `width`.

`use_container_width` will be removed after 2025-12-31.

For `use_container_width=True`, use `width='stretch'`. For `use_container_width=False`, use `width='content'`.
2025-09-22 19:25:12.838 Please replace `use_container_width` with `width`.

`use_container_width` will be removed after 2025-12-31.

For `use_container_width=True`, use `width='stretch'`. For `use_container_width=False`, use `width='content'`.
2025-09-22 19:25:43.990 Please replace `use_container_width` with `width`.

`use_container_width` will be removed after 2025-12-31.

For `use_container_width=True`, use `width='stretch'`. For `use_container_width=False`, use `width='content'`.
2025-09-22 19:26:15.134 Please replace `use_container_width` with `width`.

`use_container_width` will be removed after 2025-12-31.

For `use_container_width=True`, use `width='stretch'`. For `use_container_width=False`, use `width='content'`.
2025-09-22 19:26:46.185 Please replace `use_container_width` with `width`.

`use_container_width` will be removed after 2025-12-31.

For `use_container_width=True`, use `width='stretch'`. For `use_container_width=False`, use `width='content'`.
2025-09-22 19:27:17.332 Please replace `use_container_width` with `width`.

`use_container_width` will be removed after 2025-12-31.

For `use_container_width=True`, use `width='stretch'`. For `use_container_width=False`, use `width='content'`.
2025-09-22 19:27:48.514 Please replace `use_container_width` with `width`.

`use_container_width` will be removed after 2025-12-31.

For `use_container_width=True`, use `width='stretch'`. For `use_container_width=False`, use `width='content'`.
2025-09-22 19:28:19.708 Please replace `use_container_width` with `width`.

`use_container_width` will be removed after 2025-12-31.

For `use_container_width=True`, use `width='stretch'`. For `use_container_width=False`, use `width='content'`.
2025-09-22 19:28:51.075 Please replace `use_container_width` with `width`.

`use_container_width` will be removed after 2025-12-31.

For `use_container_width=True`, use `width='stretch'`. For `use_container_width=False`, use `width='content'`.
2025-09-22 19:29:22.084 Please replace `use_container_width` with `width`.

`use_container_width` will be removed after 2025-12-31.

For `use_container_width=True`, use `width='stretch'`. For `use_container_width=False`, use `width='content'`.
2025-09-22 19:29:53.345 Please replace `use_container_width` with `width`.

`use_container_width` will be removed after 2025-12-31.

For `use_container_width=True`, use `width='stretch'`. For `use_container_width=False`, use `width='content'`.
2025-09-22 19:30:24.672 Please replace `use_container_width` with `width`.

`use_container_width` will be removed after 2025-12-31.

For `use_container_width=True`, use `width='stretch'`. For `use_container_width=False`, use `width='content'`.
2025-09-22 19:30:55.749 Please replace `use_container_width` with `width`.

`use_container_width` will be removed after 2025-12-31.

For `use_container_width=True`, use `width='stretch'`. For `use_container_width=False`, use `width='content'`.
2025-09-22 19:31:26.968 Please replace `use_container_width` with `width`.

`use_container_width` will be removed after 2025-12-31.

For `use_container_width=True`, use `width='stretch'`. For `use_container_width=False`, use `width='content'`.
2025-09-22 19:31:58.004 Please replace `use_container_width` with `width`.

`use_container_width` will be removed after 2025-12-31.

For `use_container_width=True`, use `width='stretch'`. For `use_container_width=False`, use `width='content'`.
2025-09-22 19:32:29.331 Please replace `use_container_width` with `width`.

`use_container_width` will be removed after 2025-12-31.

For `use_container_width=True`, use `width='stretch'`. For `use_container_width=False`, use `width='content'`.
2025-09-22 19:33:00.349 Please replace `use_container_width` with `width`.

`use_container_width` will be removed after 2025-12-31.

For `use_container_width=True`, use `width='stretch'`. For `use_container_width=False`, use `width='content'`.
2025-09-22 19:33:31.890 Please replace `use_container_width` with `width`.

`use_container_width` will be removed after 2025-12-31.

For `use_container_width=True`, use `width='stretch'`. For `use_container_width=False`, use `width='content'`.
2025-09-22 19:34:03.119 Please replace `use_container_width` with `width`.

`use_container_width` will be removed after 2025-12-31.

For `use_container_width=True`, use `width='stretch'`. For `use_container_width=False`, use `width='content'`.
2025-09-22 19:34:34.428 Please replace `use_container_width` with `width`.

`use_container_width` will be removed after 2025-12-31.

For `use_container_width=True`, use `width='stretch'`. For `use_container_width=False`, use `width='content'`.
2025-09-22 19:35:05.514 Please replace `use_container_width` with `width`.

`use_container_width` will be removed after 2025-12-31.

For `use_container_width=True`, use `width='stretch'`. For `use_container_width=False`, use `width='content'`.
2025-09-22 19:35:36.452 Please replace `use_container_width` with `width`.

`use_container_width` will be removed after 2025-12-31.

For `use_container_width=True`, use `width='stretch'`. For `use_container_width=False`, use `width='content'`.
2025-09-22 19:36:12.306 Please replace `use_container_width` with `width`.

`use_container_width` will be removed after 2025-12-31.

For `use_container_width=True`, use `width='stretch'`. For `use_container_width=False`, use `width='content'`.
2025-09-22 19:36:43.351 Please replace `use_container_width` with `width`.

`use_container_width` will be removed after 2025-12-31.

For `use_container_width=True`, use `width='stretch'`. For `use_container_width=False`, use `width='content'`.
2025-09-22 19:37:14.493 Please replace `use_container_width` with `width`.

`use_container_width` will be removed after 2025-12-31.

For `use_container_width=True`, use `width='stretch'`. For `use_container_width=False`, use `width='content'`.
2025-09-22 19:37:45.640 Please replace `use_container_width` with `width`.

`use_container_width` will be removed after 2025-12-31.

For `use_container_width=True`, use `width='stretch'`. For `use_container_width=False`, use `width='content'`.
2025-09-22 19:38:17.046 Please replace `use_container_width` with `width`.

`use_container_width` will be removed after 2025-12-31.

For `use_container_width=True`, use `width='stretch'`. For `use_container_width=False`, use `width='content'`.
2025-09-22 19:38:48.303 Please replace `use_container_width` with `width`.

`use_container_width` will be removed after 2025-12-31.

For `use_container_width=True`, use `width='stretch'`. For `use_container_width=False`, use `width='content'`.
2025-09-22 19:39:19.700 Please replace `use_container_width` with `width`.

`use_container_width` will be removed after 2025-12-31.

For `use_container_width=True`, use `width='stretch'`. For `use_container_width=False`, use `width='content'`.
2025-09-22 19:39:50.891 Please replace `use_container_width` with `width`.

`use_container_width` will be removed after 2025-12-31.

For `use_container_width=True`, use `width='stretch'`. For `use_container_width=False`, use `width='content'`.
2025-09-22 19:40:21.895 Please replace `use_container_width` with `width`.

`use_container_width` will be removed after 2025-12-31.

For `use_container_width=True`, use `width='stretch'`. For `use_container_width=False`, use `width='content'`.
2025-09-22 19:40:53.056 Please replace `use_container_width` with `width`.

`use_container_width` will be removed after 2025-12-31.

For `use_container_width=True`, use `width='stretch'`. For `use_container_width=False`, use `width='content'`.
2025-09-22 19:41:24.044 Please replace `use_container_width` with `width`.

`use_container_width` will be removed after 2025-12-31.

For `use_container_width=True`, use `width='stretch'`. For `use_container_width=False`, use `width='content'`.
2025-09-22 19:41:55.131 Please replace `use_container_width` with `width`.

`use_container_width` will be removed after 2025-12-31.

For `use_container_width=True`, use `width='stretch'`. For `use_container_width=False`, use `width='content'`.
2025-09-22 19:42:26.155 Please replace `use_container_width` with `width`.

`use_container_width` will be removed after 2025-12-31.

For `use_container_width=True`, use `width='stretch'`. For `use_container_width=False`, use `width='content'`.
2025-09-22 19:42:57.255 Please replace `use_container_width` with `width`.

`use_container_width` will be removed after 2025-12-31.

For `use_container_width=True`, use `width='stretch'`. For `use_container_width=False`, use `width='content'`.
2025-09-22 19:43:28.403 Please replace `use_container_width` with `width`.

`use_container_width` will be removed after 2025-12-31.

For `use_container_width=True`, use `width='stretch'`. For `use_container_width=False`, use `width='content'`.
2025-09-22 19:43:59.455 Please replace `use_container_width` with `width`.

`use_container_width` will be removed after 2025-12-31.

For `use_container_width=True`, use `width='stretch'`. For `use_container_width=False`, use `width='content'`.
2025-09-22 19:44:30.624 Please replace `use_container_width` with `width`.

`use_container_width` will be removed after 2025-12-31.

For `use_container_width=True`, use `width='stretch'`. For `use_container_width=False`, use `width='content'`.
2025-09-22 19:45:01.589 Please replace `use_container_width` with `width`.

`use_container_width` will be removed after 2025-12-31.

For `use_container_width=True`, use `width='stretch'`. For `use_container_width=False`, use `width='content'`.
2025-09-22 19:45:32.881 Please replace `use_container_width` with `width`.

`use_container_width` will be removed after 2025-12-31.

For `use_container_width=True`, use `width='stretch'`. For `use_container_width=False`, use `width='content'`.
2025-09-22 19:46:04.241 Please replace `use_container_width` with `width`.

`use_container_width` will be removed after 2025-12-31.

For `use_container_width=True`, use `width='stretch'`. For `use_container_width=False`, use `width='content'`.
2025-09-22 19:46:35.172 Please replace `use_container_width` with `width`.

`use_container_width` will be removed after 2025-12-31.

For `use_container_width=True`, use `width='stretch'`. For `use_container_width=False`, use `width='content'`.
2025-09-22 19:47:06.324 Please replace `use_container_width` with `width`.

`use_container_width` will be removed after 2025-12-31.

For `use_container_width=True`, use `width='stretch'`. For `use_container_width=False`, use `width='content'`.
2025-09-22 19:47:37.430 Please replace `use_container_width` with `width`.

`use_container_width` will be removed after 2025-12-31.

For `use_container_width=True`, use `width='stretch'`. For `use_container_width=False`, use `width='content'`.
2025-09-22 19:48:08.454 Please replace `use_container_width` with `width`.

`use_container_width` will be removed after 2025-12-31.

For `use_container_width=True`, use `width='stretch'`. For `use_container_width=False`, use `width='content'`.
2025-09-22 19:48:39.636 Please replace `use_container_width` with `width`.

`use_container_width` will be removed after 2025-12-31.

For `use_container_width=True`, use `width='stretch'`. For `use_container_width=False`, use `width='content'`.
2025-09-22 19:49:10.767 Please replace `use_container_width` with `width`.

`use_container_width` will be removed after 2025-12-31.

For `use_container_width=True`, use `width='stretch'`. For `use_container_width=False`, use `width='content'`.
2025-09-22 19:49:41.837 Please replace `use_container_width` with `width`.

`use_container_width` will be removed after 2025-12-31.

For `use_container_width=True`, use `width='stretch'`. For `use_container_width=False`, use `width='content'`.
2025-09-22 19:50:12.990 Please replace `use_container_width` with `width`.

`use_container_width` will be removed after 2025-12-31.

For `use_container_width=True`, use `width='stretch'`. For `use_container_width=False`, use `width='content'`.
2025-09-22 19:50:44.294 Please replace `use_container_width` with `width`.

`use_container_width` will be removed after 2025-12-31.

For `use_container_width=True`, use `width='stretch'`. For `use_container_width=False`, use `width='content'`.
2025-09-22 19:51:15.598 Please replace `use_container_width` with `width`.

`use_container_width` will be removed after 2025-12-31.

For `use_container_width=True`, use `width='stretch'`. For `use_container_width=False`, use `width='content'`.
2025-09-22 19:51:46.858 Please replace `use_container_width` with `width`.

`use_container_width` will be removed after 2025-12-31.

For `use_container_width=True`, use `width='stretch'`. For `use_container_width=False`, use `width='content'`.
2025-09-22 19:52:18.009 Please replace `use_container_width` with `width`.

`use_container_width` will be removed after 2025-12-31.

For `use_container_width=True`, use `width='stretch'`. For `use_container_width=False`, use `width='content'`.
2025-09-22 19:52:49.120 Please replace `use_container_width` with `width`.

`use_container_width` will be removed after 2025-12-31.

For `use_container_width=True`, use `width='stretch'`. For `use_container_width=False`, use `width='content'`.
2025-09-22 19:53:20.291 Please replace `use_container_width` with `width`.

`use_container_width` will be removed after 2025-12-31.

For `use_container_width=True`, use `width='stretch'`. For `use_container_width=False`, use `width='content'`.
2025-09-22 19:53:51.617 Please replace `use_container_width` with `width`.

`use_container_width` will be removed after 2025-12-31.

For `use_container_width=True`, use `width='stretch'`. For `use_container_width=False`, use `width='content'`.
2025-09-22 19:54:22.822 Please replace `use_container_width` with `width`.

`use_container_width` will be removed after 2025-12-31.

For `use_container_width=True`, use `width='stretch'`. For `use_container_width=False`, use `width='content'`.
2025-09-22 19:54:53.902 Please replace `use_container_width` with `width`.

`use_container_width` will be removed after 2025-12-31.

For `use_container_width=True`, use `width='stretch'`. For `use_container_width=False`, use `width='content'`.
2025-09-22 19:55:25.150 Please replace `use_container_width` with `width`.

`use_container_width` will be removed after 2025-12-31.

For `use_container_width=True`, use `width='stretch'`. For `use_container_width=False`, use `width='content'`.
2025-09-22 19:55:56.217 Please replace `use_container_width` with `width`.

`use_container_width` will be removed after 2025-12-31.

For `use_container_width=True`, use `width='stretch'`. For `use_container_width=False`, use `width='content'`.
2025-09-22 19:56:27.483 Please replace `use_container_width` with `width`.

`use_container_width` will be removed after 2025-12-31.

For `use_container_width=True`, use `width='stretch'`. For `use_container_width=False`, use `width='content'`.
2025-09-22 19:56:58.385 Please replace `use_container_width` with `width`.

`use_container_width` will be removed after 2025-12-31.

For `use_container_width=True`, use `width='stretch'`. For `use_container_width=False`, use `width='content'`.
2025-09-22 19:57:29.386 Please replace `use_container_width` with `width`.

`use_container_width` will be removed after 2025-12-31.

For `use_container_width=True`, use `width='stretch'`. For `use_container_width=False`, use `width='content'`.
2025-09-22 19:58:00.583 Please replace `use_container_width` with `width`.

`use_container_width` will be removed after 2025-12-31.

For `use_container_width=True`, use `width='stretch'`. For `use_container_width=False`, use `width='content'`.
2025-09-22 19:58:31.719 Please replace `use_container_width` with `width`.

`use_container_width` will be removed after 2025-12-31.

For `use_container_width=True`, use `width='stretch'`. For `use_container_width=False`, use `width='content'`.
2025-09-22 19:59:02.755 Please replace `use_container_width` with `width`.

`use_container_width` will be removed after 2025-12-31.

For `use_container_width=True`, use `width='stretch'`. For `use_container_width=False`, use `width='content'`.
2025-09-22 19:59:34.052 Please replace `use_container_width` with `width`.

`use_container_width` will be removed after 2025-12-31.

For `use_container_width=True`, use `width='stretch'`. For `use_container_width=False`, use `width='content'`.
2025-09-22 20:00:05.224 Please replace `use_container_width` with `width`.

`use_container_width` will be removed after 2025-12-31.

For `use_container_width=True`, use `width='stretch'`. For `use_container_width=False`, use `width='content'`.
2025-09-22 20:00:36.210 Please replace `use_container_width` with `width`.

`use_container_width` will be removed after 2025-12-31.

For `use_container_width=True`, use `width='stretch'`. For `use_container_width=False`, use `width='content'`.
2025-09-22 20:01:07.313 Please replace `use_container_width` with `width`.

`use_container_width` will be removed after 2025-12-31.

For `use_container_width=True`, use `width='stretch'`. For `use_container_width=False`, use `width='content'`.
2025-09-22 20:01:38.311 Please replace `use_container_width` with `width`.

`use_container_width` will be removed after 2025-12-31.

For `use_container_width=True`, use `width='stretch'`. For `use_container_width=False`, use `width='content'`.
2025-09-22 20:02:09.360 Please replace `use_container_width` with `width`.

`use_container_width` will be removed after 2025-12-31.

For `use_container_width=True`, use `width='stretch'`. For `use_container_width=False`, use `width='content'`.
2025-09-22 20:02:40.433 Please replace `use_container_width` with `width`.

`use_container_width` will be removed after 2025-12-31.

For `use_container_width=True`, use `width='stretch'`. For `use_container_width=False`, use `width='content'`.
2025-09-22 20:03:11.454 Please replace `use_container_width` with `width`.

`use_container_width` will be removed after 2025-12-31.

For `use_container_width=True`, use `width='stretch'`. For `use_container_width=False`, use `width='content'`.
2025-09-22 20:03:42.511 Please replace `use_container_width` with `width`.

`use_container_width` will be removed after 2025-12-31.

For `use_container_width=True`, use `width='stretch'`. For `use_container_width=False`, use `width='content'`.
2025-09-22 20:04:13.711 Please replace `use_container_width` with `width`.

`use_container_width` will be removed after 2025-12-31.

For `use_container_width=True`, use `width='stretch'`. For `use_container_width=False`, use `width='content'`.
2025-09-22 20:04:44.837 Please replace `use_container_width` with `width`.

`use_container_width` will be removed after 2025-12-31.

For `use_container_width=True`, use `width='stretch'`. For `use_container_width=False`, use `width='content'`.
2025-09-22 20:05:15.915 Please replace `use_container_width` with `width`.

`use_container_width` will be removed after 2025-12-31.

For `use_container_width=True`, use `width='stretch'`. For `use_container_width=False`, use `width='content'`.
2025-09-22 20:05:47.017 Please replace `use_container_width` with `width`.

`use_container_width` will be removed after 2025-12-31.

For `use_container_width=True`, use `width='stretch'`. For `use_container_width=False`, use `width='content'`.
2025-09-22 20:06:18.055 Please replace `use_container_width` with `width`.

`use_container_width` will be removed after 2025-12-31.

For `use_container_width=True`, use `width='stretch'`. For `use_container_width=False`, use `width='content'`.
2025-09-22 20:06:49.063 Please replace `use_container_width` with `width`.

`use_container_width` will be removed after 2025-12-31.

For `use_container_width=True`, use `width='stretch'`. For `use_container_width=False`, use `width='content'`.
2025-09-22 20:07:20.217 Please replace `use_container_width` with `width`.

`use_container_width` will be removed after 2025-12-31.

For `use_container_width=True`, use `width='stretch'`. For `use_container_width=False`, use `width='content'`.
2025-09-22 20:07:51.291 Please replace `use_container_width` with `width`.

`use_container_width` will be removed after 2025-12-31.

For `use_container_width=True`, use `width='stretch'`. For `use_container_width=False`, use `width='content'`.
2025-09-22 20:08:22.404 Please replace `use_container_width` with `width`.

`use_container_width` will be removed after 2025-12-31.

For `use_container_width=True`, use `width='stretch'`. For `use_container_width=False`, use `width='content'`.
2025-09-22 20:08:53.591 Please replace `use_container_width` with `width`.

`use_container_width` will be removed after 2025-12-31.

For `use_container_width=True`, use `width='stretch'`. For `use_container_width=False`, use `width='content'`.
2025-09-22 20:09:24.711 Please replace `use_container_width` with `width`.

`use_container_width` will be removed after 2025-12-31.

For `use_container_width=True`, use `width='stretch'`. For `use_container_width=False`, use `width='content'`.
2025-09-22 20:09:55.887 Please replace `use_container_width` with `width`.

`use_container_width` will be removed after 2025-12-31.

For `use_container_width=True`, use `width='stretch'`. For `use_container_width=False`, use `width='content'`.
2025-09-22 20:10:26.874 Please replace `use_container_width` with `width`.

`use_container_width` will be removed after 2025-12-31.

For `use_container_width=True`, use `width='stretch'`. For `use_container_width=False`, use `width='content'`.
2025-09-22 20:10:58.011 Please replace `use_container_width` with `width`.

`use_container_width` will be removed after 2025-12-31.

For `use_container_width=True`, use `width='stretch'`. For `use_container_width=False`, use `width='content'`.
2025-09-22 20:11:29.149 Please replace `use_container_width` with `width`.

`use_container_width` will be removed after 2025-12-31.

For `use_container_width=True`, use `width='stretch'`. For `use_container_width=False`, use `width='content'`.
2025-09-22 20:12:00.158 Please replace `use_container_width` with `width`.

`use_container_width` will be removed after 2025-12-31.

For `use_container_width=True`, use `width='stretch'`. For `use_container_width=False`, use `width='content'`.
2025-09-22 20:12:31.313 Please replace `use_container_width` with `width`.

`use_container_width` will be removed after 2025-12-31.

For `use_container_width=True`, use `width='stretch'`. For `use_container_width=False`, use `width='content'`.
2025-09-22 20:13:02.443 Please replace `use_container_width` with `width`.

`use_container_width` will be removed after 2025-12-31.

For `use_container_width=True`, use `width='stretch'`. For `use_container_width=False`, use `width='content'`.
2025-09-22 20:13:33.573 Please replace `use_container_width` with `width`.

`use_container_width` will be removed after 2025-12-31.

For `use_container_width=True`, use `width='stretch'`. For `use_container_width=False`, use `width='content'`.
2025-09-22 20:13:51.809 Please replace `use_container_width` with `width`.

`use_container_width` will be removed after 2025-12-31.

For `use_container_width=True`, use `width='stretch'`. For `use_container_width=False`, use `width='content'`.
2025-09-22 20:14:22.896 Please replace `use_container_width` with `width`.

`use_container_width` will be removed after 2025-12-31.

For `use_container_width=True`, use `width='stretch'`. For `use_container_width=False`, use `width='content'`.
2025-09-22 20:14:53.890 Please replace `use_container_width` with `width`.

`use_container_width` will be removed after 2025-12-31.

For `use_container_width=True`, use `width='stretch'`. For `use_container_width=False`, use `width='content'`.
2025-09-22 20:15:25.095 Please replace `use_container_width` with `width`.

`use_container_width` will be removed after 2025-12-31.

For `use_container_width=True`, use `width='stretch'`. For `use_container_width=False`, use `width='content'`.
2025-09-22 20:15:56.110 Please replace `use_container_width` with `width`.

`use_container_width` will be removed after 2025-12-31.

For `use_container_width=True`, use `width='stretch'`. For `use_container_width=False`, use `width='content'`.
2025-09-22 20:16:27.109 Please replace `use_container_width` with `width`.

`use_container_width` will be removed after 2025-12-31.

For `use_container_width=True`, use `width='stretch'`. For `use_container_width=False`, use `width='content'`.
2025-09-22 20:16:58.281 Please replace `use_container_width` with `width`.

`use_container_width` will be removed after 2025-12-31.

For `use_container_width=True`, use `width='stretch'`. For `use_container_width=False`, use `width='content'`.
2025-09-22 20:17:29.350 Please replace `use_container_width` with `width`.

`use_container_width` will be removed after 2025-12-31.

For `use_container_width=True`, use `width='stretch'`. For `use_container_width=False`, use `width='content'`.
2025-09-22 20:18:00.532 Please replace `use_container_width` with `width`.

`use_container_width` will be removed after 2025-12-31.

For `use_container_width=True`, use `width='stretch'`. For `use_container_width=False`, use `width='content'`.
2025-09-22 20:18:31.635 Please replace `use_container_width` with `width`.

`use_container_width` will be removed after 2025-12-31.

For `use_container_width=True`, use `width='stretch'`. For `use_container_width=False`, use `width='content'`.
2025-09-22 20:19:02.751 Please replace `use_container_width` with `width`.

`use_container_width` will be removed after 2025-12-31.

For `use_container_width=True`, use `width='stretch'`. For `use_container_width=False`, use `width='content'`.
2025-09-22 20:19:33.837 Please replace `use_container_width` with `width`.

`use_container_width` will be removed after 2025-12-31.

For `use_container_width=True`, use `width='stretch'`. For `use_container_width=False`, use `width='content'`.
2025-09-22 20:20:04.894 Please replace `use_container_width` with `width`.

`use_container_width` will be removed after 2025-12-31.

For `use_container_width=True`, use `width='stretch'`. For `use_container_width=False`, use `width='content'`.
2025-09-22 20:20:35.975 Please replace `use_container_width` with `width`.

`use_container_width` will be removed after 2025-12-31.

For `use_container_width=True`, use `width='stretch'`. For `use_container_width=False`, use `width='content'`.
2025-09-22 20:21:06.994 Please replace `use_container_width` with `width`.

`use_container_width` will be removed after 2025-12-31.

For `use_container_width=True`, use `width='stretch'`. For `use_container_width=False`, use `width='content'`.
2025-09-22 20:21:38.017 Please replace `use_container_width` with `width`.

`use_container_width` will be removed after 2025-12-31.

For `use_container_width=True`, use `width='stretch'`. For `use_container_width=False`, use `width='content'`.
2025-09-22 20:22:09.072 Please replace `use_container_width` with `width`.

`use_container_width` will be removed after 2025-12-31.

For `use_container_width=True`, use `width='stretch'`. For `use_container_width=False`, use `width='content'`.
2025-09-22 20:22:40.067 Please replace `use_container_width` with `width`.

`use_container_width` will be removed after 2025-12-31.

For `use_container_width=True`, use `width='stretch'`. For `use_container_width=False`, use `width='content'`.
2025-09-22 20:23:11.236 Please replace `use_container_width` with `width`.

`use_container_width` will be removed after 2025-12-31.

For `use_container_width=True`, use `width='stretch'`. For `use_container_width=False`, use `width='content'`.
2025-09-22 20:23:42.230 Please replace `use_container_width` with `width`.

`use_container_width` will be removed after 2025-12-31.

For `use_container_width=True`, use `width='stretch'`. For `use_container_width=False`, use `width='content'`.
2025-09-22 20:24:13.189 Please replace `use_container_width` with `width`.

`use_container_width` will be removed after 2025-12-31.

For `use_container_width=True`, use `width='stretch'`. For `use_container_width=False`, use `width='content'`.
2025-09-22 20:24:44.115 Please replace `use_container_width` with `width`.

`use_container_width` will be removed after 2025-12-31.

For `use_container_width=True`, use `width='stretch'`. For `use_container_width=False`, use `width='content'`.
2025-09-22 20:25:15.248 Please replace `use_container_width` with `width`.

`use_container_width` will be removed after 2025-12-31.

For `use_container_width=True`, use `width='stretch'`. For `use_container_width=False`, use `width='content'`.
2025-09-22 20:25:46.575 Please replace `use_container_width` with `width`.

`use_container_width` will be removed after 2025-12-31.

For `use_container_width=True`, use `width='stretch'`. For `use_container_width=False`, use `width='content'`.
2025-09-22 20:26:17.863 Please replace `use_container_width` with `width`.

`use_container_width` will be removed after 2025-12-31.

For `use_container_width=True`, use `width='stretch'`. For `use_container_width=False`, use `width='content'`.
2025-09-22 20:26:49.120 Please replace `use_container_width` with `width`.

`use_container_width` will be removed after 2025-12-31.

For `use_container_width=True`, use `width='stretch'`. For `use_container_width=False`, use `width='content'`.
2025-09-22 20:27:20.124 Please replace `use_container_width` with `width`.

`use_container_width` will be removed after 2025-12-31.

For `use_container_width=True`, use `width='stretch'`. For `use_container_width=False`, use `width='content'`.
2025-09-22 20:27:51.156 Please replace `use_container_width` with `width`.

`use_container_width` will be removed after 2025-12-31.

For `use_container_width=True`, use `width='stretch'`. For `use_container_width=False`, use `width='content'`.
2025-09-22 20:28:22.276 Please replace `use_container_width` with `width`.

`use_container_width` will be removed after 2025-12-31.

For `use_container_width=True`, use `width='stretch'`. For `use_container_width=False`, use `width='content'`.
2025-09-22 20:28:53.383 Please replace `use_container_width` with `width`.

`use_container_width` will be removed after 2025-12-31.

For `use_container_width=True`, use `width='stretch'`. For `use_container_width=False`, use `width='content'`.
2025-09-22 20:29:24.554 Please replace `use_container_width` with `width`.

`use_container_width` will be removed after 2025-12-31.

For `use_container_width=True`, use `width='stretch'`. For `use_container_width=False`, use `width='content'`.
2025-09-22 20:29:55.818 Please replace `use_container_width` with `width`.

`use_container_width` will be removed after 2025-12-31.

For `use_container_width=True`, use `width='stretch'`. For `use_container_width=False`, use `width='content'`.
2025-09-22 20:30:26.932 Please replace `use_container_width` with `width`.

`use_container_width` will be removed after 2025-12-31.

For `use_container_width=True`, use `width='stretch'`. For `use_container_width=False`, use `width='content'`.
2025-09-22 20:30:58.293 Please replace `use_container_width` with `width`.

`use_container_width` will be removed after 2025-12-31.

For `use_container_width=True`, use `width='stretch'`. For `use_container_width=False`, use `width='content'`.
2025-09-22 20:31:29.463 Please replace `use_container_width` with `width`.

`use_container_width` will be removed after 2025-12-31.

For `use_container_width=True`, use `width='stretch'`. For `use_container_width=False`, use `width='content'`.
2025-09-22 20:32:00.603 Please replace `use_container_width` with `width`.

`use_container_width` will be removed after 2025-12-31.

For `use_container_width=True`, use `width='stretch'`. For `use_container_width=False`, use `width='content'`.
2025-09-22 20:32:31.735 Please replace `use_container_width` with `width`.

`use_container_width` will be removed after 2025-12-31.

For `use_container_width=True`, use `width='stretch'`. For `use_container_width=False`, use `width='content'`.
2025-09-22 20:33:02.852 Please replace `use_container_width` with `width`.

`use_container_width` will be removed after 2025-12-31.

For `use_container_width=True`, use `width='stretch'`. For `use_container_width=False`, use `width='content'`.
2025-09-22 20:33:33.881 Please replace `use_container_width` with `width`.

`use_container_width` will be removed after 2025-12-31.

For `use_container_width=True`, use `width='stretch'`. For `use_container_width=False`, use `width='content'`.
2025-09-22 20:34:04.985 Please replace `use_container_width` with `width`.

`use_container_width` will be removed after 2025-12-31.

For `use_container_width=True`, use `width='stretch'`. For `use_container_width=False`, use `width='content'`.
2025-09-22 20:34:36.094 Please replace `use_container_width` with `width`.

`use_container_width` will be removed after 2025-12-31.

For `use_container_width=True`, use `width='stretch'`. For `use_container_width=False`, use `width='content'`.
2025-09-22 20:35:07.170 Please replace `use_container_width` with `width`.

`use_container_width` will be removed after 2025-12-31.

For `use_container_width=True`, use `width='stretch'`. For `use_container_width=False`, use `width='content'`.
2025-09-22 20:35:38.240 Please replace `use_container_width` with `width`.

`use_container_width` will be removed after 2025-12-31.

For `use_container_width=True`, use `width='stretch'`. For `use_container_width=False`, use `width='content'`.
2025-09-22 20:36:09.412 Please replace `use_container_width` with `width`.

`use_container_width` will be removed after 2025-12-31.

For `use_container_width=True`, use `width='stretch'`. For `use_container_width=False`, use `width='content'`.
2025-09-22 20:36:40.565 Please replace `use_container_width` with `width`.

`use_container_width` will be removed after 2025-12-31.

For `use_container_width=True`, use `width='stretch'`. For `use_container_width=False`, use `width='content'`.
2025-09-22 20:37:11.643 Please replace `use_container_width` with `width`.

`use_container_width` will be removed after 2025-12-31.

For `use_container_width=True`, use `width='stretch'`. For `use_container_width=False`, use `width='content'`.
2025-09-22 20:37:42.743 Please replace `use_container_width` with `width`.

`use_container_width` will be removed after 2025-12-31.

For `use_container_width=True`, use `width='stretch'`. For `use_container_width=False`, use `width='content'`.
2025-09-22 20:38:13.917 Please replace `use_container_width` with `width`.

`use_container_width` will be removed after 2025-12-31.

For `use_container_width=True`, use `width='stretch'`. For `use_container_width=False`, use `width='content'`.
2025-09-22 20:38:45.188 Please replace `use_container_width` with `width`.

`use_container_width` will be removed after 2025-12-31.

For `use_container_width=True`, use `width='stretch'`. For `use_container_width=False`, use `width='content'`.
2025-09-22 20:39:16.164 Please replace `use_container_width` with `width`.

`use_container_width` will be removed after 2025-12-31.

For `use_container_width=True`, use `width='stretch'`. For `use_container_width=False`, use `width='content'`.
2025-09-22 20:39:47.248 Please replace `use_container_width` with `width`.

`use_container_width` will be removed after 2025-12-31.

For `use_container_width=True`, use `width='stretch'`. For `use_container_width=False`, use `width='content'`.
2025-09-22 20:40:18.284 Please replace `use_container_width` with `width`.

`use_container_width` will be removed after 2025-12-31.

For `use_container_width=True`, use `width='stretch'`. For `use_container_width=False`, use `width='content'`.
2025-09-22 20:40:49.404 Please replace `use_container_width` with `width`.

`use_container_width` will be removed after 2025-12-31.

For `use_container_width=True`, use `width='stretch'`. For `use_container_width=False`, use `width='content'`.
2025-09-22 20:41:20.486 Please replace `use_container_width` with `width`.

`use_container_width` will be removed after 2025-12-31.

For `use_container_width=True`, use `width='stretch'`. For `use_container_width=False`, use `width='content'`.
2025-09-22 20:41:51.528 Please replace `use_container_width` with `width`.

`use_container_width` will be removed after 2025-12-31.

For `use_container_width=True`, use `width='stretch'`. For `use_container_width=False`, use `width='content'`.
2025-09-22 20:42:22.556 Please replace `use_container_width` with `width`.

`use_container_width` will be removed after 2025-12-31.

For `use_container_width=True`, use `width='stretch'`. For `use_container_width=False`, use `width='content'`.
2025-09-22 20:42:53.685 Please replace `use_container_width` with `width`.

`use_container_width` will be removed after 2025-12-31.

For `use_container_width=True`, use `width='stretch'`. For `use_container_width=False`, use `width='content'`.
2025-09-22 20:43:24.667 Please replace `use_container_width` with `width`.

`use_container_width` will be removed after 2025-12-31.

For `use_container_width=True`, use `width='stretch'`. For `use_container_width=False`, use `width='content'`.
2025-09-22 20:43:55.826 Please replace `use_container_width` with `width`.

`use_container_width` will be removed after 2025-12-31.

For `use_container_width=True`, use `width='stretch'`. For `use_container_width=False`, use `width='content'`.
2025-09-22 20:44:26.963 Please replace `use_container_width` with `width`.

`use_container_width` will be removed after 2025-12-31.

For `use_container_width=True`, use `width='stretch'`. For `use_container_width=False`, use `width='content'`.
2025-09-22 20:44:58.014 Please replace `use_container_width` with `width`.

`use_container_width` will be removed after 2025-12-31.

For `use_container_width=True`, use `width='stretch'`. For `use_container_width=False`, use `width='content'`.
2025-09-22 20:45:29.088 Please replace `use_container_width` with `width`.

`use_container_width` will be removed after 2025-12-31.

For `use_container_width=True`, use `width='stretch'`. For `use_container_width=False`, use `width='content'`.
2025-09-22 20:46:00.163 Please replace `use_container_width` with `width`.

`use_container_width` will be removed after 2025-12-31.

For `use_container_width=True`, use `width='stretch'`. For `use_container_width=False`, use `width='content'`.
2025-09-22 20:46:31.311 Please replace `use_container_width` with `width`.

`use_container_width` will be removed after 2025-12-31.

For `use_container_width=True`, use `width='stretch'`. For `use_container_width=False`, use `width='content'`.
2025-09-22 20:47:02.336 Please replace `use_container_width` with `width`.

`use_container_width` will be removed after 2025-12-31.

For `use_container_width=True`, use `width='stretch'`. For `use_container_width=False`, use `width='content'`.
2025-09-22 20:47:33.447 Please replace `use_container_width` with `width`.

`use_container_width` will be removed after 2025-12-31.

For `use_container_width=True`, use `width='stretch'`. For `use_container_width=False`, use `width='content'`.
2025-09-22 20:48:04.460 Please replace `use_container_width` with `width`.

`use_container_width` will be removed after 2025-12-31.

For `use_container_width=True`, use `width='stretch'`. For `use_container_width=False`, use `width='content'`.
2025-09-22 20:48:35.548 Please replace `use_container_width` with `width`.

`use_container_width` will be removed after 2025-12-31.

For `use_container_width=True`, use `width='stretch'`. For `use_container_width=False`, use `width='content'`.
2025-09-22 20:49:06.709 Please replace `use_container_width` with `width`.

`use_container_width` will be removed after 2025-12-31.

For `use_container_width=True`, use `width='stretch'`. For `use_container_width=False`, use `width='content'`.
2025-09-22 20:49:37.732 Please replace `use_container_width` with `width`.

`use_container_width` will be removed after 2025-12-31.

For `use_container_width=True`, use `width='stretch'`. For `use_container_width=False`, use `width='content'`.
2025-09-22 20:50:08.791 Please replace `use_container_width` with `width`.

`use_container_width` will be removed after 2025-12-31.

For `use_container_width=True`, use `width='stretch'`. For `use_container_width=False`, use `width='content'`.
2025-09-22 20:50:39.950 Please replace `use_container_width` with `width`.

`use_container_width` will be removed after 2025-12-31.

For `use_container_width=True`, use `width='stretch'`. For `use_container_width=False`, use `width='content'`.
2025-09-22 20:51:11.112 Please replace `use_container_width` with `width`.

`use_container_width` will be removed after 2025-12-31.

For `use_container_width=True`, use `width='stretch'`. For `use_container_width=False`, use `width='content'`.
2025-09-22 20:51:42.191 Please replace `use_container_width` with `width`.

`use_container_width` will be removed after 2025-12-31.

For `use_container_width=True`, use `width='stretch'`. For `use_container_width=False`, use `width='content'`.
2025-09-22 20:52:13.385 Please replace `use_container_width` with `width`.

`use_container_width` will be removed after 2025-12-31.

For `use_container_width=True`, use `width='stretch'`. For `use_container_width=False`, use `width='content'`.
2025-09-22 20:52:44.430 Please replace `use_container_width` with `width`.

`use_container_width` will be removed after 2025-12-31.

For `use_container_width=True`, use `width='stretch'`. For `use_container_width=False`, use `width='content'`.
2025-09-22 20:53:15.527 Please replace `use_container_width` with `width`.

`use_container_width` will be removed after 2025-12-31.

For `use_container_width=True`, use `width='stretch'`. For `use_container_width=False`, use `width='content'`.
2025-09-22 20:53:46.701 Please replace `use_container_width` with `width`.

`use_container_width` will be removed after 2025-12-31.

For `use_container_width=True`, use `width='stretch'`. For `use_container_width=False`, use `width='content'`.
2025-09-22 20:54:17.842 Please replace `use_container_width` with `width`.

`use_container_width` will be removed after 2025-12-31.

For `use_container_width=True`, use `width='stretch'`. For `use_container_width=False`, use `width='content'`.
2025-09-22 20:54:48.847 Please replace `use_container_width` with `width`.

`use_container_width` will be removed after 2025-12-31.

For `use_container_width=True`, use `width='stretch'`. For `use_container_width=False`, use `width='content'`.
2025-09-22 20:55:20.041 Please replace `use_container_width` with `width`.

`use_container_width` will be removed after 2025-12-31.

For `use_container_width=True`, use `width='stretch'`. For `use_container_width=False`, use `width='content'`.
2025-09-22 20:55:51.204 Please replace `use_container_width` with `width`.

`use_container_width` will be removed after 2025-12-31.

For `use_container_width=True`, use `width='stretch'`. For `use_container_width=False`, use `width='content'`.
2025-09-22 20:56:22.289 Please replace `use_container_width` with `width`.

`use_container_width` will be removed after 2025-12-31.

For `use_container_width=True`, use `width='stretch'`. For `use_container_width=False`, use `width='content'`.
2025-09-22 20:56:53.302 Please replace `use_container_width` with `width`.

`use_container_width` will be removed after 2025-12-31.

For `use_container_width=True`, use `width='stretch'`. For `use_container_width=False`, use `width='content'`.
2025-09-22 20:57:24.474 Please replace `use_container_width` with `width`.

`use_container_width` will be removed after 2025-12-31.

For `use_container_width=True`, use `width='stretch'`. For `use_container_width=False`, use `width='content'`.
2025-09-22 20:57:55.582 Please replace `use_container_width` with `width`.

`use_container_width` will be removed after 2025-12-31.

For `use_container_width=True`, use `width='stretch'`. For `use_container_width=False`, use `width='content'`.
2025-09-22 20:58:26.601 Please replace `use_container_width` with `width`.

`use_container_width` will be removed after 2025-12-31.

For `use_container_width=True`, use `width='stretch'`. For `use_container_width=False`, use `width='content'`.
2025-09-22 20:58:57.738 Please replace `use_container_width` with `width`.

`use_container_width` will be removed after 2025-12-31.

For `use_container_width=True`, use `width='stretch'`. For `use_container_width=False`, use `width='content'`.
2025-09-22 20:59:28.898 Please replace `use_container_width` with `width`.

`use_container_width` will be removed after 2025-12-31.

For `use_container_width=True`, use `width='stretch'`. For `use_container_width=False`, use `width='content'`.
2025-09-22 21:00:00.019 Please replace `use_container_width` with `width`.

`use_container_width` will be removed after 2025-12-31.

For `use_container_width=True`, use `width='stretch'`. For `use_container_width=False`, use `width='content'`.
2025-09-22 21:00:31.160 Please replace `use_container_width` with `width`.

`use_container_width` will be removed after 2025-12-31.

For `use_container_width=True`, use `width='stretch'`. For `use_container_width=False`, use `width='content'`.
2025-09-22 21:01:02.266 Please replace `use_container_width` with `width`.

`use_container_width` will be removed after 2025-12-31.

For `use_container_width=True`, use `width='stretch'`. For `use_container_width=False`, use `width='content'`.
2025-09-22 21:01:33.435 Please replace `use_container_width` with `width`.

`use_container_width` will be removed after 2025-12-31.

For `use_container_width=True`, use `width='stretch'`. For `use_container_width=False`, use `width='content'`.
2025-09-22 21:02:04.637 Please replace `use_container_width` with `width`.

`use_container_width` will be removed after 2025-12-31.

For `use_container_width=True`, use `width='stretch'`. For `use_container_width=False`, use `width='content'`.
2025-09-22 21:02:35.950 Please replace `use_container_width` with `width`.

`use_container_width` will be removed after 2025-12-31.

For `use_container_width=True`, use `width='stretch'`. For `use_container_width=False`, use `width='content'`.
2025-09-22 21:03:07.256 Please replace `use_container_width` with `width`.

`use_container_width` will be removed after 2025-12-31.

For `use_container_width=True`, use `width='stretch'`. For `use_container_width=False`, use `width='content'`.
2025-09-22 21:03:38.240 Please replace `use_container_width` with `width`.

`use_container_width` will be removed after 2025-12-31.

For `use_container_width=True`, use `width='stretch'`. For `use_container_width=False`, use `width='content'`.
2025-09-22 21:04:09.367 Please replace `use_container_width` with `width`.

`use_container_width` will be removed after 2025-12-31.

For `use_container_width=True`, use `width='stretch'`. For `use_container_width=False`, use `width='content'`.
2025-09-22 21:04:40.425 Please replace `use_container_width` with `width`.

`use_container_width` will be removed after 2025-12-31.

For `use_container_width=True`, use `width='stretch'`. For `use_container_width=False`, use `width='content'`.
2025-09-22 21:05:11.723 Please replace `use_container_width` with `width`.

`use_container_width` will be removed after 2025-12-31.

For `use_container_width=True`, use `width='stretch'`. For `use_container_width=False`, use `width='content'`.
2025-09-22 21:05:42.743 Please replace `use_container_width` with `width`.

`use_container_width` will be removed after 2025-12-31.

For `use_container_width=True`, use `width='stretch'`. For `use_container_width=False`, use `width='content'`.
2025-09-22 21:06:13.888 Please replace `use_container_width` with `width`.

`use_container_width` will be removed after 2025-12-31.

For `use_container_width=True`, use `width='stretch'`. For `use_container_width=False`, use `width='content'`.
2025-09-22 21:06:44.946 Please replace `use_container_width` with `width`.

`use_container_width` will be removed after 2025-12-31.

For `use_container_width=True`, use `width='stretch'`. For `use_container_width=False`, use `width='content'`.
2025-09-22 21:07:16.051 Please replace `use_container_width` with `width`.

`use_container_width` will be removed after 2025-12-31.

For `use_container_width=True`, use `width='stretch'`. For `use_container_width=False`, use `width='content'`.
2025-09-22 21:07:47.345 Please replace `use_container_width` with `width`.

`use_container_width` will be removed after 2025-12-31.

For `use_container_width=True`, use `width='stretch'`. For `use_container_width=False`, use `width='content'`.
2025-09-22 21:08:18.363 Please replace `use_container_width` with `width`.

`use_container_width` will be removed after 2025-12-31.

For `use_container_width=True`, use `width='stretch'`. For `use_container_width=False`, use `width='content'`.
2025-09-22 21:08:49.615 Please replace `use_container_width` with `width`.

`use_container_width` will be removed after 2025-12-31.

For `use_container_width=True`, use `width='stretch'`. For `use_container_width=False`, use `width='content'`.
2025-09-22 21:09:20.774 Please replace `use_container_width` with `width`.

`use_container_width` will be removed after 2025-12-31.

For `use_container_width=True`, use `width='stretch'`. For `use_container_width=False`, use `width='content'`.
2025-09-22 21:09:51.951 Please replace `use_container_width` with `width`.

`use_container_width` will be removed after 2025-12-31.

For `use_container_width=True`, use `width='stretch'`. For `use_container_width=False`, use `width='content'`.
2025-09-22 21:10:23.067 Please replace `use_container_width` with `width`.

`use_container_width` will be removed after 2025-12-31.

For `use_container_width=True`, use `width='stretch'`. For `use_container_width=False`, use `width='content'`.
2025-09-22 21:10:54.253 Please replace `use_container_width` with `width`.

`use_container_width` will be removed after 2025-12-31.

For `use_container_width=True`, use `width='stretch'`. For `use_container_width=False`, use `width='content'`.
2025-09-22 21:11:25.521 Please replace `use_container_width` with `width`.

`use_container_width` will be removed after 2025-12-31.

For `use_container_width=True`, use `width='stretch'`. For `use_container_width=False`, use `width='content'`.
2025-09-22 21:11:56.679 Please replace `use_container_width` with `width`.

`use_container_width` will be removed after 2025-12-31.

For `use_container_width=True`, use `width='stretch'`. For `use_container_width=False`, use `width='content'`.
2025-09-22 21:12:27.728 Please replace `use_container_width` with `width`.

`use_container_width` will be removed after 2025-12-31.

For `use_container_width=True`, use `width='stretch'`. For `use_container_width=False`, use `width='content'`.
2025-09-22 21:12:58.790 Please replace `use_container_width` with `width`.

`use_container_width` will be removed after 2025-12-31.

For `use_container_width=True`, use `width='stretch'`. For `use_container_width=False`, use `width='content'`.
2025-09-22 21:13:30.007 Please replace `use_container_width` with `width`.

`use_container_width` will be removed after 2025-12-31.

For `use_container_width=True`, use `width='stretch'`. For `use_container_width=False`, use `width='content'`.
2025-09-22 21:14:01.295 Please replace `use_container_width` with `width`.

`use_container_width` will be removed after 2025-12-31.

For `use_container_width=True`, use `width='stretch'`. For `use_container_width=False`, use `width='content'`.
2025-09-22 21:14:32.511 Please replace `use_container_width` with `width`.

`use_container_width` will be removed after 2025-12-31.

For `use_container_width=True`, use `width='stretch'`. For `use_container_width=False`, use `width='content'`.
2025-09-22 21:15:03.733 Please replace `use_container_width` with `width`.

`use_container_width` will be removed after 2025-12-31.

For `use_container_width=True`, use `width='stretch'`. For `use_container_width=False`, use `width='content'`.
2025-09-22 21:15:35.188 Please replace `use_container_width` with `width`.

`use_container_width` will be removed after 2025-12-31.

For `use_container_width=True`, use `width='stretch'`. For `use_container_width=False`, use `width='content'`.
2025-09-22 21:16:06.515 Please replace `use_container_width` with `width`.

`use_container_width` will be removed after 2025-12-31.

For `use_container_width=True`, use `width='stretch'`. For `use_container_width=False`, use `width='content'`.
2025-09-22 21:16:37.875 Please replace `use_container_width` with `width`.

`use_container_width` will be removed after 2025-12-31.

For `use_container_width=True`, use `width='stretch'`. For `use_container_width=False`, use `width='content'`.
2025-09-22 21:17:08.956 Please replace `use_container_width` with `width`.

`use_container_width` will be removed after 2025-12-31.

For `use_container_width=True`, use `width='stretch'`. For `use_container_width=False`, use `width='content'`.
2025-09-22 21:17:40.089 Please replace `use_container_width` with `width`.

`use_container_width` will be removed after 2025-12-31.

For `use_container_width=True`, use `width='stretch'`. For `use_container_width=False`, use `width='content'`.
2025-09-22 21:18:11.429 Please replace `use_container_width` with `width`.

`use_container_width` will be removed after 2025-12-31.

For `use_container_width=True`, use `width='stretch'`. For `use_container_width=False`, use `width='content'`.
2025-09-22 21:18:42.515 Please replace `use_container_width` with `width`.

`use_container_width` will be removed after 2025-12-31.

For `use_container_width=True`, use `width='stretch'`. For `use_container_width=False`, use `width='content'`.
2025-09-22 21:19:13.666 Please replace `use_container_width` with `width`.

`use_container_width` will be removed after 2025-12-31.

For `use_container_width=True`, use `width='stretch'`. For `use_container_width=False`, use `width='content'`.
2025-09-22 21:19:44.975 Please replace `use_container_width` with `width`.

`use_container_width` will be removed after 2025-12-31.

For `use_container_width=True`, use `width='stretch'`. For `use_container_width=False`, use `width='content'`.
2025-09-22 21:20:16.209 Please replace `use_container_width` with `width`.

`use_container_width` will be removed after 2025-12-31.

For `use_container_width=True`, use `width='stretch'`. For `use_container_width=False`, use `width='content'`.
2025-09-22 21:20:47.371 Please replace `use_container_width` with `width`.

`use_container_width` will be removed after 2025-12-31.

For `use_container_width=True`, use `width='stretch'`. For `use_container_width=False`, use `width='content'`.
2025-09-22 21:21:18.497 Please replace `use_container_width` with `width`.

`use_container_width` will be removed after 2025-12-31.

For `use_container_width=True`, use `width='stretch'`. For `use_container_width=False`, use `width='content'`.
2025-09-22 21:21:49.651 Please replace `use_container_width` with `width`.

`use_container_width` will be removed after 2025-12-31.

For `use_container_width=True`, use `width='stretch'`. For `use_container_width=False`, use `width='content'`.
2025-09-22 21:22:20.849 Please replace `use_container_width` with `width`.

`use_container_width` will be removed after 2025-12-31.

For `use_container_width=True`, use `width='stretch'`. For `use_container_width=False`, use `width='content'`.
2025-09-22 21:22:52.303 Please replace `use_container_width` with `width`.

`use_container_width` will be removed after 2025-12-31.

For `use_container_width=True`, use `width='stretch'`. For `use_container_width=False`, use `width='content'`.
2025-09-22 21:23:23.501 Please replace `use_container_width` with `width`.

`use_container_width` will be removed after 2025-12-31.

For `use_container_width=True`, use `width='stretch'`. For `use_container_width=False`, use `width='content'`.
2025-09-22 21:23:54.658 Please replace `use_container_width` with `width`.

`use_container_width` will be removed after 2025-12-31.

For `use_container_width=True`, use `width='stretch'`. For `use_container_width=False`, use `width='content'`.
2025-09-22 21:24:25.836 Please replace `use_container_width` with `width`.

`use_container_width` will be removed after 2025-12-31.

For `use_container_width=True`, use `width='stretch'`. For `use_container_width=False`, use `width='content'`.
2025-09-22 21:24:57.024 Please replace `use_container_width` with `width`.

`use_container_width` will be removed after 2025-12-31.

For `use_container_width=True`, use `width='stretch'`. For `use_container_width=False`, use `width='content'`.
2025-09-22 21:25:28.339 Please replace `use_container_width` with `width`.

`use_container_width` will be removed after 2025-12-31.

For `use_container_width=True`, use `width='stretch'`. For `use_container_width=False`, use `width='content'`.
2025-09-22 21:25:59.591 Please replace `use_container_width` with `width`.

`use_container_width` will be removed after 2025-12-31.

For `use_container_width=True`, use `width='stretch'`. For `use_container_width=False`, use `width='content'`.
2025-09-22 21:26:30.838 Please replace `use_container_width` with `width`.

`use_container_width` will be removed after 2025-12-31.

For `use_container_width=True`, use `width='stretch'`. For `use_container_width=False`, use `width='content'`.
2025-09-22 21:27:01.915 Please replace `use_container_width` with `width`.

`use_container_width` will be removed after 2025-12-31.

For `use_container_width=True`, use `width='stretch'`. For `use_container_width=False`, use `width='content'`.
2025-09-22 21:27:33.112 Please replace `use_container_width` with `width`.

`use_container_width` will be removed after 2025-12-31.

For `use_container_width=True`, use `width='stretch'`. For `use_container_width=False`, use `width='content'`.
2025-09-22 21:28:04.227 Please replace `use_container_width` with `width`.

`use_container_width` will be removed after 2025-12-31.

For `use_container_width=True`, use `width='stretch'`. For `use_container_width=False`, use `width='content'`.
2025-09-22 21:28:35.432 Please replace `use_container_width` with `width`.

`use_container_width` will be removed after 2025-12-31.

For `use_container_width=True`, use `width='stretch'`. For `use_container_width=False`, use `width='content'`.
2025-09-22 21:29:06.654 Please replace `use_container_width` with `width`.

`use_container_width` will be removed after 2025-12-31.

For `use_container_width=True`, use `width='stretch'`. For `use_container_width=False`, use `width='content'`.
2025-09-22 21:29:37.792 Please replace `use_container_width` with `width`.

`use_container_width` will be removed after 2025-12-31.

For `use_container_width=True`, use `width='stretch'`. For `use_container_width=False`, use `width='content'`.
2025-09-22 21:30:07.216 Please replace `use_container_width` with `width`.

`use_container_width` will be removed after 2025-12-31.

For `use_container_width=True`, use `width='stretch'`. For `use_container_width=False`, use `width='content'`.
2025-09-22 21:30:38.297 Please replace `use_container_width` with `width`.

`use_container_width` will be removed after 2025-12-31.

For `use_container_width=True`, use `width='stretch'`. For `use_container_width=False`, use `width='content'`.
2025-09-22 21:30:46.413 Please replace `use_container_width` with `width`.

`use_container_width` will be removed after 2025-12-31.

For `use_container_width=True`, use `width='stretch'`. For `use_container_width=False`, use `width='content'`.
2025-09-22 21:31:17.601 Please replace `use_container_width` with `width`.

`use_container_width` will be removed after 2025-12-31.

For `use_container_width=True`, use `width='stretch'`. For `use_container_width=False`, use `width='content'`.
2025-09-22 21:31:48.968 Please replace `use_container_width` with `width`.

`use_container_width` will be removed after 2025-12-31.

For `use_container_width=True`, use `width='stretch'`. For `use_container_width=False`, use `width='content'`.
2025-09-22 21:32:20.184 Please replace `use_container_width` with `width`.

`use_container_width` will be removed after 2025-12-31.

For `use_container_width=True`, use `width='stretch'`. For `use_container_width=False`, use `width='content'`.
2025-09-22 21:32:51.468 Please replace `use_container_width` with `width`.

`use_container_width` will be removed after 2025-12-31.

For `use_container_width=True`, use `width='stretch'`. For `use_container_width=False`, use `width='content'`.
2025-09-22 21:33:22.682 Please replace `use_container_width` with `width`.

`use_container_width` will be removed after 2025-12-31.

For `use_container_width=True`, use `width='stretch'`. For `use_container_width=False`, use `width='content'`.
2025-09-22 21:33:53.883 Please replace `use_container_width` with `width`.

`use_container_width` will be removed after 2025-12-31.

For `use_container_width=True`, use `width='stretch'`. For `use_container_width=False`, use `width='content'`.
2025-09-22 21:34:24.998 Please replace `use_container_width` with `width`.

`use_container_width` will be removed after 2025-12-31.

For `use_container_width=True`, use `width='stretch'`. For `use_container_width=False`, use `width='content'`.
2025-09-22 21:34:56.148 Please replace `use_container_width` with `width`.

`use_container_width` will be removed after 2025-12-31.

For `use_container_width=True`, use `width='stretch'`. For `use_container_width=False`, use `width='content'`.
2025-09-22 21:35:27.194 Please replace `use_container_width` with `width`.

`use_container_width` will be removed after 2025-12-31.

For `use_container_width=True`, use `width='stretch'`. For `use_container_width=False`, use `width='content'`.
2025-09-22 21:35:58.407 Please replace `use_container_width` with `width`.

`use_container_width` will be removed after 2025-12-31.

For `use_container_width=True`, use `width='stretch'`. For `use_container_width=False`, use `width='content'`.
2025-09-22 21:36:29.479 Please replace `use_container_width` with `width`.

`use_container_width` will be removed after 2025-12-31.

For `use_container_width=True`, use `width='stretch'`. For `use_container_width=False`, use `width='content'`.
2025-09-22 21:37:00.549 Please replace `use_container_width` with `width`.

`use_container_width` will be removed after 2025-12-31.

For `use_container_width=True`, use `width='stretch'`. For `use_container_width=False`, use `width='content'`.
2025-09-22 21:37:31.581 Please replace `use_container_width` with `width`.

`use_container_width` will be removed after 2025-12-31.

For `use_container_width=True`, use `width='stretch'`. For `use_container_width=False`, use `width='content'`.
2025-09-22 21:38:02.872 Please replace `use_container_width` with `width`.

`use_container_width` will be removed after 2025-12-31.

For `use_container_width=True`, use `width='stretch'`. For `use_container_width=False`, use `width='content'`.
2025-09-22 21:38:34.080 Please replace `use_container_width` with `width`.

`use_container_width` will be removed after 2025-12-31.

For `use_container_width=True`, use `width='stretch'`. For `use_container_width=False`, use `width='content'`.
2025-09-22 21:39:05.266 Please replace `use_container_width` with `width`.

`use_container_width` will be removed after 2025-12-31.

For `use_container_width=True`, use `width='stretch'`. For `use_container_width=False`, use `width='content'`.
2025-09-22 21:39:36.530 Please replace `use_container_width` with `width`.

`use_container_width` will be removed after 2025-12-31.

For `use_container_width=True`, use `width='stretch'`. For `use_container_width=False`, use `width='content'`.
2025-09-22 21:40:07.679 Please replace `use_container_width` with `width`.

`use_container_width` will be removed after 2025-12-31.

For `use_container_width=True`, use `width='stretch'`. For `use_container_width=False`, use `width='content'`.
2025-09-22 21:40:38.812 Please replace `use_container_width` with `width`.

`use_container_width` will be removed after 2025-12-31.

For `use_container_width=True`, use `width='stretch'`. For `use_container_width=False`, use `width='content'`.
2025-09-22 21:41:10.069 Please replace `use_container_width` with `width`.

`use_container_width` will be removed after 2025-12-31.

For `use_container_width=True`, use `width='stretch'`. For `use_container_width=False`, use `width='content'`.
2025-09-22 21:41:41.451 Please replace `use_container_width` with `width`.

`use_container_width` will be removed after 2025-12-31.

For `use_container_width=True`, use `width='stretch'`. For `use_container_width=False`, use `width='content'`.
2025-09-22 21:42:12.708 Please replace `use_container_width` with `width`.

`use_container_width` will be removed after 2025-12-31.

For `use_container_width=True`, use `width='stretch'`. For `use_container_width=False`, use `width='content'`.
2025-09-22 21:42:43.851 Please replace `use_container_width` with `width`.

`use_container_width` will be removed after 2025-12-31.

For `use_container_width=True`, use `width='stretch'`. For `use_container_width=False`, use `width='content'`.
2025-09-22 21:43:15.059 Please replace `use_container_width` with `width`.

`use_container_width` will be removed after 2025-12-31.

For `use_container_width=True`, use `width='stretch'`. For `use_container_width=False`, use `width='content'`.
2025-09-22 21:43:46.266 Please replace `use_container_width` with `width`.

`use_container_width` will be removed after 2025-12-31.

For `use_container_width=True`, use `width='stretch'`. For `use_container_width=False`, use `width='content'`.
2025-09-22 21:44:17.628 Please replace `use_container_width` with `width`.

`use_container_width` will be removed after 2025-12-31.

For `use_container_width=True`, use `width='stretch'`. For `use_container_width=False`, use `width='content'`.
2025-09-22 21:44:48.806 Please replace `use_container_width` with `width`.

`use_container_width` will be removed after 2025-12-31.

For `use_container_width=True`, use `width='stretch'`. For `use_container_width=False`, use `width='content'`.
2025-09-22 21:45:19.983 Please replace `use_container_width` with `width`.

`use_container_width` will be removed after 2025-12-31.

For `use_container_width=True`, use `width='stretch'`. For `use_container_width=False`, use `width='content'`.
2025-09-22 21:45:51.224 Please replace `use_container_width` with `width`.

`use_container_width` will be removed after 2025-12-31.

For `use_container_width=True`, use `width='stretch'`. For `use_container_width=False`, use `width='content'`.
2025-09-22 21:46:22.407 Please replace `use_container_width` with `width`.

`use_container_width` will be removed after 2025-12-31.

For `use_container_width=True`, use `width='stretch'`. For `use_container_width=False`, use `width='content'`.
2025-09-22 21:46:53.633 Please replace `use_container_width` with `width`.

`use_container_width` will be removed after 2025-12-31.

For `use_container_width=True`, use `width='stretch'`. For `use_container_width=False`, use `width='content'`.
2025-09-22 21:47:24.812 Please replace `use_container_width` with `width`.

`use_container_width` will be removed after 2025-12-31.

For `use_container_width=True`, use `width='stretch'`. For `use_container_width=False`, use `width='content'`.
2025-09-22 21:47:55.865 Please replace `use_container_width` with `width`.

`use_container_width` will be removed after 2025-12-31.

For `use_container_width=True`, use `width='stretch'`. For `use_container_width=False`, use `width='content'`.
2025-09-22 21:48:27.071 Please replace `use_container_width` with `width`.

`use_container_width` will be removed after 2025-12-31.

For `use_container_width=True`, use `width='stretch'`. For `use_container_width=False`, use `width='content'`.
2025-09-22 21:48:58.402 Please replace `use_container_width` with `width`.

`use_container_width` will be removed after 2025-12-31.

For `use_container_width=True`, use `width='stretch'`. For `use_container_width=False`, use `width='content'`.
2025-09-22 21:49:29.619 Please replace `use_container_width` with `width`.

`use_container_width` will be removed after 2025-12-31.

For `use_container_width=True`, use `width='stretch'`. For `use_container_width=False`, use `width='content'`.
2025-09-22 21:50:01.000 Please replace `use_container_width` with `width`.

`use_container_width` will be removed after 2025-12-31.

For `use_container_width=True`, use `width='stretch'`. For `use_container_width=False`, use `width='content'`.
2025-09-22 21:50:32.372 Please replace `use_container_width` with `width`.

`use_container_width` will be removed after 2025-12-31.

For `use_container_width=True`, use `width='stretch'`. For `use_container_width=False`, use `width='content'`.
2025-09-22 21:51:03.651 Please replace `use_container_width` with `width`.

`use_container_width` will be removed after 2025-12-31.

For `use_container_width=True`, use `width='stretch'`. For `use_container_width=False`, use `width='content'`.
2025-09-22 21:51:34.815 Please replace `use_container_width` with `width`.

`use_container_width` will be removed after 2025-12-31.

For `use_container_width=True`, use `width='stretch'`. For `use_container_width=False`, use `width='content'`.
2025-09-22 21:52:06.325 Please replace `use_container_width` with `width`.

`use_container_width` will be removed after 2025-12-31.

For `use_container_width=True`, use `width='stretch'`. For `use_container_width=False`, use `width='content'`.
2025-09-22 21:52:37.522 Please replace `use_container_width` with `width`.

`use_container_width` will be removed after 2025-12-31.

For `use_container_width=True`, use `width='stretch'`. For `use_container_width=False`, use `width='content'`.
2025-09-22 21:53:08.677 Please replace `use_container_width` with `width`.

`use_container_width` will be removed after 2025-12-31.

For `use_container_width=True`, use `width='stretch'`. For `use_container_width=False`, use `width='content'`.
2025-09-22 21:53:39.732 Please replace `use_container_width` with `width`.

`use_container_width` will be removed after 2025-12-31.

For `use_container_width=True`, use `width='stretch'`. For `use_container_width=False`, use `width='content'`.
2025-09-22 21:54:10.725 Please replace `use_container_width` with `width`.

`use_container_width` will be removed after 2025-12-31.

For `use_container_width=True`, use `width='stretch'`. For `use_container_width=False`, use `width='content'`.
2025-09-22 21:54:41.874 Please replace `use_container_width` with `width`.

`use_container_width` will be removed after 2025-12-31.

For `use_container_width=True`, use `width='stretch'`. For `use_container_width=False`, use `width='content'`.
2025-09-22 21:55:13.118 Please replace `use_container_width` with `width`.

`use_container_width` will be removed after 2025-12-31.

For `use_container_width=True`, use `width='stretch'`. For `use_container_width=False`, use `width='content'`.
2025-09-22 21:55:44.194 Please replace `use_container_width` with `width`.

`use_container_width` will be removed after 2025-12-31.

For `use_container_width=True`, use `width='stretch'`. For `use_container_width=False`, use `width='content'`.
2025-09-22 21:56:15.385 Please replace `use_container_width` with `width`.

`use_container_width` will be removed after 2025-12-31.

For `use_container_width=True`, use `width='stretch'`. For `use_container_width=False`, use `width='content'`.
2025-09-22 21:56:46.631 Please replace `use_container_width` with `width`.

`use_container_width` will be removed after 2025-12-31.

For `use_container_width=True`, use `width='stretch'`. For `use_container_width=False`, use `width='content'`.
2025-09-22 21:57:17.816 Please replace `use_container_width` with `width`.

`use_container_width` will be removed after 2025-12-31.

For `use_container_width=True`, use `width='stretch'`. For `use_container_width=False`, use `width='content'`.
2025-09-22 21:57:48.984 Please replace `use_container_width` with `width`.

`use_container_width` will be removed after 2025-12-31.

For `use_container_width=True`, use `width='stretch'`. For `use_container_width=False`, use `width='content'`.
2025-09-22 21:58:20.386 Please replace `use_container_width` with `width`.

`use_container_width` will be removed after 2025-12-31.

For `use_container_width=True`, use `width='stretch'`. For `use_container_width=False`, use `width='content'`.
2025-09-22 21:58:51.558 Please replace `use_container_width` with `width`.

`use_container_width` will be removed after 2025-12-31.

For `use_container_width=True`, use `width='stretch'`. For `use_container_width=False`, use `width='content'`.
2025-09-22 21:59:22.627 Please replace `use_container_width` with `width`.

`use_container_width` will be removed after 2025-12-31.

For `use_container_width=True`, use `width='stretch'`. For `use_container_width=False`, use `width='content'`.
2025-09-22 21:59:53.998 Please replace `use_container_width` with `width`.

`use_container_width` will be removed after 2025-12-31.

For `use_container_width=True`, use `width='stretch'`. For `use_container_width=False`, use `width='content'`.
2025-09-22 22:00:25.294 Please replace `use_container_width` with `width`.

`use_container_width` will be removed after 2025-12-31.

For `use_container_width=True`, use `width='stretch'`. For `use_container_width=False`, use `width='content'`.
2025-09-22 22:00:56.584 Please replace `use_container_width` with `width`.

`use_container_width` will be removed after 2025-12-31.

For `use_container_width=True`, use `width='stretch'`. For `use_container_width=False`, use `width='content'`.
2025-09-22 22:01:28.093 Please replace `use_container_width` with `width`.

`use_container_width` will be removed after 2025-12-31.

For `use_container_width=True`, use `width='stretch'`. For `use_container_width=False`, use `width='content'`.
2025-09-22 22:01:59.274 Please replace `use_container_width` with `width`.

`use_container_width` will be removed after 2025-12-31.

For `use_container_width=True`, use `width='stretch'`. For `use_container_width=False`, use `width='content'`.
2025-09-22 22:02:30.577 Please replace `use_container_width` with `width`.

`use_container_width` will be removed after 2025-12-31.

For `use_container_width=True`, use `width='stretch'`. For `use_container_width=False`, use `width='content'`.
2025-09-22 22:03:01.868 Please replace `use_container_width` with `width`.

`use_container_width` will be removed after 2025-12-31.

For `use_container_width=True`, use `width='stretch'`. For `use_container_width=False`, use `width='content'`.
2025-09-22 22:03:32.995 Please replace `use_container_width` with `width`.

`use_container_width` will be removed after 2025-12-31.

For `use_container_width=True`, use `width='stretch'`. For `use_container_width=False`, use `width='content'`.
2025-09-22 22:04:04.327 Please replace `use_container_width` with `width`.

`use_container_width` will be removed after 2025-12-31.

For `use_container_width=True`, use `width='stretch'`. For `use_container_width=False`, use `width='content'`.
2025-09-22 22:04:35.628 Please replace `use_container_width` with `width`.

`use_container_width` will be removed after 2025-12-31.

For `use_container_width=True`, use `width='stretch'`. For `use_container_width=False`, use `width='content'`.
2025-09-22 22:05:07.047 Please replace `use_container_width` with `width`.

`use_container_width` will be removed after 2025-12-31.

For `use_container_width=True`, use `width='stretch'`. For `use_container_width=False`, use `width='content'`.
2025-09-22 22:05:38.218 Please replace `use_container_width` with `width`.

`use_container_width` will be removed after 2025-12-31.

For `use_container_width=True`, use `width='stretch'`. For `use_container_width=False`, use `width='content'`.
2025-09-22 22:06:09.452 Please replace `use_container_width` with `width`.

`use_container_width` will be removed after 2025-12-31.

For `use_container_width=True`, use `width='stretch'`. For `use_container_width=False`, use `width='content'`.
2025-09-22 22:06:40.557 Please replace `use_container_width` with `width`.

`use_container_width` will be removed after 2025-12-31.

For `use_container_width=True`, use `width='stretch'`. For `use_container_width=False`, use `width='content'`.
2025-09-22 22:07:11.766 Please replace `use_container_width` with `width`.

`use_container_width` will be removed after 2025-12-31.

For `use_container_width=True`, use `width='stretch'`. For `use_container_width=False`, use `width='content'`.
2025-09-22 22:07:42.905 Please replace `use_container_width` with `width`.

`use_container_width` will be removed after 2025-12-31.

For `use_container_width=True`, use `width='stretch'`. For `use_container_width=False`, use `width='content'`.
2025-09-22 22:08:14.175 Please replace `use_container_width` with `width`.

`use_container_width` will be removed after 2025-12-31.

For `use_container_width=True`, use `width='stretch'`. For `use_container_width=False`, use `width='content'`.
2025-09-22 22:08:45.680 Please replace `use_container_width` with `width`.

`use_container_width` will be removed after 2025-12-31.

For `use_container_width=True`, use `width='stretch'`. For `use_container_width=False`, use `width='content'`.
2025-09-22 22:09:16.984 Please replace `use_container_width` with `width`.

`use_container_width` will be removed after 2025-12-31.

For `use_container_width=True`, use `width='stretch'`. For `use_container_width=False`, use `width='content'`.
2025-09-22 22:09:48.140 Please replace `use_container_width` with `width`.

`use_container_width` will be removed after 2025-12-31.

For `use_container_width=True`, use `width='stretch'`. For `use_container_width=False`, use `width='content'`.
2025-09-22 22:10:19.348 Please replace `use_container_width` with `width`.

`use_container_width` will be removed after 2025-12-31.

For `use_container_width=True`, use `width='stretch'`. For `use_container_width=False`, use `width='content'`.
2025-09-22 22:10:50.624 Please replace `use_container_width` with `width`.

`use_container_width` will be removed after 2025-12-31.

For `use_container_width=True`, use `width='stretch'`. For `use_container_width=False`, use `width='content'`.
2025-09-22 22:11:22.200 Please replace `use_container_width` with `width`.

`use_container_width` will be removed after 2025-12-31.

For `use_container_width=True`, use `width='stretch'`. For `use_container_width=False`, use `width='content'`.
2025-09-22 22:11:53.312 Please replace `use_container_width` with `width`.

`use_container_width` will be removed after 2025-12-31.

For `use_container_width=True`, use `width='stretch'`. For `use_container_width=False`, use `width='content'`.
2025-09-22 22:12:24.500 Please replace `use_container_width` with `width`.

`use_container_width` will be removed after 2025-12-31.

For `use_container_width=True`, use `width='stretch'`. For `use_container_width=False`, use `width='content'`.
2025-09-22 22:12:55.606 Please replace `use_container_width` with `width`.

`use_container_width` will be removed after 2025-12-31.

For `use_container_width=True`, use `width='stretch'`. For `use_container_width=False`, use `width='content'`.
2025-09-22 22:13:26.773 Please replace `use_container_width` with `width`.

`use_container_width` will be removed after 2025-12-31.

For `use_container_width=True`, use `width='stretch'`. For `use_container_width=False`, use `width='content'`.
2025-09-22 22:13:57.946 Please replace `use_container_width` with `width`.

`use_container_width` will be removed after 2025-12-31.

For `use_container_width=True`, use `width='stretch'`. For `use_container_width=False`, use `width='content'`.
2025-09-22 22:14:29.107 Please replace `use_container_width` with `width`.

`use_container_width` will be removed after 2025-12-31.

For `use_container_width=True`, use `width='stretch'`. For `use_container_width=False`, use `width='content'`.
2025-09-22 22:15:00.424 Please replace `use_container_width` with `width`.

`use_container_width` will be removed after 2025-12-31.

For `use_container_width=True`, use `width='stretch'`. For `use_container_width=False`, use `width='content'`.
2025-09-22 22:15:31.565 Please replace `use_container_width` with `width`.

`use_container_width` will be removed after 2025-12-31.

For `use_container_width=True`, use `width='stretch'`. For `use_container_width=False`, use `width='content'`.
2025-09-22 22:16:02.680 Please replace `use_container_width` with `width`.

`use_container_width` will be removed after 2025-12-31.

For `use_container_width=True`, use `width='stretch'`. For `use_container_width=False`, use `width='content'`.
2025-09-22 22:16:33.856 Please replace `use_container_width` with `width`.

`use_container_width` will be removed after 2025-12-31.

For `use_container_width=True`, use `width='stretch'`. For `use_container_width=False`, use `width='content'`.
2025-09-22 22:17:05.026 Please replace `use_container_width` with `width`.

`use_container_width` will be removed after 2025-12-31.

For `use_container_width=True`, use `width='stretch'`. For `use_container_width=False`, use `width='content'`.
2025-09-22 22:17:36.291 Please replace `use_container_width` with `width`.

`use_container_width` will be removed after 2025-12-31.

For `use_container_width=True`, use `width='stretch'`. For `use_container_width=False`, use `width='content'`.
2025-09-22 22:18:07.463 Please replace `use_container_width` with `width`.

`use_container_width` will be removed after 2025-12-31.

For `use_container_width=True`, use `width='stretch'`. For `use_container_width=False`, use `width='content'`.
2025-09-22 22:18:38.594 Please replace `use_container_width` with `width`.

`use_container_width` will be removed after 2025-12-31.

For `use_container_width=True`, use `width='stretch'`. For `use_container_width=False`, use `width='content'`.
2025-09-22 22:19:09.861 Please replace `use_container_width` with `width`.

`use_container_width` will be removed after 2025-12-31.

For `use_container_width=True`, use `width='stretch'`. For `use_container_width=False`, use `width='content'`.
2025-09-22 22:19:40.878 Please replace `use_container_width` with `width`.

`use_container_width` will be removed after 2025-12-31.

For `use_container_width=True`, use `width='stretch'`. For `use_container_width=False`, use `width='content'`.
2025-09-22 22:20:12.128 Please replace `use_container_width` with `width`.

`use_container_width` will be removed after 2025-12-31.

For `use_container_width=True`, use `width='stretch'`. For `use_container_width=False`, use `width='content'`.
2025-09-22 22:20:43.352 Please replace `use_container_width` with `width`.

`use_container_width` will be removed after 2025-12-31.

For `use_container_width=True`, use `width='stretch'`. For `use_container_width=False`, use `width='content'`.
2025-09-22 22:21:14.808 Please replace `use_container_width` with `width`.

`use_container_width` will be removed after 2025-12-31.

For `use_container_width=True`, use `width='stretch'`. For `use_container_width=False`, use `width='content'`.
2025-09-22 22:21:17.090 Please replace `use_container_width` with `width`.

`use_container_width` will be removed after 2025-12-31.

For `use_container_width=True`, use `width='stretch'`. For `use_container_width=False`, use `width='content'`.
2025-09-22 22:21:48.301 Please replace `use_container_width` with `width`.

`use_container_width` will be removed after 2025-12-31.

For `use_container_width=True`, use `width='stretch'`. For `use_container_width=False`, use `width='content'`.
2025-09-22 22:22:19.445 Please replace `use_container_width` with `width`.

`use_container_width` will be removed after 2025-12-31.

For `use_container_width=True`, use `width='stretch'`. For `use_container_width=False`, use `width='content'`.
2025-09-22 22:22:50.646 Please replace `use_container_width` with `width`.

`use_container_width` will be removed after 2025-12-31.

For `use_container_width=True`, use `width='stretch'`. For `use_container_width=False`, use `width='content'`.
2025-09-22 22:23:21.937 Please replace `use_container_width` with `width`.

`use_container_width` will be removed after 2025-12-31.

For `use_container_width=True`, use `width='stretch'`. For `use_container_width=False`, use `width='content'`.
2025-09-22 22:23:52.954 Please replace `use_container_width` with `width`.

`use_container_width` will be removed after 2025-12-31.

For `use_container_width=True`, use `width='stretch'`. For `use_container_width=False`, use `width='content'`.
2025-09-22 22:24:24.120 Please replace `use_container_width` with `width`.

`use_container_width` will be removed after 2025-12-31.

For `use_container_width=True`, use `width='stretch'`. For `use_container_width=False`, use `width='content'`.
2025-09-22 22:24:55.241 Please replace `use_container_width` with `width`.

`use_container_width` will be removed after 2025-12-31.

For `use_container_width=True`, use `width='stretch'`. For `use_container_width=False`, use `width='content'`.
2025-09-22 22:25:26.430 Please replace `use_container_width` with `width`.

`use_container_width` will be removed after 2025-12-31.

For `use_container_width=True`, use `width='stretch'`. For `use_container_width=False`, use `width='content'`.
2025-09-22 22:25:57.812 Please replace `use_container_width` with `width`.

`use_container_width` will be removed after 2025-12-31.

For `use_container_width=True`, use `width='stretch'`. For `use_container_width=False`, use `width='content'`.
2025-09-22 22:26:29.195 Please replace `use_container_width` with `width`.

`use_container_width` will be removed after 2025-12-31.

For `use_container_width=True`, use `width='stretch'`. For `use_container_width=False`, use `width='content'`.
2025-09-22 22:27:00.364 Please replace `use_container_width` with `width`.

`use_container_width` will be removed after 2025-12-31.

For `use_container_width=True`, use `width='stretch'`. For `use_container_width=False`, use `width='content'`.
2025-09-22 22:27:31.670 Please replace `use_container_width` with `width`.

`use_container_width` will be removed after 2025-12-31.

For `use_container_width=True`, use `width='stretch'`. For `use_container_width=False`, use `width='content'`.
2025-09-22 22:28:02.919 Please replace `use_container_width` with `width`.

`use_container_width` will be removed after 2025-12-31.

For `use_container_width=True`, use `width='stretch'`. For `use_container_width=False`, use `width='content'`.
2025-09-22 22:28:25.972 Please replace `use_container_width` with `width`.

`use_container_width` will be removed after 2025-12-31.

For `use_container_width=True`, use `width='stretch'`. For `use_container_width=False`, use `width='content'`.
2025-09-22 22:28:57.299 Please replace `use_container_width` with `width`.

`use_container_width` will be removed after 2025-12-31.

For `use_container_width=True`, use `width='stretch'`. For `use_container_width=False`, use `width='content'`.
2025-09-22 22:29:28.833 Please replace `use_container_width` with `width`.

`use_container_width` will be removed after 2025-12-31.

For `use_container_width=True`, use `width='stretch'`. For `use_container_width=False`, use `width='content'`.
2025-09-22 22:30:00.068 Please replace `use_container_width` with `width`.

`use_container_width` will be removed after 2025-12-31.

For `use_container_width=True`, use `width='stretch'`. For `use_container_width=False`, use `width='content'`.
2025-09-22 22:30:31.297 Please replace `use_container_width` with `width`.

`use_container_width` will be removed after 2025-12-31.

For `use_container_width=True`, use `width='stretch'`. For `use_container_width=False`, use `width='content'`.
2025-09-22 22:31:02.377 Please replace `use_container_width` with `width`.

`use_container_width` will be removed after 2025-12-31.

For `use_container_width=True`, use `width='stretch'`. For `use_container_width=False`, use `width='content'`.
2025-09-22 22:31:33.618 Please replace `use_container_width` with `width`.

`use_container_width` will be removed after 2025-12-31.

For `use_container_width=True`, use `width='stretch'`. For `use_container_width=False`, use `width='content'`.
2025-09-22 22:32:04.656 Please replace `use_container_width` with `width`.

`use_container_width` will be removed after 2025-12-31.

For `use_container_width=True`, use `width='stretch'`. For `use_container_width=False`, use `width='content'`.
2025-09-22 22:32:36.030 Please replace `use_container_width` with `width`.

`use_container_width` will be removed after 2025-12-31.

For `use_container_width=True`, use `width='stretch'`. For `use_container_width=False`, use `width='content'`.
2025-09-22 22:33:07.269 Please replace `use_container_width` with `width`.

`use_container_width` will be removed after 2025-12-31.

For `use_container_width=True`, use `width='stretch'`. For `use_container_width=False`, use `width='content'`.
2025-09-22 22:33:38.403 Please replace `use_container_width` with `width`.

`use_container_width` will be removed after 2025-12-31.

For `use_container_width=True`, use `width='stretch'`. For `use_container_width=False`, use `width='content'`.
2025-09-22 22:34:09.877 Please replace `use_container_width` with `width`.

`use_container_width` will be removed after 2025-12-31.

For `use_container_width=True`, use `width='stretch'`. For `use_container_width=False`, use `width='content'`.
2025-09-22 22:34:41.198 Please replace `use_container_width` with `width`.

`use_container_width` will be removed after 2025-12-31.

For `use_container_width=True`, use `width='stretch'`. For `use_container_width=False`, use `width='content'`.
2025-09-22 22:35:12.576 Please replace `use_container_width` with `width`.

`use_container_width` will be removed after 2025-12-31.

For `use_container_width=True`, use `width='stretch'`. For `use_container_width=False`, use `width='content'`.
2025-09-22 22:35:43.859 Please replace `use_container_width` with `width`.

`use_container_width` will be removed after 2025-12-31.

For `use_container_width=True`, use `width='stretch'`. For `use_container_width=False`, use `width='content'`.
2025-09-22 22:36:15.057 Please replace `use_container_width` with `width`.

`use_container_width` will be removed after 2025-12-31.

For `use_container_width=True`, use `width='stretch'`. For `use_container_width=False`, use `width='content'`.
2025-09-22 22:36:46.493 Please replace `use_container_width` with `width`.

`use_container_width` will be removed after 2025-12-31.

For `use_container_width=True`, use `width='stretch'`. For `use_container_width=False`, use `width='content'`.
2025-09-22 22:37:18.076 Please replace `use_container_width` with `width`.

`use_container_width` will be removed after 2025-12-31.

For `use_container_width=True`, use `width='stretch'`. For `use_container_width=False`, use `width='content'`.
2025-09-22 22:37:49.302 Please replace `use_container_width` with `width`.

`use_container_width` will be removed after 2025-12-31.

For `use_container_width=True`, use `width='stretch'`. For `use_container_width=False`, use `width='content'`.
2025-09-22 22:38:20.307 Please replace `use_container_width` with `width`.

`use_container_width` will be removed after 2025-12-31.

For `use_container_width=True`, use `width='stretch'`. For `use_container_width=False`, use `width='content'`.
2025-09-22 22:38:51.442 Please replace `use_container_width` with `width`.

`use_container_width` will be removed after 2025-12-31.

For `use_container_width=True`, use `width='stretch'`. For `use_container_width=False`, use `width='content'`.
2025-09-22 22:39:22.549 Please replace `use_container_width` with `width`.

`use_container_width` will be removed after 2025-12-31.

For `use_container_width=True`, use `width='stretch'`. For `use_container_width=False`, use `width='content'`.
2025-09-22 22:39:53.578 Please replace `use_container_width` with `width`.

`use_container_width` will be removed after 2025-12-31.

For `use_container_width=True`, use `width='stretch'`. For `use_container_width=False`, use `width='content'`.
2025-09-22 22:40:24.814 Please replace `use_container_width` with `width`.

`use_container_width` will be removed after 2025-12-31.

For `use_container_width=True`, use `width='stretch'`. For `use_container_width=False`, use `width='content'`.
2025-09-22 22:40:56.325 Please replace `use_container_width` with `width`.

`use_container_width` will be removed after 2025-12-31.

For `use_container_width=True`, use `width='stretch'`. For `use_container_width=False`, use `width='content'`.
2025-09-22 22:41:27.558 Please replace `use_container_width` with `width`.

`use_container_width` will be removed after 2025-12-31.

For `use_container_width=True`, use `width='stretch'`. For `use_container_width=False`, use `width='content'`.
2025-09-22 22:41:58.854 Please replace `use_container_width` with `width`.

`use_container_width` will be removed after 2025-12-31.

For `use_container_width=True`, use `width='stretch'`. For `use_container_width=False`, use `width='content'`.
2025-09-22 22:42:30.274 Please replace `use_container_width` with `width`.

`use_container_width` will be removed after 2025-12-31.

For `use_container_width=True`, use `width='stretch'`. For `use_container_width=False`, use `width='content'`.
2025-09-22 22:43:01.464 Please replace `use_container_width` with `width`.

`use_container_width` will be removed after 2025-12-31.

For `use_container_width=True`, use `width='stretch'`. For `use_container_width=False`, use `width='content'`.
2025-09-22 22:43:32.695 Please replace `use_container_width` with `width`.

`use_container_width` will be removed after 2025-12-31.

For `use_container_width=True`, use `width='stretch'`. For `use_container_width=False`, use `width='content'`.
2025-09-22 22:44:03.989 Please replace `use_container_width` with `width`.

`use_container_width` will be removed after 2025-12-31.

For `use_container_width=True`, use `width='stretch'`. For `use_container_width=False`, use `width='content'`.
2025-09-22 22:44:35.288 Please replace `use_container_width` with `width`.

`use_container_width` will be removed after 2025-12-31.

For `use_container_width=True`, use `width='stretch'`. For `use_container_width=False`, use `width='content'`.
2025-09-22 22:45:06.828 Please replace `use_container_width` with `width`.

`use_container_width` will be removed after 2025-12-31.

For `use_container_width=True`, use `width='stretch'`. For `use_container_width=False`, use `width='content'`.
2025-09-22 22:45:38.035 Please replace `use_container_width` with `width`.

`use_container_width` will be removed after 2025-12-31.

For `use_container_width=True`, use `width='stretch'`. For `use_container_width=False`, use `width='content'`.
2025-09-22 22:46:09.151 Please replace `use_container_width` with `width`.

`use_container_width` will be removed after 2025-12-31.

For `use_container_width=True`, use `width='stretch'`. For `use_container_width=False`, use `width='content'`.
2025-09-22 22:46:40.285 Please replace `use_container_width` with `width`.

`use_container_width` will be removed after 2025-12-31.

For `use_container_width=True`, use `width='stretch'`. For `use_container_width=False`, use `width='content'`.
2025-09-22 22:47:11.434 Please replace `use_container_width` with `width`.

`use_container_width` will be removed after 2025-12-31.

For `use_container_width=True`, use `width='stretch'`. For `use_container_width=False`, use `width='content'`.
2025-09-22 22:47:42.511 Please replace `use_container_width` with `width`.

`use_container_width` will be removed after 2025-12-31.

For `use_container_width=True`, use `width='stretch'`. For `use_container_width=False`, use `width='content'`.
2025-09-22 22:48:13.606 Please replace `use_container_width` with `width`.

`use_container_width` will be removed after 2025-12-31.

For `use_container_width=True`, use `width='stretch'`. For `use_container_width=False`, use `width='content'`.
2025-09-22 22:48:44.974 Please replace `use_container_width` with `width`.

`use_container_width` will be removed after 2025-12-31.

For `use_container_width=True`, use `width='stretch'`. For `use_container_width=False`, use `width='content'`.
2025-09-22 22:49:16.226 Please replace `use_container_width` with `width`.

`use_container_width` will be removed after 2025-12-31.

For `use_container_width=True`, use `width='stretch'`. For `use_container_width=False`, use `width='content'`.
2025-09-22 22:49:47.586 Please replace `use_container_width` with `width`.

`use_container_width` will be removed after 2025-12-31.

For `use_container_width=True`, use `width='stretch'`. For `use_container_width=False`, use `width='content'`.
2025-09-22 22:50:18.715 Please replace `use_container_width` with `width`.

`use_container_width` will be removed after 2025-12-31.

For `use_container_width=True`, use `width='stretch'`. For `use_container_width=False`, use `width='content'`.
2025-09-22 22:50:49.774 Please replace `use_container_width` with `width`.

`use_container_width` will be removed after 2025-12-31.

For `use_container_width=True`, use `width='stretch'`. For `use_container_width=False`, use `width='content'`.
2025-09-22 22:51:20.995 Please replace `use_container_width` with `width`.

`use_container_width` will be removed after 2025-12-31.

For `use_container_width=True`, use `width='stretch'`. For `use_container_width=False`, use `width='content'`.
2025-09-22 22:51:52.135 Please replace `use_container_width` with `width`.

`use_container_width` will be removed after 2025-12-31.

For `use_container_width=True`, use `width='stretch'`. For `use_container_width=False`, use `width='content'`.
2025-09-22 22:52:23.460 Please replace `use_container_width` with `width`.

`use_container_width` will be removed after 2025-12-31.

For `use_container_width=True`, use `width='stretch'`. For `use_container_width=False`, use `width='content'`.
2025-09-22 22:52:54.609 Please replace `use_container_width` with `width`.

`use_container_width` will be removed after 2025-12-31.

For `use_container_width=True`, use `width='stretch'`. For `use_container_width=False`, use `width='content'`.
2025-09-22 22:53:25.752 Please replace `use_container_width` with `width`.

`use_container_width` will be removed after 2025-12-31.

For `use_container_width=True`, use `width='stretch'`. For `use_container_width=False`, use `width='content'`.
2025-09-22 22:53:56.878 Please replace `use_container_width` with `width`.

`use_container_width` will be removed after 2025-12-31.

For `use_container_width=True`, use `width='stretch'`. For `use_container_width=False`, use `width='content'`.
2025-09-22 22:54:28.063 Please replace `use_container_width` with `width`.

`use_container_width` will be removed after 2025-12-31.

For `use_container_width=True`, use `width='stretch'`. For `use_container_width=False`, use `width='content'`.
2025-09-22 22:54:59.097 Please replace `use_container_width` with `width`.

`use_container_width` will be removed after 2025-12-31.

For `use_container_width=True`, use `width='stretch'`. For `use_container_width=False`, use `width='content'`.
2025-09-22 22:55:30.290 Please replace `use_container_width` with `width`.

`use_container_width` will be removed after 2025-12-31.

For `use_container_width=True`, use `width='stretch'`. For `use_container_width=False`, use `width='content'`.
2025-09-22 22:56:01.531 Please replace `use_container_width` with `width`.

`use_container_width` will be removed after 2025-12-31.

For `use_container_width=True`, use `width='stretch'`. For `use_container_width=False`, use `width='content'`.
2025-09-22 22:56:32.768 Please replace `use_container_width` with `width`.

`use_container_width` will be removed after 2025-12-31.

For `use_container_width=True`, use `width='stretch'`. For `use_container_width=False`, use `width='content'`.
2025-09-22 22:57:03.904 Please replace `use_container_width` with `width`.

`use_container_width` will be removed after 2025-12-31.

For `use_container_width=True`, use `width='stretch'`. For `use_container_width=False`, use `width='content'`.
2025-09-22 22:57:35.278 Please replace `use_container_width` with `width`.

`use_container_width` will be removed after 2025-12-31.

For `use_container_width=True`, use `width='stretch'`. For `use_container_width=False`, use `width='content'`.
2025-09-22 22:58:06.623 Please replace `use_container_width` with `width`.

`use_container_width` will be removed after 2025-12-31.

For `use_container_width=True`, use `width='stretch'`. For `use_container_width=False`, use `width='content'`.
2025-09-22 22:58:37.800 Please replace `use_container_width` with `width`.

`use_container_width` will be removed after 2025-12-31.

For `use_container_width=True`, use `width='stretch'`. For `use_container_width=False`, use `width='content'`.
2025-09-22 22:59:08.825 Please replace `use_container_width` with `width`.

`use_container_width` will be removed after 2025-12-31.

For `use_container_width=True`, use `width='stretch'`. For `use_container_width=False`, use `width='content'`.
2025-09-22 22:59:40.029 Please replace `use_container_width` with `width`.

`use_container_width` will be removed after 2025-12-31.

For `use_container_width=True`, use `width='stretch'`. For `use_container_width=False`, use `width='content'`.
2025-09-22 23:00:11.241 Please replace `use_container_width` with `width`.

`use_container_width` will be removed after 2025-12-31.

For `use_container_width=True`, use `width='stretch'`. For `use_container_width=False`, use `width='content'`.
2025-09-22 23:00:42.424 Please replace `use_container_width` with `width`.

`use_container_width` will be removed after 2025-12-31.

For `use_container_width=True`, use `width='stretch'`. For `use_container_width=False`, use `width='content'`.
2025-09-22 23:01:13.617 Please replace `use_container_width` with `width`.

`use_container_width` will be removed after 2025-12-31.

For `use_container_width=True`, use `width='stretch'`. For `use_container_width=False`, use `width='content'`.
2025-09-22 23:01:44.748 Please replace `use_container_width` with `width`.

`use_container_width` will be removed after 2025-12-31.

For `use_container_width=True`, use `width='stretch'`. For `use_container_width=False`, use `width='content'`.
2025-09-22 23:02:15.897 Please replace `use_container_width` with `width`.

`use_container_width` will be removed after 2025-12-31.

For `use_container_width=True`, use `width='stretch'`. For `use_container_width=False`, use `width='content'`.
2025-09-22 23:02:47.185 Please replace `use_container_width` with `width`.

`use_container_width` will be removed after 2025-12-31.

For `use_container_width=True`, use `width='stretch'`. For `use_container_width=False`, use `width='content'`.
2025-09-22 23:03:18.362 Please replace `use_container_width` with `width`.

`use_container_width` will be removed after 2025-12-31.

For `use_container_width=True`, use `width='stretch'`. For `use_container_width=False`, use `width='content'`.
2025-09-22 23:03:49.754 Please replace `use_container_width` with `width`.

`use_container_width` will be removed after 2025-12-31.

For `use_container_width=True`, use `width='stretch'`. For `use_container_width=False`, use `width='content'`.
2025-09-22 23:04:20.945 Please replace `use_container_width` with `width`.

`use_container_width` will be removed after 2025-12-31.

For `use_container_width=True`, use `width='stretch'`. For `use_container_width=False`, use `width='content'`.
2025-09-22 23:04:52.375 Please replace `use_container_width` with `width`.

`use_container_width` will be removed after 2025-12-31.

For `use_container_width=True`, use `width='stretch'`. For `use_container_width=False`, use `width='content'`.
2025-09-22 23:05:23.628 Please replace `use_container_width` with `width`.

`use_container_width` will be removed after 2025-12-31.

For `use_container_width=True`, use `width='stretch'`. For `use_container_width=False`, use `width='content'`.
2025-09-22 23:05:54.660 Please replace `use_container_width` with `width`.

`use_container_width` will be removed after 2025-12-31.

For `use_container_width=True`, use `width='stretch'`. For `use_container_width=False`, use `width='content'`.
2025-09-22 23:06:25.803 Please replace `use_container_width` with `width`.

`use_container_width` will be removed after 2025-12-31.

For `use_container_width=True`, use `width='stretch'`. For `use_container_width=False`, use `width='content'`.
2025-09-22 23:06:56.913 Please replace `use_container_width` with `width`.

`use_container_width` will be removed after 2025-12-31.

For `use_container_width=True`, use `width='stretch'`. For `use_container_width=False`, use `width='content'`.
2025-09-22 23:07:28.258 Please replace `use_container_width` with `width`.

`use_container_width` will be removed after 2025-12-31.

For `use_container_width=True`, use `width='stretch'`. For `use_container_width=False`, use `width='content'`.
2025-09-22 23:07:59.593 Please replace `use_container_width` with `width`.

`use_container_width` will be removed after 2025-12-31.

For `use_container_width=True`, use `width='stretch'`. For `use_container_width=False`, use `width='content'`.
2025-09-22 23:08:30.713 Please replace `use_container_width` with `width`.

`use_container_width` will be removed after 2025-12-31.

For `use_container_width=True`, use `width='stretch'`. For `use_container_width=False`, use `width='content'`.
2025-09-22 23:09:02.042 Please replace `use_container_width` with `width`.

`use_container_width` will be removed after 2025-12-31.

For `use_container_width=True`, use `width='stretch'`. For `use_container_width=False`, use `width='content'`.
2025-09-22 23:09:33.133 Please replace `use_container_width` with `width`.

`use_container_width` will be removed after 2025-12-31.

For `use_container_width=True`, use `width='stretch'`. For `use_container_width=False`, use `width='content'`.
2025-09-22 23:10:04.479 Please replace `use_container_width` with `width`.

`use_container_width` will be removed after 2025-12-31.

For `use_container_width=True`, use `width='stretch'`. For `use_container_width=False`, use `width='content'`.
2025-09-22 23:10:35.532 Please replace `use_container_width` with `width`.

`use_container_width` will be removed after 2025-12-31.

For `use_container_width=True`, use `width='stretch'`. For `use_container_width=False`, use `width='content'`.
2025-09-22 23:11:06.755 Please replace `use_container_width` with `width`.

`use_container_width` will be removed after 2025-12-31.

For `use_container_width=True`, use `width='stretch'`. For `use_container_width=False`, use `width='content'`.
2025-09-22 23:11:37.986 Please replace `use_container_width` with `width`.

`use_container_width` will be removed after 2025-12-31.

For `use_container_width=True`, use `width='stretch'`. For `use_container_width=False`, use `width='content'`.
2025-09-22 23:12:09.423 Please replace `use_container_width` with `width`.

`use_container_width` will be removed after 2025-12-31.

For `use_container_width=True`, use `width='stretch'`. For `use_container_width=False`, use `width='content'`.
2025-09-22 23:12:40.539 Please replace `use_container_width` with `width`.

`use_container_width` will be removed after 2025-12-31.

For `use_container_width=True`, use `width='stretch'`. For `use_container_width=False`, use `width='content'`.
2025-09-22 23:13:11.731 Please replace `use_container_width` with `width`.

`use_container_width` will be removed after 2025-12-31.

For `use_container_width=True`, use `width='stretch'`. For `use_container_width=False`, use `width='content'`.
2025-09-22 23:13:42.989 Please replace `use_container_width` with `width`.

`use_container_width` will be removed after 2025-12-31.

For `use_container_width=True`, use `width='stretch'`. For `use_container_width=False`, use `width='content'`.
2025-09-22 23:14:14.304 Please replace `use_container_width` with `width`.

`use_container_width` will be removed after 2025-12-31.

For `use_container_width=True`, use `width='stretch'`. For `use_container_width=False`, use `width='content'`.
2025-09-22 23:14:45.472 Please replace `use_container_width` with `width`.

`use_container_width` will be removed after 2025-12-31.

For `use_container_width=True`, use `width='stretch'`. For `use_container_width=False`, use `width='content'`.
2025-09-22 23:15:16.861 Please replace `use_container_width` with `width`.

`use_container_width` will be removed after 2025-12-31.

For `use_container_width=True`, use `width='stretch'`. For `use_container_width=False`, use `width='content'`.
2025-09-22 23:15:48.203 Please replace `use_container_width` with `width`.

`use_container_width` will be removed after 2025-12-31.

For `use_container_width=True`, use `width='stretch'`. For `use_container_width=False`, use `width='content'`.
2025-09-22 23:16:19.634 Please replace `use_container_width` with `width`.

`use_container_width` will be removed after 2025-12-31.

For `use_container_width=True`, use `width='stretch'`. For `use_container_width=False`, use `width='content'`.
2025-09-22 23:16:50.865 Please replace `use_container_width` with `width`.

`use_container_width` will be removed after 2025-12-31.

For `use_container_width=True`, use `width='stretch'`. For `use_container_width=False`, use `width='content'`.
2025-09-22 23:17:22.282 Please replace `use_container_width` with `width`.

`use_container_width` will be removed after 2025-12-31.

For `use_container_width=True`, use `width='stretch'`. For `use_container_width=False`, use `width='content'`.
2025-09-22 23:17:53.331 Please replace `use_container_width` with `width`.

`use_container_width` will be removed after 2025-12-31.

For `use_container_width=True`, use `width='stretch'`. For `use_container_width=False`, use `width='content'`.
2025-09-22 23:18:24.577 Please replace `use_container_width` with `width`.

`use_container_width` will be removed after 2025-12-31.

For `use_container_width=True`, use `width='stretch'`. For `use_container_width=False`, use `width='content'`.
2025-09-22 23:18:55.906 Please replace `use_container_width` with `width`.

`use_container_width` will be removed after 2025-12-31.

For `use_container_width=True`, use `width='stretch'`. For `use_container_width=False`, use `width='content'`.
2025-09-22 23:19:27.277 Please replace `use_container_width` with `width`.

`use_container_width` will be removed after 2025-12-31.

For `use_container_width=True`, use `width='stretch'`. For `use_container_width=False`, use `width='content'`.
2025-09-22 23:19:58.574 Please replace `use_container_width` with `width`.

`use_container_width` will be removed after 2025-12-31.

For `use_container_width=True`, use `width='stretch'`. For `use_container_width=False`, use `width='content'`.
2025-09-22 23:20:29.695 Please replace `use_container_width` with `width`.

`use_container_width` will be removed after 2025-12-31.

For `use_container_width=True`, use `width='stretch'`. For `use_container_width=False`, use `width='content'`.
2025-09-22 23:21:01.043 Please replace `use_container_width` with `width`.

`use_container_width` will be removed after 2025-12-31.

For `use_container_width=True`, use `width='stretch'`. For `use_container_width=False`, use `width='content'`.
2025-09-22 23:21:32.325 Please replace `use_container_width` with `width`.

`use_container_width` will be removed after 2025-12-31.

For `use_container_width=True`, use `width='stretch'`. For `use_container_width=False`, use `width='content'`.
2025-09-22 23:22:03.520 Please replace `use_container_width` with `width`.

`use_container_width` will be removed after 2025-12-31.

For `use_container_width=True`, use `width='stretch'`. For `use_container_width=False`, use `width='content'`.
2025-09-22 23:22:34.737 Please replace `use_container_width` with `width`.

`use_container_width` will be removed after 2025-12-31.

For `use_container_width=True`, use `width='stretch'`. For `use_container_width=False`, use `width='content'`.
2025-09-22 23:23:05.865 Please replace `use_container_width` with `width`.

`use_container_width` will be removed after 2025-12-31.

For `use_container_width=True`, use `width='stretch'`. For `use_container_width=False`, use `width='content'`.
2025-09-22 23:23:37.031 Please replace `use_container_width` with `width`.

`use_container_width` will be removed after 2025-12-31.

For `use_container_width=True`, use `width='stretch'`. For `use_container_width=False`, use `width='content'`.
2025-09-22 23:24:08.370 Please replace `use_container_width` with `width`.

`use_container_width` will be removed after 2025-12-31.

For `use_container_width=True`, use `width='stretch'`. For `use_container_width=False`, use `width='content'`.
2025-09-22 23:24:39.630 Please replace `use_container_width` with `width`.

`use_container_width` will be removed after 2025-12-31.

For `use_container_width=True`, use `width='stretch'`. For `use_container_width=False`, use `width='content'`.
2025-09-22 23:25:10.936 Please replace `use_container_width` with `width`.

`use_container_width` will be removed after 2025-12-31.

For `use_container_width=True`, use `width='stretch'`. For `use_container_width=False`, use `width='content'`.
2025-09-22 23:25:42.235 Please replace `use_container_width` with `width`.

`use_container_width` will be removed after 2025-12-31.

For `use_container_width=True`, use `width='stretch'`. For `use_container_width=False`, use `width='content'`.
2025-09-22 23:26:13.480 Please replace `use_container_width` with `width`.

`use_container_width` will be removed after 2025-12-31.

For `use_container_width=True`, use `width='stretch'`. For `use_container_width=False`, use `width='content'`.
2025-09-22 23:26:44.813 Please replace `use_container_width` with `width`.

`use_container_width` will be removed after 2025-12-31.

For `use_container_width=True`, use `width='stretch'`. For `use_container_width=False`, use `width='content'`.
2025-09-22 23:27:15.999 Please replace `use_container_width` with `width`.

`use_container_width` will be removed after 2025-12-31.

For `use_container_width=True`, use `width='stretch'`. For `use_container_width=False`, use `width='content'`.
2025-09-22 23:27:47.185 Please replace `use_container_width` with `width`.

`use_container_width` will be removed after 2025-12-31.

For `use_container_width=True`, use `width='stretch'`. For `use_container_width=False`, use `width='content'`.
2025-09-22 23:28:18.358 Please replace `use_container_width` with `width`.

`use_container_width` will be removed after 2025-12-31.

For `use_container_width=True`, use `width='stretch'`. For `use_container_width=False`, use `width='content'`.
2025-09-22 23:28:49.603 Please replace `use_container_width` with `width`.

`use_container_width` will be removed after 2025-12-31.

For `use_container_width=True`, use `width='stretch'`. For `use_container_width=False`, use `width='content'`.
2025-09-22 23:29:20.863 Please replace `use_container_width` with `width`.

`use_container_width` will be removed after 2025-12-31.

For `use_container_width=True`, use `width='stretch'`. For `use_container_width=False`, use `width='content'`.
2025-09-22 23:29:52.056 Please replace `use_container_width` with `width`.

`use_container_width` will be removed after 2025-12-31.

For `use_container_width=True`, use `width='stretch'`. For `use_container_width=False`, use `width='content'`.
2025-09-22 23:30:23.408 Please replace `use_container_width` with `width`.

`use_container_width` will be removed after 2025-12-31.

For `use_container_width=True`, use `width='stretch'`. For `use_container_width=False`, use `width='content'`.
2025-09-22 23:30:54.607 Please replace `use_container_width` with `width`.

`use_container_width` will be removed after 2025-12-31.

For `use_container_width=True`, use `width='stretch'`. For `use_container_width=False`, use `width='content'`.
2025-09-22 23:31:25.767 Please replace `use_container_width` with `width`.

`use_container_width` will be removed after 2025-12-31.

For `use_container_width=True`, use `width='stretch'`. For `use_container_width=False`, use `width='content'`.
2025-09-22 23:31:57.047 Please replace `use_container_width` with `width`.

`use_container_width` will be removed after 2025-12-31.

For `use_container_width=True`, use `width='stretch'`. For `use_container_width=False`, use `width='content'`.
2025-09-22 23:32:28.122 Please replace `use_container_width` with `width`.

`use_container_width` will be removed after 2025-12-31.

For `use_container_width=True`, use `width='stretch'`. For `use_container_width=False`, use `width='content'`.
2025-09-22 23:32:59.232 Please replace `use_container_width` with `width`.

`use_container_width` will be removed after 2025-12-31.

For `use_container_width=True`, use `width='stretch'`. For `use_container_width=False`, use `width='content'`.
2025-09-22 23:33:30.520 Please replace `use_container_width` with `width`.

`use_container_width` will be removed after 2025-12-31.

For `use_container_width=True`, use `width='stretch'`. For `use_container_width=False`, use `width='content'`.
2025-09-22 23:34:01.718 Please replace `use_container_width` with `width`.

`use_container_width` will be removed after 2025-12-31.

For `use_container_width=True`, use `width='stretch'`. For `use_container_width=False`, use `width='content'`.
2025-09-22 23:34:33.040 Please replace `use_container_width` with `width`.

`use_container_width` will be removed after 2025-12-31.

For `use_container_width=True`, use `width='stretch'`. For `use_container_width=False`, use `width='content'`.
2025-09-22 23:35:04.255 Please replace `use_container_width` with `width`.

`use_container_width` will be removed after 2025-12-31.

For `use_container_width=True`, use `width='stretch'`. For `use_container_width=False`, use `width='content'`.
2025-09-22 23:35:35.601 Please replace `use_container_width` with `width`.

`use_container_width` will be removed after 2025-12-31.

For `use_container_width=True`, use `width='stretch'`. For `use_container_width=False`, use `width='content'`.
2025-09-22 23:36:06.752 Please replace `use_container_width` with `width`.

`use_container_width` will be removed after 2025-12-31.

For `use_container_width=True`, use `width='stretch'`. For `use_container_width=False`, use `width='content'`.
2025-09-22 23:36:38.058 Please replace `use_container_width` with `width`.

`use_container_width` will be removed after 2025-12-31.

For `use_container_width=True`, use `width='stretch'`. For `use_container_width=False`, use `width='content'`.
2025-09-22 23:37:09.352 Please replace `use_container_width` with `width`.

`use_container_width` will be removed after 2025-12-31.

For `use_container_width=True`, use `width='stretch'`. For `use_container_width=False`, use `width='content'`.
2025-09-22 23:37:40.512 Please replace `use_container_width` with `width`.

`use_container_width` will be removed after 2025-12-31.

For `use_container_width=True`, use `width='stretch'`. For `use_container_width=False`, use `width='content'`.
2025-09-22 23:38:11.530 Please replace `use_container_width` with `width`.

`use_container_width` will be removed after 2025-12-31.

For `use_container_width=True`, use `width='stretch'`. For `use_container_width=False`, use `width='content'`.
2025-09-22 23:38:42.698 Please replace `use_container_width` with `width`.

`use_container_width` will be removed after 2025-12-31.

For `use_container_width=True`, use `width='stretch'`. For `use_container_width=False`, use `width='content'`.
2025-09-22 23:39:13.952 Please replace `use_container_width` with `width`.

`use_container_width` will be removed after 2025-12-31.

For `use_container_width=True`, use `width='stretch'`. For `use_container_width=False`, use `width='content'`.
2025-09-22 23:39:45.126 Please replace `use_container_width` with `width`.

`use_container_width` will be removed after 2025-12-31.

For `use_container_width=True`, use `width='stretch'`. For `use_container_width=False`, use `width='content'`.
2025-09-22 23:40:16.438 Please replace `use_container_width` with `width`.

`use_container_width` will be removed after 2025-12-31.

For `use_container_width=True`, use `width='stretch'`. For `use_container_width=False`, use `width='content'`.
2025-09-22 23:40:47.696 Please replace `use_container_width` with `width`.

`use_container_width` will be removed after 2025-12-31.

For `use_container_width=True`, use `width='stretch'`. For `use_container_width=False`, use `width='content'`.
2025-09-22 23:41:19.025 Please replace `use_container_width` with `width`.

`use_container_width` will be removed after 2025-12-31.

For `use_container_width=True`, use `width='stretch'`. For `use_container_width=False`, use `width='content'`.
2025-09-22 23:41:50.262 Please replace `use_container_width` with `width`.

`use_container_width` will be removed after 2025-12-31.

For `use_container_width=True`, use `width='stretch'`. For `use_container_width=False`, use `width='content'`.
2025-09-22 23:42:21.536 Please replace `use_container_width` with `width`.

`use_container_width` will be removed after 2025-12-31.

For `use_container_width=True`, use `width='stretch'`. For `use_container_width=False`, use `width='content'`.
2025-09-22 23:42:52.824 Please replace `use_container_width` with `width`.

`use_container_width` will be removed after 2025-12-31.

For `use_container_width=True`, use `width='stretch'`. For `use_container_width=False`, use `width='content'`.
2025-09-22 23:43:24.051 Please replace `use_container_width` with `width`.

`use_container_width` will be removed after 2025-12-31.

For `use_container_width=True`, use `width='stretch'`. For `use_container_width=False`, use `width='content'`.
2025-09-22 23:43:55.549 Please replace `use_container_width` with `width`.

`use_container_width` will be removed after 2025-12-31.

For `use_container_width=True`, use `width='stretch'`. For `use_container_width=False`, use `width='content'`.
2025-09-22 23:44:26.803 Please replace `use_container_width` with `width`.

`use_container_width` will be removed after 2025-12-31.

For `use_container_width=True`, use `width='stretch'`. For `use_container_width=False`, use `width='content'`.
2025-09-22 23:44:57.889 Please replace `use_container_width` with `width`.

`use_container_width` will be removed after 2025-12-31.

For `use_container_width=True`, use `width='stretch'`. For `use_container_width=False`, use `width='content'`.
2025-09-22 23:45:29.260 Please replace `use_container_width` with `width`.

`use_container_width` will be removed after 2025-12-31.

For `use_container_width=True`, use `width='stretch'`. For `use_container_width=False`, use `width='content'`.
2025-09-22 23:46:00.440 Please replace `use_container_width` with `width`.

`use_container_width` will be removed after 2025-12-31.

For `use_container_width=True`, use `width='stretch'`. For `use_container_width=False`, use `width='content'`.
2025-09-22 23:46:31.549 Please replace `use_container_width` with `width`.

`use_container_width` will be removed after 2025-12-31.

For `use_container_width=True`, use `width='stretch'`. For `use_container_width=False`, use `width='content'`.
2025-09-22 23:47:02.865 Please replace `use_container_width` with `width`.

`use_container_width` will be removed after 2025-12-31.

For `use_container_width=True`, use `width='stretch'`. For `use_container_width=False`, use `width='content'`.
2025-09-22 23:47:33.994 Please replace `use_container_width` with `width`.

`use_container_width` will be removed after 2025-12-31.

For `use_container_width=True`, use `width='stretch'`. For `use_container_width=False`, use `width='content'`.
2025-09-22 23:48:05.265 Please replace `use_container_width` with `width`.

`use_container_width` will be removed after 2025-12-31.

For `use_container_width=True`, use `width='stretch'`. For `use_container_width=False`, use `width='content'`.
2025-09-22 23:48:36.350 Please replace `use_container_width` with `width`.

`use_container_width` will be removed after 2025-12-31.

For `use_container_width=True`, use `width='stretch'`. For `use_container_width=False`, use `width='content'`.
2025-09-22 23:49:07.509 Please replace `use_container_width` with `width`.

`use_container_width` will be removed after 2025-12-31.

For `use_container_width=True`, use `width='stretch'`. For `use_container_width=False`, use `width='content'`.
2025-09-22 23:49:29.721 Please replace `use_container_width` with `width`.

`use_container_width` will be removed after 2025-12-31.

For `use_container_width=True`, use `width='stretch'`. For `use_container_width=False`, use `width='content'`.
2025-09-22 23:50:00.948 Please replace `use_container_width` with `width`.

`use_container_width` will be removed after 2025-12-31.

For `use_container_width=True`, use `width='stretch'`. For `use_container_width=False`, use `width='content'`.
2025-09-22 23:50:32.099 Please replace `use_container_width` with `width`.

`use_container_width` will be removed after 2025-12-31.

For `use_container_width=True`, use `width='stretch'`. For `use_container_width=False`, use `width='content'`.
2025-09-22 23:51:03.308 Please replace `use_container_width` with `width`.

`use_container_width` will be removed after 2025-12-31.

For `use_container_width=True`, use `width='stretch'`. For `use_container_width=False`, use `width='content'`.
2025-09-22 23:51:34.549 Please replace `use_container_width` with `width`.

`use_container_width` will be removed after 2025-12-31.

For `use_container_width=True`, use `width='stretch'`. For `use_container_width=False`, use `width='content'`.
2025-09-22 23:52:06.132 Please replace `use_container_width` with `width`.

`use_container_width` will be removed after 2025-12-31.

For `use_container_width=True`, use `width='stretch'`. For `use_container_width=False`, use `width='content'`.
2025-09-22 23:52:37.471 Please replace `use_container_width` with `width`.

`use_container_width` will be removed after 2025-12-31.

For `use_container_width=True`, use `width='stretch'`. For `use_container_width=False`, use `width='content'`.
2025-09-22 23:53:08.604 Please replace `use_container_width` with `width`.

`use_container_width` will be removed after 2025-12-31.

For `use_container_width=True`, use `width='stretch'`. For `use_container_width=False`, use `width='content'`.
2025-09-22 23:53:39.823 Please replace `use_container_width` with `width`.

`use_container_width` will be removed after 2025-12-31.

For `use_container_width=True`, use `width='stretch'`. For `use_container_width=False`, use `width='content'`.
2025-09-22 23:54:11.184 Please replace `use_container_width` with `width`.

`use_container_width` will be removed after 2025-12-31.

For `use_container_width=True`, use `width='stretch'`. For `use_container_width=False`, use `width='content'`.
2025-09-22 23:54:42.318 Please replace `use_container_width` with `width`.

`use_container_width` will be removed after 2025-12-31.

For `use_container_width=True`, use `width='stretch'`. For `use_container_width=False`, use `width='content'`.
2025-09-22 23:55:13.496 Please replace `use_container_width` with `width`.

`use_container_width` will be removed after 2025-12-31.

For `use_container_width=True`, use `width='stretch'`. For `use_container_width=False`, use `width='content'`.
2025-09-22 23:55:44.772 Please replace `use_container_width` with `width`.

`use_container_width` will be removed after 2025-12-31.

For `use_container_width=True`, use `width='stretch'`. For `use_container_width=False`, use `width='content'`.
2025-09-22 23:56:16.172 Please replace `use_container_width` with `width`.

`use_container_width` will be removed after 2025-12-31.

For `use_container_width=True`, use `width='stretch'`. For `use_container_width=False`, use `width='content'`.
2025-09-22 23:56:47.427 Please replace `use_container_width` with `width`.

`use_container_width` will be removed after 2025-12-31.

For `use_container_width=True`, use `width='stretch'`. For `use_container_width=False`, use `width='content'`.
2025-09-22 23:57:18.725 Please replace `use_container_width` with `width`.

`use_container_width` will be removed after 2025-12-31.

For `use_container_width=True`, use `width='stretch'`. For `use_container_width=False`, use `width='content'`.
2025-09-22 23:57:49.843 Please replace `use_container_width` with `width`.

`use_container_width` will be removed after 2025-12-31.

For `use_container_width=True`, use `width='stretch'`. For `use_container_width=False`, use `width='content'`.
2025-09-22 23:58:21.080 Please replace `use_container_width` with `width`.

`use_container_width` will be removed after 2025-12-31.

For `use_container_width=True`, use `width='stretch'`. For `use_container_width=False`, use `width='content'`.
2025-09-22 23:58:52.276 Please replace `use_container_width` with `width`.

`use_container_width` will be removed after 2025-12-31.

For `use_container_width=True`, use `width='stretch'`. For `use_container_width=False`, use `width='content'`.
2025-09-22 23:59:23.584 Please replace `use_container_width` with `width`.

`use_container_width` will be removed after 2025-12-31.

For `use_container_width=True`, use `width='stretch'`. For `use_container_width=False`, use `width='content'`.
2025-09-22 23:59:54.910 Please replace `use_container_width` with `width`.

`use_container_width` will be removed after 2025-12-31.

For `use_container_width=True`, use `width='stretch'`. For `use_container_width=False`, use `width='content'`.
2025-09-23 00:00:25.992 Please replace `use_container_width` with `width`.

`use_container_width` will be removed after 2025-12-31.

For `use_container_width=True`, use `width='stretch'`. For `use_container_width=False`, use `width='content'`.
2025-09-23 00:00:57.307 Please replace `use_container_width` with `width`.

`use_container_width` will be removed after 2025-12-31.

For `use_container_width=True`, use `width='stretch'`. For `use_container_width=False`, use `width='content'`.
2025-09-23 00:01:28.639 Please replace `use_container_width` with `width`.

`use_container_width` will be removed after 2025-12-31.

For `use_container_width=True`, use `width='stretch'`. For `use_container_width=False`, use `width='content'`.
2025-09-23 00:01:59.694 Please replace `use_container_width` with `width`.

`use_container_width` will be removed after 2025-12-31.

For `use_container_width=True`, use `width='stretch'`. For `use_container_width=False`, use `width='content'`.
2025-09-23 00:02:30.803 Please replace `use_container_width` with `width`.

`use_container_width` will be removed after 2025-12-31.

For `use_container_width=True`, use `width='stretch'`. For `use_container_width=False`, use `width='content'`.
2025-09-23 00:03:02.035 Please replace `use_container_width` with `width`.

`use_container_width` will be removed after 2025-12-31.

For `use_container_width=True`, use `width='stretch'`. For `use_container_width=False`, use `width='content'`.
2025-09-23 00:03:33.255 Please replace `use_container_width` with `width`.

`use_container_width` will be removed after 2025-12-31.

For `use_container_width=True`, use `width='stretch'`. For `use_container_width=False`, use `width='content'`.
2025-09-23 00:04:04.443 Please replace `use_container_width` with `width`.

`use_container_width` will be removed after 2025-12-31.

For `use_container_width=True`, use `width='stretch'`. For `use_container_width=False`, use `width='content'`.
2025-09-23 00:04:35.645 Please replace `use_container_width` with `width`.

`use_container_width` will be removed after 2025-12-31.

For `use_container_width=True`, use `width='stretch'`. For `use_container_width=False`, use `width='content'`.
2025-09-23 00:05:06.973 Please replace `use_container_width` with `width`.

`use_container_width` will be removed after 2025-12-31.

For `use_container_width=True`, use `width='stretch'`. For `use_container_width=False`, use `width='content'`.
2025-09-23 00:05:38.151 Please replace `use_container_width` with `width`.

`use_container_width` will be removed after 2025-12-31.

For `use_container_width=True`, use `width='stretch'`. For `use_container_width=False`, use `width='content'`.
2025-09-23 00:06:09.605 Please replace `use_container_width` with `width`.

`use_container_width` will be removed after 2025-12-31.

For `use_container_width=True`, use `width='stretch'`. For `use_container_width=False`, use `width='content'`.
2025-09-23 00:06:40.959 Please replace `use_container_width` with `width`.

`use_container_width` will be removed after 2025-12-31.

For `use_container_width=True`, use `width='stretch'`. For `use_container_width=False`, use `width='content'`.
2025-09-23 00:07:12.378 Please replace `use_container_width` with `width`.

`use_container_width` will be removed after 2025-12-31.

For `use_container_width=True`, use `width='stretch'`. For `use_container_width=False`, use `width='content'`.
2025-09-23 00:07:43.630 Please replace `use_container_width` with `width`.

`use_container_width` will be removed after 2025-12-31.

For `use_container_width=True`, use `width='stretch'`. For `use_container_width=False`, use `width='content'`.
2025-09-23 00:08:15.037 Please replace `use_container_width` with `width`.

`use_container_width` will be removed after 2025-12-31.

For `use_container_width=True`, use `width='stretch'`. For `use_container_width=False`, use `width='content'`.
2025-09-23 00:08:46.348 Please replace `use_container_width` with `width`.

`use_container_width` will be removed after 2025-12-31.

For `use_container_width=True`, use `width='stretch'`. For `use_container_width=False`, use `width='content'`.
2025-09-23 00:09:17.547 Please replace `use_container_width` with `width`.

`use_container_width` will be removed after 2025-12-31.

For `use_container_width=True`, use `width='stretch'`. For `use_container_width=False`, use `width='content'`.
2025-09-23 00:09:48.786 Please replace `use_container_width` with `width`.

`use_container_width` will be removed after 2025-12-31.

For `use_container_width=True`, use `width='stretch'`. For `use_container_width=False`, use `width='content'`.
2025-09-23 00:10:20.074 Please replace `use_container_width` with `width`.

`use_container_width` will be removed after 2025-12-31.

For `use_container_width=True`, use `width='stretch'`. For `use_container_width=False`, use `width='content'`.
2025-09-23 00:10:51.263 Please replace `use_container_width` with `width`.

`use_container_width` will be removed after 2025-12-31.

For `use_container_width=True`, use `width='stretch'`. For `use_container_width=False`, use `width='content'`.
2025-09-23 00:11:22.651 Please replace `use_container_width` with `width`.

`use_container_width` will be removed after 2025-12-31.

For `use_container_width=True`, use `width='stretch'`. For `use_container_width=False`, use `width='content'`.
2025-09-23 00:11:53.822 Please replace `use_container_width` with `width`.

`use_container_width` will be removed after 2025-12-31.

For `use_container_width=True`, use `width='stretch'`. For `use_container_width=False`, use `width='content'`.
2025-09-23 00:12:25.106 Please replace `use_container_width` with `width`.

`use_container_width` will be removed after 2025-12-31.

For `use_container_width=True`, use `width='stretch'`. For `use_container_width=False`, use `width='content'`.
2025-09-23 00:12:56.120 Please replace `use_container_width` with `width`.

`use_container_width` will be removed after 2025-12-31.

For `use_container_width=True`, use `width='stretch'`. For `use_container_width=False`, use `width='content'`.
2025-09-23 00:13:27.576 Please replace `use_container_width` with `width`.

`use_container_width` will be removed after 2025-12-31.

For `use_container_width=True`, use `width='stretch'`. For `use_container_width=False`, use `width='content'`.
2025-09-23 00:13:58.820 Please replace `use_container_width` with `width`.

`use_container_width` will be removed after 2025-12-31.

For `use_container_width=True`, use `width='stretch'`. For `use_container_width=False`, use `width='content'`.
2025-09-23 00:14:30.065 Please replace `use_container_width` with `width`.

`use_container_width` will be removed after 2025-12-31.

For `use_container_width=True`, use `width='stretch'`. For `use_container_width=False`, use `width='content'`.
2025-09-23 00:15:01.212 Please replace `use_container_width` with `width`.

`use_container_width` will be removed after 2025-12-31.

For `use_container_width=True`, use `width='stretch'`. For `use_container_width=False`, use `width='content'`.
2025-09-23 00:15:32.328 Please replace `use_container_width` with `width`.

`use_container_width` will be removed after 2025-12-31.

For `use_container_width=True`, use `width='stretch'`. For `use_container_width=False`, use `width='content'`.
2025-09-23 00:16:03.581 Please replace `use_container_width` with `width`.

`use_container_width` will be removed after 2025-12-31.

For `use_container_width=True`, use `width='stretch'`. For `use_container_width=False`, use `width='content'`.
2025-09-23 00:16:34.944 Please replace `use_container_width` with `width`.

`use_container_width` will be removed after 2025-12-31.

For `use_container_width=True`, use `width='stretch'`. For `use_container_width=False`, use `width='content'`.
2025-09-23 00:17:06.031 Please replace `use_container_width` with `width`.

`use_container_width` will be removed after 2025-12-31.

For `use_container_width=True`, use `width='stretch'`. For `use_container_width=False`, use `width='content'`.
2025-09-23 00:17:37.313 Please replace `use_container_width` with `width`.

`use_container_width` will be removed after 2025-12-31.

For `use_container_width=True`, use `width='stretch'`. For `use_container_width=False`, use `width='content'`.
2025-09-23 00:18:08.496 Please replace `use_container_width` with `width`.

`use_container_width` will be removed after 2025-12-31.

For `use_container_width=True`, use `width='stretch'`. For `use_container_width=False`, use `width='content'`.
2025-09-23 00:18:39.720 Please replace `use_container_width` with `width`.

`use_container_width` will be removed after 2025-12-31.

For `use_container_width=True`, use `width='stretch'`. For `use_container_width=False`, use `width='content'`.
2025-09-23 00:19:10.778 Please replace `use_container_width` with `width`.

`use_container_width` will be removed after 2025-12-31.

For `use_container_width=True`, use `width='stretch'`. For `use_container_width=False`, use `width='content'`.
2025-09-23 00:19:42.134 Please replace `use_container_width` with `width`.

`use_container_width` will be removed after 2025-12-31.

For `use_container_width=True`, use `width='stretch'`. For `use_container_width=False`, use `width='content'`.
2025-09-23 00:20:13.210 Please replace `use_container_width` with `width`.

`use_container_width` will be removed after 2025-12-31.

For `use_container_width=True`, use `width='stretch'`. For `use_container_width=False`, use `width='content'`.
2025-09-23 00:20:44.238 Please replace `use_container_width` with `width`.

`use_container_width` will be removed after 2025-12-31.

For `use_container_width=True`, use `width='stretch'`. For `use_container_width=False`, use `width='content'`.
2025-09-23 00:21:15.444 Please replace `use_container_width` with `width`.

`use_container_width` will be removed after 2025-12-31.

For `use_container_width=True`, use `width='stretch'`. For `use_container_width=False`, use `width='content'`.
2025-09-23 00:21:46.620 Please replace `use_container_width` with `width`.

`use_container_width` will be removed after 2025-12-31.

For `use_container_width=True`, use `width='stretch'`. For `use_container_width=False`, use `width='content'`.
2025-09-23 00:22:17.723 Please replace `use_container_width` with `width`.

`use_container_width` will be removed after 2025-12-31.

For `use_container_width=True`, use `width='stretch'`. For `use_container_width=False`, use `width='content'`.
2025-09-23 00:22:48.979 Please replace `use_container_width` with `width`.

`use_container_width` will be removed after 2025-12-31.

For `use_container_width=True`, use `width='stretch'`. For `use_container_width=False`, use `width='content'`.
2025-09-23 00:23:20.189 Please replace `use_container_width` with `width`.

`use_container_width` will be removed after 2025-12-31.

For `use_container_width=True`, use `width='stretch'`. For `use_container_width=False`, use `width='content'`.
2025-09-23 00:23:51.458 Please replace `use_container_width` with `width`.

`use_container_width` will be removed after 2025-12-31.

For `use_container_width=True`, use `width='stretch'`. For `use_container_width=False`, use `width='content'`.
2025-09-23 00:24:22.567 Please replace `use_container_width` with `width`.

`use_container_width` will be removed after 2025-12-31.

For `use_container_width=True`, use `width='stretch'`. For `use_container_width=False`, use `width='content'`.
2025-09-23 00:24:53.658 Please replace `use_container_width` with `width`.

`use_container_width` will be removed after 2025-12-31.

For `use_container_width=True`, use `width='stretch'`. For `use_container_width=False`, use `width='content'`.
2025-09-23 00:25:24.917 Please replace `use_container_width` with `width`.

`use_container_width` will be removed after 2025-12-31.

For `use_container_width=True`, use `width='stretch'`. For `use_container_width=False`, use `width='content'`.
2025-09-23 00:25:55.977 Please replace `use_container_width` with `width`.

`use_container_width` will be removed after 2025-12-31.

For `use_container_width=True`, use `width='stretch'`. For `use_container_width=False`, use `width='content'`.
2025-09-23 00:26:27.246 Please replace `use_container_width` with `width`.

`use_container_width` will be removed after 2025-12-31.

For `use_container_width=True`, use `width='stretch'`. For `use_container_width=False`, use `width='content'`.
2025-09-23 00:26:58.445 Please replace `use_container_width` with `width`.

`use_container_width` will be removed after 2025-12-31.

For `use_container_width=True`, use `width='stretch'`. For `use_container_width=False`, use `width='content'`.
2025-09-23 00:27:29.692 Please replace `use_container_width` with `width`.

`use_container_width` will be removed after 2025-12-31.

For `use_container_width=True`, use `width='stretch'`. For `use_container_width=False`, use `width='content'`.
2025-09-23 00:28:00.867 Please replace `use_container_width` with `width`.

`use_container_width` will be removed after 2025-12-31.

For `use_container_width=True`, use `width='stretch'`. For `use_container_width=False`, use `width='content'`.
2025-09-23 00:28:32.073 Please replace `use_container_width` with `width`.

`use_container_width` will be removed after 2025-12-31.

For `use_container_width=True`, use `width='stretch'`. For `use_container_width=False`, use `width='content'`.
2025-09-23 00:29:03.174 Please replace `use_container_width` with `width`.

`use_container_width` will be removed after 2025-12-31.

For `use_container_width=True`, use `width='stretch'`. For `use_container_width=False`, use `width='content'`.
2025-09-23 00:29:34.297 Please replace `use_container_width` with `width`.

`use_container_width` will be removed after 2025-12-31.

For `use_container_width=True`, use `width='stretch'`. For `use_container_width=False`, use `width='content'`.
2025-09-23 00:30:05.462 Please replace `use_container_width` with `width`.

`use_container_width` will be removed after 2025-12-31.

For `use_container_width=True`, use `width='stretch'`. For `use_container_width=False`, use `width='content'`.
2025-09-23 00:30:36.631 Please replace `use_container_width` with `width`.

`use_container_width` will be removed after 2025-12-31.

For `use_container_width=True`, use `width='stretch'`. For `use_container_width=False`, use `width='content'`.
2025-09-23 00:31:07.856 Please replace `use_container_width` with `width`.

`use_container_width` will be removed after 2025-12-31.

For `use_container_width=True`, use `width='stretch'`. For `use_container_width=False`, use `width='content'`.
2025-09-23 00:31:34.028 Please replace `use_container_width` with `width`.

`use_container_width` will be removed after 2025-12-31.

For `use_container_width=True`, use `width='stretch'`. For `use_container_width=False`, use `width='content'`.
2025-09-23 00:32:05.233 Please replace `use_container_width` with `width`.

`use_container_width` will be removed after 2025-12-31.

For `use_container_width=True`, use `width='stretch'`. For `use_container_width=False`, use `width='content'`.
2025-09-23 00:32:36.529 Please replace `use_container_width` with `width`.

`use_container_width` will be removed after 2025-12-31.

For `use_container_width=True`, use `width='stretch'`. For `use_container_width=False`, use `width='content'`.
2025-09-23 00:33:07.633 Please replace `use_container_width` with `width`.

`use_container_width` will be removed after 2025-12-31.

For `use_container_width=True`, use `width='stretch'`. For `use_container_width=False`, use `width='content'`.
2025-09-23 00:33:38.987 Please replace `use_container_width` with `width`.

`use_container_width` will be removed after 2025-12-31.

For `use_container_width=True`, use `width='stretch'`. For `use_container_width=False`, use `width='content'`.
2025-09-23 00:34:10.082 Please replace `use_container_width` with `width`.

`use_container_width` will be removed after 2025-12-31.

For `use_container_width=True`, use `width='stretch'`. For `use_container_width=False`, use `width='content'`.
2025-09-23 00:34:41.284 Please replace `use_container_width` with `width`.

`use_container_width` will be removed after 2025-12-31.

For `use_container_width=True`, use `width='stretch'`. For `use_container_width=False`, use `width='content'`.
2025-09-23 00:35:12.360 Please replace `use_container_width` with `width`.

`use_container_width` will be removed after 2025-12-31.

For `use_container_width=True`, use `width='stretch'`. For `use_container_width=False`, use `width='content'`.
2025-09-23 00:35:43.562 Please replace `use_container_width` with `width`.

`use_container_width` will be removed after 2025-12-31.

For `use_container_width=True`, use `width='stretch'`. For `use_container_width=False`, use `width='content'`.
2025-09-23 00:36:14.806 Please replace `use_container_width` with `width`.

`use_container_width` will be removed after 2025-12-31.

For `use_container_width=True`, use `width='stretch'`. For `use_container_width=False`, use `width='content'`.
2025-09-23 00:36:45.949 Please replace `use_container_width` with `width`.

`use_container_width` will be removed after 2025-12-31.

For `use_container_width=True`, use `width='stretch'`. For `use_container_width=False`, use `width='content'`.
2025-09-23 00:37:17.028 Please replace `use_container_width` with `width`.

`use_container_width` will be removed after 2025-12-31.

For `use_container_width=True`, use `width='stretch'`. For `use_container_width=False`, use `width='content'`.
2025-09-23 00:37:40.420 Please replace `use_container_width` with `width`.

`use_container_width` will be removed after 2025-12-31.

For `use_container_width=True`, use `width='stretch'`. For `use_container_width=False`, use `width='content'`.
/data02/wanghy/server_status/data_analyzer.py:43: FutureWarning:

'H' is deprecated and will be removed in a future version, please use 'h' instead.

/data02/wanghy/server_status/data_analyzer.py:87: FutureWarning:

'H' is deprecated and will be removed in a future version, please use 'h' instead.

/data02/wanghy/server_status/data_analyzer.py:43: FutureWarning:

'H' is deprecated and will be removed in a future version, please use 'h' instead.

/data02/wanghy/server_status/data_analyzer.py:87: FutureWarning:

'H' is deprecated and will be removed in a future version, please use 'h' instead.

2025-09-23 10:09:54.654 Please replace `use_container_width` with `width`.

`use_container_width` will be removed after 2025-12-31.

For `use_container_width=True`, use `width='stretch'`. For `use_container_width=False`, use `width='content'`.
2025-09-23 10:10:26.301 Please replace `use_container_width` with `width`.

`use_container_width` will be removed after 2025-12-31.

For `use_container_width=True`, use `width='stretch'`. For `use_container_width=False`, use `width='content'`.
2025-09-23 10:10:57.584 Please replace `use_container_width` with `width`.

`use_container_width` will be removed after 2025-12-31.

For `use_container_width=True`, use `width='stretch'`. For `use_container_width=False`, use `width='content'`.
2025-09-23 10:11:28.729 Please replace `use_container_width` with `width`.

`use_container_width` will be removed after 2025-12-31.

For `use_container_width=True`, use `width='stretch'`. For `use_container_width=False`, use `width='content'`.
2025-09-23 10:11:59.870 Please replace `use_container_width` with `width`.

`use_container_width` will be removed after 2025-12-31.

For `use_container_width=True`, use `width='stretch'`. For `use_container_width=False`, use `width='content'`.
2025-09-23 10:12:31.002 Please replace `use_container_width` with `width`.

`use_container_width` will be removed after 2025-12-31.

For `use_container_width=True`, use `width='stretch'`. For `use_container_width=False`, use `width='content'`.
2025-09-23 10:13:02.042 Please replace `use_container_width` with `width`.

`use_container_width` will be removed after 2025-12-31.

For `use_container_width=True`, use `width='stretch'`. For `use_container_width=False`, use `width='content'`.
2025-09-23 10:13:33.126 Please replace `use_container_width` with `width`.

`use_container_width` will be removed after 2025-12-31.

For `use_container_width=True`, use `width='stretch'`. For `use_container_width=False`, use `width='content'`.
2025-09-23 10:14:04.241 Please replace `use_container_width` with `width`.

`use_container_width` will be removed after 2025-12-31.

For `use_container_width=True`, use `width='stretch'`. For `use_container_width=False`, use `width='content'`.
2025-09-23 10:14:35.432 Please replace `use_container_width` with `width`.

`use_container_width` will be removed after 2025-12-31.

For `use_container_width=True`, use `width='stretch'`. For `use_container_width=False`, use `width='content'`.
2025-09-23 10:15:06.659 Please replace `use_container_width` with `width`.

`use_container_width` will be removed after 2025-12-31.

For `use_container_width=True`, use `width='stretch'`. For `use_container_width=False`, use `width='content'`.
2025-09-23 10:15:37.744 Please replace `use_container_width` with `width`.

`use_container_width` will be removed after 2025-12-31.

For `use_container_width=True`, use `width='stretch'`. For `use_container_width=False`, use `width='content'`.
2025-09-23 10:16:08.894 Please replace `use_container_width` with `width`.

`use_container_width` will be removed after 2025-12-31.

For `use_container_width=True`, use `width='stretch'`. For `use_container_width=False`, use `width='content'`.
2025-09-23 10:16:39.901 Please replace `use_container_width` with `width`.

`use_container_width` will be removed after 2025-12-31.

For `use_container_width=True`, use `width='stretch'`. For `use_container_width=False`, use `width='content'`.
2025-09-23 10:17:11.009 Please replace `use_container_width` with `width`.

`use_container_width` will be removed after 2025-12-31.

For `use_container_width=True`, use `width='stretch'`. For `use_container_width=False`, use `width='content'`.
2025-09-23 10:17:42.081 Please replace `use_container_width` with `width`.

`use_container_width` will be removed after 2025-12-31.

For `use_container_width=True`, use `width='stretch'`. For `use_container_width=False`, use `width='content'`.
2025-09-23 10:18:13.162 Please replace `use_container_width` with `width`.

`use_container_width` will be removed after 2025-12-31.

For `use_container_width=True`, use `width='stretch'`. For `use_container_width=False`, use `width='content'`.
2025-09-23 10:18:44.437 Please replace `use_container_width` with `width`.

`use_container_width` will be removed after 2025-12-31.

For `use_container_width=True`, use `width='stretch'`. For `use_container_width=False`, use `width='content'`.
2025-09-23 10:19:15.601 Please replace `use_container_width` with `width`.

`use_container_width` will be removed after 2025-12-31.

For `use_container_width=True`, use `width='stretch'`. For `use_container_width=False`, use `width='content'`.
2025-09-23 10:19:46.698 Please replace `use_container_width` with `width`.

`use_container_width` will be removed after 2025-12-31.

For `use_container_width=True`, use `width='stretch'`. For `use_container_width=False`, use `width='content'`.
2025-09-23 10:20:17.776 Please replace `use_container_width` with `width`.

`use_container_width` will be removed after 2025-12-31.

For `use_container_width=True`, use `width='stretch'`. For `use_container_width=False`, use `width='content'`.
2025-09-23 10:20:49.007 Please replace `use_container_width` with `width`.

`use_container_width` will be removed after 2025-12-31.

For `use_container_width=True`, use `width='stretch'`. For `use_container_width=False`, use `width='content'`.
2025-09-23 10:21:20.089 Please replace `use_container_width` with `width`.

`use_container_width` will be removed after 2025-12-31.

For `use_container_width=True`, use `width='stretch'`. For `use_container_width=False`, use `width='content'`.
2025-09-23 10:21:51.333 Please replace `use_container_width` with `width`.

`use_container_width` will be removed after 2025-12-31.

For `use_container_width=True`, use `width='stretch'`. For `use_container_width=False`, use `width='content'`.
2025-09-23 10:22:22.345 Please replace `use_container_width` with `width`.

`use_container_width` will be removed after 2025-12-31.

For `use_container_width=True`, use `width='stretch'`. For `use_container_width=False`, use `width='content'`.
2025-09-23 10:22:53.562 Please replace `use_container_width` with `width`.

`use_container_width` will be removed after 2025-12-31.

For `use_container_width=True`, use `width='stretch'`. For `use_container_width=False`, use `width='content'`.
2025-09-23 10:23:24.642 Please replace `use_container_width` with `width`.

`use_container_width` will be removed after 2025-12-31.

For `use_container_width=True`, use `width='stretch'`. For `use_container_width=False`, use `width='content'`.
2025-09-23 10:23:55.809 Please replace `use_container_width` with `width`.

`use_container_width` will be removed after 2025-12-31.

For `use_container_width=True`, use `width='stretch'`. For `use_container_width=False`, use `width='content'`.
2025-09-23 10:24:26.889 Please replace `use_container_width` with `width`.

`use_container_width` will be removed after 2025-12-31.

For `use_container_width=True`, use `width='stretch'`. For `use_container_width=False`, use `width='content'`.
2025-09-23 10:24:58.022 Please replace `use_container_width` with `width`.

`use_container_width` will be removed after 2025-12-31.

For `use_container_width=True`, use `width='stretch'`. For `use_container_width=False`, use `width='content'`.
2025-09-23 10:25:29.105 Please replace `use_container_width` with `width`.

`use_container_width` will be removed after 2025-12-31.

For `use_container_width=True`, use `width='stretch'`. For `use_container_width=False`, use `width='content'`.
2025-09-23 10:26:00.235 Please replace `use_container_width` with `width`.

`use_container_width` will be removed after 2025-12-31.

For `use_container_width=True`, use `width='stretch'`. For `use_container_width=False`, use `width='content'`.
2025-09-23 10:26:31.344 Please replace `use_container_width` with `width`.

`use_container_width` will be removed after 2025-12-31.

For `use_container_width=True`, use `width='stretch'`. For `use_container_width=False`, use `width='content'`.
2025-09-23 10:27:02.449 Please replace `use_container_width` with `width`.

`use_container_width` will be removed after 2025-12-31.

For `use_container_width=True`, use `width='stretch'`. For `use_container_width=False`, use `width='content'`.
2025-09-23 10:27:33.513 Please replace `use_container_width` with `width`.

`use_container_width` will be removed after 2025-12-31.

For `use_container_width=True`, use `width='stretch'`. For `use_container_width=False`, use `width='content'`.
2025-09-23 10:28:04.679 Please replace `use_container_width` with `width`.

`use_container_width` will be removed after 2025-12-31.

For `use_container_width=True`, use `width='stretch'`. For `use_container_width=False`, use `width='content'`.
2025-09-23 10:28:35.765 Please replace `use_container_width` with `width`.

`use_container_width` will be removed after 2025-12-31.

For `use_container_width=True`, use `width='stretch'`. For `use_container_width=False`, use `width='content'`.
2025-09-23 10:29:06.944 Please replace `use_container_width` with `width`.

`use_container_width` will be removed after 2025-12-31.

For `use_container_width=True`, use `width='stretch'`. For `use_container_width=False`, use `width='content'`.
2025-09-23 10:29:38.112 Please replace `use_container_width` with `width`.

`use_container_width` will be removed after 2025-12-31.

For `use_container_width=True`, use `width='stretch'`. For `use_container_width=False`, use `width='content'`.
2025-09-23 10:30:09.307 Please replace `use_container_width` with `width`.

`use_container_width` will be removed after 2025-12-31.

For `use_container_width=True`, use `width='stretch'`. For `use_container_width=False`, use `width='content'`.
2025-09-23 10:30:40.397 Please replace `use_container_width` with `width`.

`use_container_width` will be removed after 2025-12-31.

For `use_container_width=True`, use `width='stretch'`. For `use_container_width=False`, use `width='content'`.
2025-09-23 10:31:11.532 Please replace `use_container_width` with `width`.

`use_container_width` will be removed after 2025-12-31.

For `use_container_width=True`, use `width='stretch'`. For `use_container_width=False`, use `width='content'`.
2025-09-23 10:31:42.602 Please replace `use_container_width` with `width`.

`use_container_width` will be removed after 2025-12-31.

For `use_container_width=True`, use `width='stretch'`. For `use_container_width=False`, use `width='content'`.
2025-09-23 10:32:13.782 Please replace `use_container_width` with `width`.

`use_container_width` will be removed after 2025-12-31.

For `use_container_width=True`, use `width='stretch'`. For `use_container_width=False`, use `width='content'`.
2025-09-23 10:32:44.872 Please replace `use_container_width` with `width`.

`use_container_width` will be removed after 2025-12-31.

For `use_container_width=True`, use `width='stretch'`. For `use_container_width=False`, use `width='content'`.
2025-09-23 10:33:16.116 Please replace `use_container_width` with `width`.

`use_container_width` will be removed after 2025-12-31.

For `use_container_width=True`, use `width='stretch'`. For `use_container_width=False`, use `width='content'`.
2025-09-23 10:33:47.193 Please replace `use_container_width` with `width`.

`use_container_width` will be removed after 2025-12-31.

For `use_container_width=True`, use `width='stretch'`. For `use_container_width=False`, use `width='content'`.
2025-09-23 10:34:18.438 Please replace `use_container_width` with `width`.

`use_container_width` will be removed after 2025-12-31.

For `use_container_width=True`, use `width='stretch'`. For `use_container_width=False`, use `width='content'`.
2025-09-23 10:34:49.544 Please replace `use_container_width` with `width`.

`use_container_width` will be removed after 2025-12-31.

For `use_container_width=True`, use `width='stretch'`. For `use_container_width=False`, use `width='content'`.
2025-09-23 10:35:20.792 Please replace `use_container_width` with `width`.

`use_container_width` will be removed after 2025-12-31.

For `use_container_width=True`, use `width='stretch'`. For `use_container_width=False`, use `width='content'`.
2025-09-23 10:35:51.865 Please replace `use_container_width` with `width`.

`use_container_width` will be removed after 2025-12-31.

For `use_container_width=True`, use `width='stretch'`. For `use_container_width=False`, use `width='content'`.
2025-09-23 10:36:23.049 Please replace `use_container_width` with `width`.

`use_container_width` will be removed after 2025-12-31.

For `use_container_width=True`, use `width='stretch'`. For `use_container_width=False`, use `width='content'`.
2025-09-23 10:36:54.126 Please replace `use_container_width` with `width`.

`use_container_width` will be removed after 2025-12-31.

For `use_container_width=True`, use `width='stretch'`. For `use_container_width=False`, use `width='content'`.
2025-09-23 10:37:25.347 Please replace `use_container_width` with `width`.

`use_container_width` will be removed after 2025-12-31.

For `use_container_width=True`, use `width='stretch'`. For `use_container_width=False`, use `width='content'`.
2025-09-23 10:37:56.429 Please replace `use_container_width` with `width`.

`use_container_width` will be removed after 2025-12-31.

For `use_container_width=True`, use `width='stretch'`. For `use_container_width=False`, use `width='content'`.
2025-09-23 10:38:27.589 Please replace `use_container_width` with `width`.

`use_container_width` will be removed after 2025-12-31.

For `use_container_width=True`, use `width='stretch'`. For `use_container_width=False`, use `width='content'`.
2025-09-23 10:38:58.734 Please replace `use_container_width` with `width`.

`use_container_width` will be removed after 2025-12-31.

For `use_container_width=True`, use `width='stretch'`. For `use_container_width=False`, use `width='content'`.
2025-09-23 10:39:29.963 Please replace `use_container_width` with `width`.

`use_container_width` will be removed after 2025-12-31.

For `use_container_width=True`, use `width='stretch'`. For `use_container_width=False`, use `width='content'`.
2025-09-23 10:40:01.040 Please replace `use_container_width` with `width`.

`use_container_width` will be removed after 2025-12-31.

For `use_container_width=True`, use `width='stretch'`. For `use_container_width=False`, use `width='content'`.
2025-09-23 10:40:32.260 Please replace `use_container_width` with `width`.

`use_container_width` will be removed after 2025-12-31.

For `use_container_width=True`, use `width='stretch'`. For `use_container_width=False`, use `width='content'`.
2025-09-23 10:41:03.301 Please replace `use_container_width` with `width`.

`use_container_width` will be removed after 2025-12-31.

For `use_container_width=True`, use `width='stretch'`. For `use_container_width=False`, use `width='content'`.
2025-09-23 10:41:34.399 Please replace `use_container_width` with `width`.

`use_container_width` will be removed after 2025-12-31.

For `use_container_width=True`, use `width='stretch'`. For `use_container_width=False`, use `width='content'`.
2025-09-23 10:42:05.477 Please replace `use_container_width` with `width`.

`use_container_width` will be removed after 2025-12-31.

For `use_container_width=True`, use `width='stretch'`. For `use_container_width=False`, use `width='content'`.
2025-09-23 10:42:36.634 Please replace `use_container_width` with `width`.

`use_container_width` will be removed after 2025-12-31.

For `use_container_width=True`, use `width='stretch'`. For `use_container_width=False`, use `width='content'`.
2025-09-23 10:43:07.714 Please replace `use_container_width` with `width`.

`use_container_width` will be removed after 2025-12-31.

For `use_container_width=True`, use `width='stretch'`. For `use_container_width=False`, use `width='content'`.
2025-09-23 10:43:38.881 Please replace `use_container_width` with `width`.

`use_container_width` will be removed after 2025-12-31.

For `use_container_width=True`, use `width='stretch'`. For `use_container_width=False`, use `width='content'`.
2025-09-23 10:44:09.902 Please replace `use_container_width` with `width`.

`use_container_width` will be removed after 2025-12-31.

For `use_container_width=True`, use `width='stretch'`. For `use_container_width=False`, use `width='content'`.
2025-09-23 10:44:41.010 Please replace `use_container_width` with `width`.

`use_container_width` will be removed after 2025-12-31.

For `use_container_width=True`, use `width='stretch'`. For `use_container_width=False`, use `width='content'`.
2025-09-23 10:45:12.093 Please replace `use_container_width` with `width`.

`use_container_width` will be removed after 2025-12-31.

For `use_container_width=True`, use `width='stretch'`. For `use_container_width=False`, use `width='content'`.
2025-09-23 10:45:43.321 Please replace `use_container_width` with `width`.

`use_container_width` will be removed after 2025-12-31.

For `use_container_width=True`, use `width='stretch'`. For `use_container_width=False`, use `width='content'`.
2025-09-23 10:46:14.384 Please replace `use_container_width` with `width`.

`use_container_width` will be removed after 2025-12-31.

For `use_container_width=True`, use `width='stretch'`. For `use_container_width=False`, use `width='content'`.
2025-09-23 10:46:45.692 Please replace `use_container_width` with `width`.

`use_container_width` will be removed after 2025-12-31.

For `use_container_width=True`, use `width='stretch'`. For `use_container_width=False`, use `width='content'`.
2025-09-23 10:47:16.758 Please replace `use_container_width` with `width`.

`use_container_width` will be removed after 2025-12-31.

For `use_container_width=True`, use `width='stretch'`. For `use_container_width=False`, use `width='content'`.
2025-09-23 10:47:47.923 Please replace `use_container_width` with `width`.

`use_container_width` will be removed after 2025-12-31.

For `use_container_width=True`, use `width='stretch'`. For `use_container_width=False`, use `width='content'`.
2025-09-23 10:48:19.053 Please replace `use_container_width` with `width`.

`use_container_width` will be removed after 2025-12-31.

For `use_container_width=True`, use `width='stretch'`. For `use_container_width=False`, use `width='content'`.
2025-09-23 10:48:50.288 Please replace `use_container_width` with `width`.

`use_container_width` will be removed after 2025-12-31.

For `use_container_width=True`, use `width='stretch'`. For `use_container_width=False`, use `width='content'`.
2025-09-23 10:49:21.521 Please replace `use_container_width` with `width`.

`use_container_width` will be removed after 2025-12-31.

For `use_container_width=True`, use `width='stretch'`. For `use_container_width=False`, use `width='content'`.
2025-09-23 10:49:52.748 Please replace `use_container_width` with `width`.

`use_container_width` will be removed after 2025-12-31.

For `use_container_width=True`, use `width='stretch'`. For `use_container_width=False`, use `width='content'`.
2025-09-23 10:50:23.806 Please replace `use_container_width` with `width`.

`use_container_width` will be removed after 2025-12-31.

For `use_container_width=True`, use `width='stretch'`. For `use_container_width=False`, use `width='content'`.
2025-09-23 10:50:54.881 Please replace `use_container_width` with `width`.

`use_container_width` will be removed after 2025-12-31.

For `use_container_width=True`, use `width='stretch'`. For `use_container_width=False`, use `width='content'`.
2025-09-23 10:51:25.943 Please replace `use_container_width` with `width`.

`use_container_width` will be removed after 2025-12-31.

For `use_container_width=True`, use `width='stretch'`. For `use_container_width=False`, use `width='content'`.
2025-09-23 10:51:57.081 Please replace `use_container_width` with `width`.

`use_container_width` will be removed after 2025-12-31.

For `use_container_width=True`, use `width='stretch'`. For `use_container_width=False`, use `width='content'`.
2025-09-23 10:52:28.334 Please replace `use_container_width` with `width`.

`use_container_width` will be removed after 2025-12-31.

For `use_container_width=True`, use `width='stretch'`. For `use_container_width=False`, use `width='content'`.
2025-09-23 10:52:59.387 Please replace `use_container_width` with `width`.

`use_container_width` will be removed after 2025-12-31.

For `use_container_width=True`, use `width='stretch'`. For `use_container_width=False`, use `width='content'`.
2025-09-23 10:53:30.645 Please replace `use_container_width` with `width`.

`use_container_width` will be removed after 2025-12-31.

For `use_container_width=True`, use `width='stretch'`. For `use_container_width=False`, use `width='content'`.
2025-09-23 10:54:01.723 Please replace `use_container_width` with `width`.

`use_container_width` will be removed after 2025-12-31.

For `use_container_width=True`, use `width='stretch'`. For `use_container_width=False`, use `width='content'`.
2025-09-23 10:54:32.967 Please replace `use_container_width` with `width`.

`use_container_width` will be removed after 2025-12-31.

For `use_container_width=True`, use `width='stretch'`. For `use_container_width=False`, use `width='content'`.
2025-09-23 10:55:04.046 Please replace `use_container_width` with `width`.

`use_container_width` will be removed after 2025-12-31.

For `use_container_width=True`, use `width='stretch'`. For `use_container_width=False`, use `width='content'`.
2025-09-23 10:55:35.280 Please replace `use_container_width` with `width`.

`use_container_width` will be removed after 2025-12-31.

For `use_container_width=True`, use `width='stretch'`. For `use_container_width=False`, use `width='content'`.
2025-09-23 10:56:06.395 Please replace `use_container_width` with `width`.

`use_container_width` will be removed after 2025-12-31.

For `use_container_width=True`, use `width='stretch'`. For `use_container_width=False`, use `width='content'`.
2025-09-23 10:56:37.525 Please replace `use_container_width` with `width`.

`use_container_width` will be removed after 2025-12-31.

For `use_container_width=True`, use `width='stretch'`. For `use_container_width=False`, use `width='content'`.
2025-09-23 10:57:08.585 Please replace `use_container_width` with `width`.

`use_container_width` will be removed after 2025-12-31.

For `use_container_width=True`, use `width='stretch'`. For `use_container_width=False`, use `width='content'`.
2025-09-23 10:57:39.760 Please replace `use_container_width` with `width`.

`use_container_width` will be removed after 2025-12-31.

For `use_container_width=True`, use `width='stretch'`. For `use_container_width=False`, use `width='content'`.
2025-09-23 10:58:10.839 Please replace `use_container_width` with `width`.

`use_container_width` will be removed after 2025-12-31.

For `use_container_width=True`, use `width='stretch'`. For `use_container_width=False`, use `width='content'`.
2025-09-23 10:58:42.004 Please replace `use_container_width` with `width`.

`use_container_width` will be removed after 2025-12-31.

For `use_container_width=True`, use `width='stretch'`. For `use_container_width=False`, use `width='content'`.
2025-09-23 10:59:13.074 Please replace `use_container_width` with `width`.

`use_container_width` will be removed after 2025-12-31.

For `use_container_width=True`, use `width='stretch'`. For `use_container_width=False`, use `width='content'`.
2025-09-23 10:59:44.313 Please replace `use_container_width` with `width`.

`use_container_width` will be removed after 2025-12-31.

For `use_container_width=True`, use `width='stretch'`. For `use_container_width=False`, use `width='content'`.
2025-09-23 11:00:15.398 Please replace `use_container_width` with `width`.

`use_container_width` will be removed after 2025-12-31.

For `use_container_width=True`, use `width='stretch'`. For `use_container_width=False`, use `width='content'`.
2025-09-23 11:00:46.574 Please replace `use_container_width` with `width`.

`use_container_width` will be removed after 2025-12-31.

For `use_container_width=True`, use `width='stretch'`. For `use_container_width=False`, use `width='content'`.
2025-09-23 11:01:17.665 Please replace `use_container_width` with `width`.

`use_container_width` will be removed after 2025-12-31.

For `use_container_width=True`, use `width='stretch'`. For `use_container_width=False`, use `width='content'`.
2025-09-23 11:01:48.897 Please replace `use_container_width` with `width`.

`use_container_width` will be removed after 2025-12-31.

For `use_container_width=True`, use `width='stretch'`. For `use_container_width=False`, use `width='content'`.
2025-09-23 11:02:19.981 Please replace `use_container_width` with `width`.

`use_container_width` will be removed after 2025-12-31.

For `use_container_width=True`, use `width='stretch'`. For `use_container_width=False`, use `width='content'`.
2025-09-23 11:02:51.186 Please replace `use_container_width` with `width`.

`use_container_width` will be removed after 2025-12-31.

For `use_container_width=True`, use `width='stretch'`. For `use_container_width=False`, use `width='content'`.
2025-09-23 11:03:22.305 Please replace `use_container_width` with `width`.

`use_container_width` will be removed after 2025-12-31.

For `use_container_width=True`, use `width='stretch'`. For `use_container_width=False`, use `width='content'`.
2025-09-23 11:03:53.345 Please replace `use_container_width` with `width`.

`use_container_width` will be removed after 2025-12-31.

For `use_container_width=True`, use `width='stretch'`. For `use_container_width=False`, use `width='content'`.
2025-09-23 11:04:24.407 Please replace `use_container_width` with `width`.

`use_container_width` will be removed after 2025-12-31.

For `use_container_width=True`, use `width='stretch'`. For `use_container_width=False`, use `width='content'`.
2025-09-23 11:04:55.674 Please replace `use_container_width` with `width`.

`use_container_width` will be removed after 2025-12-31.

For `use_container_width=True`, use `width='stretch'`. For `use_container_width=False`, use `width='content'`.
2025-09-23 11:05:26.754 Please replace `use_container_width` with `width`.

`use_container_width` will be removed after 2025-12-31.

For `use_container_width=True`, use `width='stretch'`. For `use_container_width=False`, use `width='content'`.
2025-09-23 11:05:58.039 Please replace `use_container_width` with `width`.

`use_container_width` will be removed after 2025-12-31.

For `use_container_width=True`, use `width='stretch'`. For `use_container_width=False`, use `width='content'`.
2025-09-23 11:06:29.183 Please replace `use_container_width` with `width`.

`use_container_width` will be removed after 2025-12-31.

For `use_container_width=True`, use `width='stretch'`. For `use_container_width=False`, use `width='content'`.
2025-09-23 11:07:00.465 Please replace `use_container_width` with `width`.

`use_container_width` will be removed after 2025-12-31.

For `use_container_width=True`, use `width='stretch'`. For `use_container_width=False`, use `width='content'`.
2025-09-23 11:07:31.548 Please replace `use_container_width` with `width`.

`use_container_width` will be removed after 2025-12-31.

For `use_container_width=True`, use `width='stretch'`. For `use_container_width=False`, use `width='content'`.
2025-09-23 11:08:02.740 Please replace `use_container_width` with `width`.

`use_container_width` will be removed after 2025-12-31.

For `use_container_width=True`, use `width='stretch'`. For `use_container_width=False`, use `width='content'`.
2025-09-23 11:08:33.816 Please replace `use_container_width` with `width`.

`use_container_width` will be removed after 2025-12-31.

For `use_container_width=True`, use `width='stretch'`. For `use_container_width=False`, use `width='content'`.
2025-09-23 11:09:05.051 Please replace `use_container_width` with `width`.

`use_container_width` will be removed after 2025-12-31.

For `use_container_width=True`, use `width='stretch'`. For `use_container_width=False`, use `width='content'`.
2025-09-23 11:09:36.127 Please replace `use_container_width` with `width`.

`use_container_width` will be removed after 2025-12-31.

For `use_container_width=True`, use `width='stretch'`. For `use_container_width=False`, use `width='content'`.
2025-09-23 11:10:07.294 Please replace `use_container_width` with `width`.

`use_container_width` will be removed after 2025-12-31.

For `use_container_width=True`, use `width='stretch'`. For `use_container_width=False`, use `width='content'`.
2025-09-23 11:10:38.483 Please replace `use_container_width` with `width`.

`use_container_width` will be removed after 2025-12-31.

For `use_container_width=True`, use `width='stretch'`. For `use_container_width=False`, use `width='content'`.
2025-09-23 11:11:09.636 Please replace `use_container_width` with `width`.

`use_container_width` will be removed after 2025-12-31.

For `use_container_width=True`, use `width='stretch'`. For `use_container_width=False`, use `width='content'`.
2025-09-23 11:11:40.855 Please replace `use_container_width` with `width`.

`use_container_width` will be removed after 2025-12-31.

For `use_container_width=True`, use `width='stretch'`. For `use_container_width=False`, use `width='content'`.
2025-09-23 11:12:12.118 Please replace `use_container_width` with `width`.

`use_container_width` will be removed after 2025-12-31.

For `use_container_width=True`, use `width='stretch'`. For `use_container_width=False`, use `width='content'`.
2025-09-23 11:12:43.190 Please replace `use_container_width` with `width`.

`use_container_width` will be removed after 2025-12-31.

For `use_container_width=True`, use `width='stretch'`. For `use_container_width=False`, use `width='content'`.
2025-09-23 11:13:14.363 Please replace `use_container_width` with `width`.

`use_container_width` will be removed after 2025-12-31.

For `use_container_width=True`, use `width='stretch'`. For `use_container_width=False`, use `width='content'`.
2025-09-23 11:13:45.448 Please replace `use_container_width` with `width`.

`use_container_width` will be removed after 2025-12-31.

For `use_container_width=True`, use `width='stretch'`. For `use_container_width=False`, use `width='content'`.
2025-09-23 11:14:16.676 Please replace `use_container_width` with `width`.

`use_container_width` will be removed after 2025-12-31.

For `use_container_width=True`, use `width='stretch'`. For `use_container_width=False`, use `width='content'`.
2025-09-23 11:14:47.685 Please replace `use_container_width` with `width`.

`use_container_width` will be removed after 2025-12-31.

For `use_container_width=True`, use `width='stretch'`. For `use_container_width=False`, use `width='content'`.
2025-09-23 11:15:18.927 Please replace `use_container_width` with `width`.

`use_container_width` will be removed after 2025-12-31.

For `use_container_width=True`, use `width='stretch'`. For `use_container_width=False`, use `width='content'`.
2025-09-23 11:15:49.947 Please replace `use_container_width` with `width`.

`use_container_width` will be removed after 2025-12-31.

For `use_container_width=True`, use `width='stretch'`. For `use_container_width=False`, use `width='content'`.
2025-09-23 11:16:21.235 Please replace `use_container_width` with `width`.

`use_container_width` will be removed after 2025-12-31.

For `use_container_width=True`, use `width='stretch'`. For `use_container_width=False`, use `width='content'`.
2025-09-23 11:16:52.350 Please replace `use_container_width` with `width`.

`use_container_width` will be removed after 2025-12-31.

For `use_container_width=True`, use `width='stretch'`. For `use_container_width=False`, use `width='content'`.
2025-09-23 11:17:23.474 Please replace `use_container_width` with `width`.

`use_container_width` will be removed after 2025-12-31.

For `use_container_width=True`, use `width='stretch'`. For `use_container_width=False`, use `width='content'`.
2025-09-23 11:17:54.612 Please replace `use_container_width` with `width`.

`use_container_width` will be removed after 2025-12-31.

For `use_container_width=True`, use `width='stretch'`. For `use_container_width=False`, use `width='content'`.
2025-09-23 11:18:25.774 Please replace `use_container_width` with `width`.

`use_container_width` will be removed after 2025-12-31.

For `use_container_width=True`, use `width='stretch'`. For `use_container_width=False`, use `width='content'`.
2025-09-23 11:18:56.850 Please replace `use_container_width` with `width`.

`use_container_width` will be removed after 2025-12-31.

For `use_container_width=True`, use `width='stretch'`. For `use_container_width=False`, use `width='content'`.
2025-09-23 11:19:28.021 Please replace `use_container_width` with `width`.

`use_container_width` will be removed after 2025-12-31.

For `use_container_width=True`, use `width='stretch'`. For `use_container_width=False`, use `width='content'`.
2025-09-23 11:19:59.106 Please replace `use_container_width` with `width`.

`use_container_width` will be removed after 2025-12-31.

For `use_container_width=True`, use `width='stretch'`. For `use_container_width=False`, use `width='content'`.
2025-09-23 11:20:30.184 Please replace `use_container_width` with `width`.

`use_container_width` will be removed after 2025-12-31.

For `use_container_width=True`, use `width='stretch'`. For `use_container_width=False`, use `width='content'`.
2025-09-23 11:21:01.272 Please replace `use_container_width` with `width`.

`use_container_width` will be removed after 2025-12-31.

For `use_container_width=True`, use `width='stretch'`. For `use_container_width=False`, use `width='content'`.
2025-09-23 11:21:32.460 Please replace `use_container_width` with `width`.

`use_container_width` will be removed after 2025-12-31.

For `use_container_width=True`, use `width='stretch'`. For `use_container_width=False`, use `width='content'`.
2025-09-23 11:22:03.549 Please replace `use_container_width` with `width`.

`use_container_width` will be removed after 2025-12-31.

For `use_container_width=True`, use `width='stretch'`. For `use_container_width=False`, use `width='content'`.
2025-09-23 11:22:34.754 Please replace `use_container_width` with `width`.

`use_container_width` will be removed after 2025-12-31.

For `use_container_width=True`, use `width='stretch'`. For `use_container_width=False`, use `width='content'`.
2025-09-23 11:23:05.835 Please replace `use_container_width` with `width`.

`use_container_width` will be removed after 2025-12-31.

For `use_container_width=True`, use `width='stretch'`. For `use_container_width=False`, use `width='content'`.
2025-09-23 11:23:37.055 Please replace `use_container_width` with `width`.

`use_container_width` will be removed after 2025-12-31.

For `use_container_width=True`, use `width='stretch'`. For `use_container_width=False`, use `width='content'`.
2025-09-23 11:24:08.084 Please replace `use_container_width` with `width`.

`use_container_width` will be removed after 2025-12-31.

For `use_container_width=True`, use `width='stretch'`. For `use_container_width=False`, use `width='content'`.
2025-09-23 11:24:39.388 Please replace `use_container_width` with `width`.

`use_container_width` will be removed after 2025-12-31.

For `use_container_width=True`, use `width='stretch'`. For `use_container_width=False`, use `width='content'`.
2025-09-23 11:25:10.408 Please replace `use_container_width` with `width`.

`use_container_width` will be removed after 2025-12-31.

For `use_container_width=True`, use `width='stretch'`. For `use_container_width=False`, use `width='content'`.
2025-09-23 11:25:41.574 Please replace `use_container_width` with `width`.

`use_container_width` will be removed after 2025-12-31.

For `use_container_width=True`, use `width='stretch'`. For `use_container_width=False`, use `width='content'`.
2025-09-23 11:26:12.797 Please replace `use_container_width` with `width`.

`use_container_width` will be removed after 2025-12-31.

For `use_container_width=True`, use `width='stretch'`. For `use_container_width=False`, use `width='content'`.
2025-09-23 11:26:43.945 Please replace `use_container_width` with `width`.

`use_container_width` will be removed after 2025-12-31.

For `use_container_width=True`, use `width='stretch'`. For `use_container_width=False`, use `width='content'`.
2025-09-23 11:27:15.176 Please replace `use_container_width` with `width`.

`use_container_width` will be removed after 2025-12-31.

For `use_container_width=True`, use `width='stretch'`. For `use_container_width=False`, use `width='content'`.
2025-09-23 11:27:46.494 Please replace `use_container_width` with `width`.

`use_container_width` will be removed after 2025-12-31.

For `use_container_width=True`, use `width='stretch'`. For `use_container_width=False`, use `width='content'`.
2025-09-23 11:28:17.590 Please replace `use_container_width` with `width`.

`use_container_width` will be removed after 2025-12-31.

For `use_container_width=True`, use `width='stretch'`. For `use_container_width=False`, use `width='content'`.
2025-09-23 11:28:48.818 Please replace `use_container_width` with `width`.

`use_container_width` will be removed after 2025-12-31.

For `use_container_width=True`, use `width='stretch'`. For `use_container_width=False`, use `width='content'`.
2025-09-23 11:29:19.909 Please replace `use_container_width` with `width`.

`use_container_width` will be removed after 2025-12-31.

For `use_container_width=True`, use `width='stretch'`. For `use_container_width=False`, use `width='content'`.
2025-09-23 11:29:51.136 Please replace `use_container_width` with `width`.

`use_container_width` will be removed after 2025-12-31.

For `use_container_width=True`, use `width='stretch'`. For `use_container_width=False`, use `width='content'`.
2025-09-23 11:30:22.238 Please replace `use_container_width` with `width`.

`use_container_width` will be removed after 2025-12-31.

For `use_container_width=True`, use `width='stretch'`. For `use_container_width=False`, use `width='content'`.
2025-09-23 11:30:53.452 Please replace `use_container_width` with `width`.

`use_container_width` will be removed after 2025-12-31.

For `use_container_width=True`, use `width='stretch'`. For `use_container_width=False`, use `width='content'`.
2025-09-23 11:31:24.571 Please replace `use_container_width` with `width`.

`use_container_width` will be removed after 2025-12-31.

For `use_container_width=True`, use `width='stretch'`. For `use_container_width=False`, use `width='content'`.
2025-09-23 11:31:55.794 Please replace `use_container_width` with `width`.

`use_container_width` will be removed after 2025-12-31.

For `use_container_width=True`, use `width='stretch'`. For `use_container_width=False`, use `width='content'`.
2025-09-23 11:32:26.887 Please replace `use_container_width` with `width`.

`use_container_width` will be removed after 2025-12-31.

For `use_container_width=True`, use `width='stretch'`. For `use_container_width=False`, use `width='content'`.
2025-09-23 11:32:58.112 Please replace `use_container_width` with `width`.

`use_container_width` will be removed after 2025-12-31.

For `use_container_width=True`, use `width='stretch'`. For `use_container_width=False`, use `width='content'`.
2025-09-23 11:33:29.192 Please replace `use_container_width` with `width`.

`use_container_width` will be removed after 2025-12-31.

For `use_container_width=True`, use `width='stretch'`. For `use_container_width=False`, use `width='content'`.
2025-09-23 11:34:00.385 Please replace `use_container_width` with `width`.

`use_container_width` will be removed after 2025-12-31.

For `use_container_width=True`, use `width='stretch'`. For `use_container_width=False`, use `width='content'`.
2025-09-23 11:34:31.470 Please replace `use_container_width` with `width`.

`use_container_width` will be removed after 2025-12-31.

For `use_container_width=True`, use `width='stretch'`. For `use_container_width=False`, use `width='content'`.
2025-09-23 11:35:02.728 Please replace `use_container_width` with `width`.

`use_container_width` will be removed after 2025-12-31.

For `use_container_width=True`, use `width='stretch'`. For `use_container_width=False`, use `width='content'`.
2025-09-23 11:35:33.793 Please replace `use_container_width` with `width`.

`use_container_width` will be removed after 2025-12-31.

For `use_container_width=True`, use `width='stretch'`. For `use_container_width=False`, use `width='content'`.
2025-09-23 11:36:05.020 Please replace `use_container_width` with `width`.

`use_container_width` will be removed after 2025-12-31.

For `use_container_width=True`, use `width='stretch'`. For `use_container_width=False`, use `width='content'`.
2025-09-23 11:36:36.109 Please replace `use_container_width` with `width`.

`use_container_width` will be removed after 2025-12-31.

For `use_container_width=True`, use `width='stretch'`. For `use_container_width=False`, use `width='content'`.
2025-09-23 11:37:07.325 Please replace `use_container_width` with `width`.

`use_container_width` will be removed after 2025-12-31.

For `use_container_width=True`, use `width='stretch'`. For `use_container_width=False`, use `width='content'`.
2025-09-23 11:37:38.399 Please replace `use_container_width` with `width`.

`use_container_width` will be removed after 2025-12-31.

For `use_container_width=True`, use `width='stretch'`. For `use_container_width=False`, use `width='content'`.
2025-09-23 11:38:09.564 Please replace `use_container_width` with `width`.

`use_container_width` will be removed after 2025-12-31.

For `use_container_width=True`, use `width='stretch'`. For `use_container_width=False`, use `width='content'`.
2025-09-23 11:38:40.646 Please replace `use_container_width` with `width`.

`use_container_width` will be removed after 2025-12-31.

For `use_container_width=True`, use `width='stretch'`. For `use_container_width=False`, use `width='content'`.
2025-09-23 11:39:11.895 Please replace `use_container_width` with `width`.

`use_container_width` will be removed after 2025-12-31.

For `use_container_width=True`, use `width='stretch'`. For `use_container_width=False`, use `width='content'`.
2025-09-23 11:39:42.980 Please replace `use_container_width` with `width`.

`use_container_width` will be removed after 2025-12-31.

For `use_container_width=True`, use `width='stretch'`. For `use_container_width=False`, use `width='content'`.
2025-09-23 11:40:14.213 Please replace `use_container_width` with `width`.

`use_container_width` will be removed after 2025-12-31.

For `use_container_width=True`, use `width='stretch'`. For `use_container_width=False`, use `width='content'`.
2025-09-23 11:40:45.306 Please replace `use_container_width` with `width`.

`use_container_width` will be removed after 2025-12-31.

For `use_container_width=True`, use `width='stretch'`. For `use_container_width=False`, use `width='content'`.
2025-09-23 11:41:16.534 Please replace `use_container_width` with `width`.

`use_container_width` will be removed after 2025-12-31.

For `use_container_width=True`, use `width='stretch'`. For `use_container_width=False`, use `width='content'`.
2025-09-23 11:41:47.701 Please replace `use_container_width` with `width`.

`use_container_width` will be removed after 2025-12-31.

For `use_container_width=True`, use `width='stretch'`. For `use_container_width=False`, use `width='content'`.
2025-09-23 11:42:18.875 Please replace `use_container_width` with `width`.

`use_container_width` will be removed after 2025-12-31.

For `use_container_width=True`, use `width='stretch'`. For `use_container_width=False`, use `width='content'`.
2025-09-23 11:42:50.056 Please replace `use_container_width` with `width`.

`use_container_width` will be removed after 2025-12-31.

For `use_container_width=True`, use `width='stretch'`. For `use_container_width=False`, use `width='content'`.
2025-09-23 11:43:21.228 Please replace `use_container_width` with `width`.

`use_container_width` will be removed after 2025-12-31.

For `use_container_width=True`, use `width='stretch'`. For `use_container_width=False`, use `width='content'`.
2025-09-23 11:43:52.466 Please replace `use_container_width` with `width`.

`use_container_width` will be removed after 2025-12-31.

For `use_container_width=True`, use `width='stretch'`. For `use_container_width=False`, use `width='content'`.
2025-09-23 11:44:23.619 Please replace `use_container_width` with `width`.

`use_container_width` will be removed after 2025-12-31.

For `use_container_width=True`, use `width='stretch'`. For `use_container_width=False`, use `width='content'`.
2025-09-23 11:44:54.822 Please replace `use_container_width` with `width`.

`use_container_width` will be removed after 2025-12-31.

For `use_container_width=True`, use `width='stretch'`. For `use_container_width=False`, use `width='content'`.
2025-09-23 11:45:26.063 Please replace `use_container_width` with `width`.

`use_container_width` will be removed after 2025-12-31.

For `use_container_width=True`, use `width='stretch'`. For `use_container_width=False`, use `width='content'`.
2025-09-23 11:45:57.135 Please replace `use_container_width` with `width`.

`use_container_width` will be removed after 2025-12-31.

For `use_container_width=True`, use `width='stretch'`. For `use_container_width=False`, use `width='content'`.
2025-09-23 11:46:28.336 Please replace `use_container_width` with `width`.

`use_container_width` will be removed after 2025-12-31.

For `use_container_width=True`, use `width='stretch'`. For `use_container_width=False`, use `width='content'`.
2025-09-23 11:46:59.410 Please replace `use_container_width` with `width`.

`use_container_width` will be removed after 2025-12-31.

For `use_container_width=True`, use `width='stretch'`. For `use_container_width=False`, use `width='content'`.
2025-09-23 11:47:30.603 Please replace `use_container_width` with `width`.

`use_container_width` will be removed after 2025-12-31.

For `use_container_width=True`, use `width='stretch'`. For `use_container_width=False`, use `width='content'`.
2025-09-23 11:48:01.765 Please replace `use_container_width` with `width`.

`use_container_width` will be removed after 2025-12-31.

For `use_container_width=True`, use `width='stretch'`. For `use_container_width=False`, use `width='content'`.
2025-09-23 11:48:32.962 Please replace `use_container_width` with `width`.

`use_container_width` will be removed after 2025-12-31.

For `use_container_width=True`, use `width='stretch'`. For `use_container_width=False`, use `width='content'`.
2025-09-23 11:49:04.059 Please replace `use_container_width` with `width`.

`use_container_width` will be removed after 2025-12-31.

For `use_container_width=True`, use `width='stretch'`. For `use_container_width=False`, use `width='content'`.
2025-09-23 11:49:35.206 Please replace `use_container_width` with `width`.

`use_container_width` will be removed after 2025-12-31.

For `use_container_width=True`, use `width='stretch'`. For `use_container_width=False`, use `width='content'`.
2025-09-23 11:50:06.353 Please replace `use_container_width` with `width`.

`use_container_width` will be removed after 2025-12-31.

For `use_container_width=True`, use `width='stretch'`. For `use_container_width=False`, use `width='content'`.
2025-09-23 11:50:37.544 Please replace `use_container_width` with `width`.

`use_container_width` will be removed after 2025-12-31.

For `use_container_width=True`, use `width='stretch'`. For `use_container_width=False`, use `width='content'`.
2025-09-23 11:51:08.650 Please replace `use_container_width` with `width`.

`use_container_width` will be removed after 2025-12-31.

For `use_container_width=True`, use `width='stretch'`. For `use_container_width=False`, use `width='content'`.
2025-09-23 11:51:39.902 Please replace `use_container_width` with `width`.

`use_container_width` will be removed after 2025-12-31.

For `use_container_width=True`, use `width='stretch'`. For `use_container_width=False`, use `width='content'`.
2025-09-23 11:52:11.005 Please replace `use_container_width` with `width`.

`use_container_width` will be removed after 2025-12-31.

For `use_container_width=True`, use `width='stretch'`. For `use_container_width=False`, use `width='content'`.
2025-09-23 11:52:42.271 Please replace `use_container_width` with `width`.

`use_container_width` will be removed after 2025-12-31.

For `use_container_width=True`, use `width='stretch'`. For `use_container_width=False`, use `width='content'`.
2025-09-23 11:53:13.384 Please replace `use_container_width` with `width`.

`use_container_width` will be removed after 2025-12-31.

For `use_container_width=True`, use `width='stretch'`. For `use_container_width=False`, use `width='content'`.
2025-09-23 11:53:44.571 Please replace `use_container_width` with `width`.

`use_container_width` will be removed after 2025-12-31.

For `use_container_width=True`, use `width='stretch'`. For `use_container_width=False`, use `width='content'`.
2025-09-23 11:54:15.680 Please replace `use_container_width` with `width`.

`use_container_width` will be removed after 2025-12-31.

For `use_container_width=True`, use `width='stretch'`. For `use_container_width=False`, use `width='content'`.
2025-09-23 11:54:46.823 Please replace `use_container_width` with `width`.

`use_container_width` will be removed after 2025-12-31.

For `use_container_width=True`, use `width='stretch'`. For `use_container_width=False`, use `width='content'`.
2025-09-23 11:55:18.017 Please replace `use_container_width` with `width`.

`use_container_width` will be removed after 2025-12-31.

For `use_container_width=True`, use `width='stretch'`. For `use_container_width=False`, use `width='content'`.
2025-09-23 11:55:49.174 Please replace `use_container_width` with `width`.

`use_container_width` will be removed after 2025-12-31.

For `use_container_width=True`, use `width='stretch'`. For `use_container_width=False`, use `width='content'`.
2025-09-23 11:56:20.417 Please replace `use_container_width` with `width`.

`use_container_width` will be removed after 2025-12-31.

For `use_container_width=True`, use `width='stretch'`. For `use_container_width=False`, use `width='content'`.
2025-09-23 11:56:51.579 Please replace `use_container_width` with `width`.

`use_container_width` will be removed after 2025-12-31.

For `use_container_width=True`, use `width='stretch'`. For `use_container_width=False`, use `width='content'`.
2025-09-23 11:57:22.781 Please replace `use_container_width` with `width`.

`use_container_width` will be removed after 2025-12-31.

For `use_container_width=True`, use `width='stretch'`. For `use_container_width=False`, use `width='content'`.
2025-09-23 11:57:53.926 Please replace `use_container_width` with `width`.

`use_container_width` will be removed after 2025-12-31.

For `use_container_width=True`, use `width='stretch'`. For `use_container_width=False`, use `width='content'`.
2025-09-23 11:58:25.180 Please replace `use_container_width` with `width`.

`use_container_width` will be removed after 2025-12-31.

For `use_container_width=True`, use `width='stretch'`. For `use_container_width=False`, use `width='content'`.
2025-09-23 11:58:56.313 Please replace `use_container_width` with `width`.

`use_container_width` will be removed after 2025-12-31.

For `use_container_width=True`, use `width='stretch'`. For `use_container_width=False`, use `width='content'`.
2025-09-23 11:59:27.494 Please replace `use_container_width` with `width`.

`use_container_width` will be removed after 2025-12-31.

For `use_container_width=True`, use `width='stretch'`. For `use_container_width=False`, use `width='content'`.
2025-09-23 11:59:58.662 Please replace `use_container_width` with `width`.

`use_container_width` will be removed after 2025-12-31.

For `use_container_width=True`, use `width='stretch'`. For `use_container_width=False`, use `width='content'`.
2025-09-23 12:00:29.842 Please replace `use_container_width` with `width`.

`use_container_width` will be removed after 2025-12-31.

For `use_container_width=True`, use `width='stretch'`. For `use_container_width=False`, use `width='content'`.
2025-09-23 12:01:01.079 Please replace `use_container_width` with `width`.

`use_container_width` will be removed after 2025-12-31.

For `use_container_width=True`, use `width='stretch'`. For `use_container_width=False`, use `width='content'`.
2025-09-23 12:01:32.301 Please replace `use_container_width` with `width`.

`use_container_width` will be removed after 2025-12-31.

For `use_container_width=True`, use `width='stretch'`. For `use_container_width=False`, use `width='content'`.
2025-09-23 12:02:03.442 Please replace `use_container_width` with `width`.

`use_container_width` will be removed after 2025-12-31.

For `use_container_width=True`, use `width='stretch'`. For `use_container_width=False`, use `width='content'`.
2025-09-23 12:02:34.593 Please replace `use_container_width` with `width`.

`use_container_width` will be removed after 2025-12-31.

For `use_container_width=True`, use `width='stretch'`. For `use_container_width=False`, use `width='content'`.
2025-09-23 12:03:05.913 Please replace `use_container_width` with `width`.

`use_container_width` will be removed after 2025-12-31.

For `use_container_width=True`, use `width='stretch'`. For `use_container_width=False`, use `width='content'`.
2025-09-23 12:03:37.081 Please replace `use_container_width` with `width`.

`use_container_width` will be removed after 2025-12-31.

For `use_container_width=True`, use `width='stretch'`. For `use_container_width=False`, use `width='content'`.
2025-09-23 12:04:08.181 Please replace `use_container_width` with `width`.

`use_container_width` will be removed after 2025-12-31.

For `use_container_width=True`, use `width='stretch'`. For `use_container_width=False`, use `width='content'`.
2025-09-23 12:04:39.276 Please replace `use_container_width` with `width`.

`use_container_width` will be removed after 2025-12-31.

For `use_container_width=True`, use `width='stretch'`. For `use_container_width=False`, use `width='content'`.
2025-09-23 12:05:10.525 Please replace `use_container_width` with `width`.

`use_container_width` will be removed after 2025-12-31.

For `use_container_width=True`, use `width='stretch'`. For `use_container_width=False`, use `width='content'`.
2025-09-23 12:05:41.638 Please replace `use_container_width` with `width`.

`use_container_width` will be removed after 2025-12-31.

For `use_container_width=True`, use `width='stretch'`. For `use_container_width=False`, use `width='content'`.
2025-09-23 12:06:12.809 Please replace `use_container_width` with `width`.

`use_container_width` will be removed after 2025-12-31.

For `use_container_width=True`, use `width='stretch'`. For `use_container_width=False`, use `width='content'`.
2025-09-23 12:06:43.912 Please replace `use_container_width` with `width`.

`use_container_width` will be removed after 2025-12-31.

For `use_container_width=True`, use `width='stretch'`. For `use_container_width=False`, use `width='content'`.
2025-09-23 12:07:15.068 Please replace `use_container_width` with `width`.

`use_container_width` will be removed after 2025-12-31.

For `use_container_width=True`, use `width='stretch'`. For `use_container_width=False`, use `width='content'`.
2025-09-23 12:07:46.237 Please replace `use_container_width` with `width`.

`use_container_width` will be removed after 2025-12-31.

For `use_container_width=True`, use `width='stretch'`. For `use_container_width=False`, use `width='content'`.
2025-09-23 12:08:17.434 Please replace `use_container_width` with `width`.

`use_container_width` will be removed after 2025-12-31.

For `use_container_width=True`, use `width='stretch'`. For `use_container_width=False`, use `width='content'`.
2025-09-23 12:08:48.625 Please replace `use_container_width` with `width`.

`use_container_width` will be removed after 2025-12-31.

For `use_container_width=True`, use `width='stretch'`. For `use_container_width=False`, use `width='content'`.
2025-09-23 12:09:19.716 Please replace `use_container_width` with `width`.

`use_container_width` will be removed after 2025-12-31.

For `use_container_width=True`, use `width='stretch'`. For `use_container_width=False`, use `width='content'`.
2025-09-23 12:09:50.795 Please replace `use_container_width` with `width`.

`use_container_width` will be removed after 2025-12-31.

For `use_container_width=True`, use `width='stretch'`. For `use_container_width=False`, use `width='content'`.
2025-09-23 12:10:22.054 Please replace `use_container_width` with `width`.

`use_container_width` will be removed after 2025-12-31.

For `use_container_width=True`, use `width='stretch'`. For `use_container_width=False`, use `width='content'`.
2025-09-23 12:10:53.137 Please replace `use_container_width` with `width`.

`use_container_width` will be removed after 2025-12-31.

For `use_container_width=True`, use `width='stretch'`. For `use_container_width=False`, use `width='content'`.
2025-09-23 12:11:24.354 Please replace `use_container_width` with `width`.

`use_container_width` will be removed after 2025-12-31.

For `use_container_width=True`, use `width='stretch'`. For `use_container_width=False`, use `width='content'`.
2025-09-23 12:11:55.486 Please replace `use_container_width` with `width`.

`use_container_width` will be removed after 2025-12-31.

For `use_container_width=True`, use `width='stretch'`. For `use_container_width=False`, use `width='content'`.
2025-09-23 12:12:26.726 Please replace `use_container_width` with `width`.

`use_container_width` will be removed after 2025-12-31.

For `use_container_width=True`, use `width='stretch'`. For `use_container_width=False`, use `width='content'`.
2025-09-23 12:12:57.833 Please replace `use_container_width` with `width`.

`use_container_width` will be removed after 2025-12-31.

For `use_container_width=True`, use `width='stretch'`. For `use_container_width=False`, use `width='content'`.
2025-09-23 12:13:29.068 Please replace `use_container_width` with `width`.

`use_container_width` will be removed after 2025-12-31.

For `use_container_width=True`, use `width='stretch'`. For `use_container_width=False`, use `width='content'`.
2025-09-23 12:14:00.113 Please replace `use_container_width` with `width`.

`use_container_width` will be removed after 2025-12-31.

For `use_container_width=True`, use `width='stretch'`. For `use_container_width=False`, use `width='content'`.
2025-09-23 12:14:31.365 Please replace `use_container_width` with `width`.

`use_container_width` will be removed after 2025-12-31.

For `use_container_width=True`, use `width='stretch'`. For `use_container_width=False`, use `width='content'`.
2025-09-23 12:15:02.458 Please replace `use_container_width` with `width`.

`use_container_width` will be removed after 2025-12-31.

For `use_container_width=True`, use `width='stretch'`. For `use_container_width=False`, use `width='content'`.
2025-09-23 12:15:33.695 Please replace `use_container_width` with `width`.

`use_container_width` will be removed after 2025-12-31.

For `use_container_width=True`, use `width='stretch'`. For `use_container_width=False`, use `width='content'`.
2025-09-23 12:16:04.851 Please replace `use_container_width` with `width`.

`use_container_width` will be removed after 2025-12-31.

For `use_container_width=True`, use `width='stretch'`. For `use_container_width=False`, use `width='content'`.
2025-09-23 12:16:36.092 Please replace `use_container_width` with `width`.

`use_container_width` will be removed after 2025-12-31.

For `use_container_width=True`, use `width='stretch'`. For `use_container_width=False`, use `width='content'`.
2025-09-23 12:17:07.176 Please replace `use_container_width` with `width`.

`use_container_width` will be removed after 2025-12-31.

For `use_container_width=True`, use `width='stretch'`. For `use_container_width=False`, use `width='content'`.
2025-09-23 12:17:38.387 Please replace `use_container_width` with `width`.

`use_container_width` will be removed after 2025-12-31.

For `use_container_width=True`, use `width='stretch'`. For `use_container_width=False`, use `width='content'`.
2025-09-23 12:18:09.480 Please replace `use_container_width` with `width`.

`use_container_width` will be removed after 2025-12-31.

For `use_container_width=True`, use `width='stretch'`. For `use_container_width=False`, use `width='content'`.
2025-09-23 12:18:40.719 Please replace `use_container_width` with `width`.

`use_container_width` will be removed after 2025-12-31.

For `use_container_width=True`, use `width='stretch'`. For `use_container_width=False`, use `width='content'`.
2025-09-23 12:19:11.757 Please replace `use_container_width` with `width`.

`use_container_width` will be removed after 2025-12-31.

For `use_container_width=True`, use `width='stretch'`. For `use_container_width=False`, use `width='content'`.
2025-09-23 12:19:43.002 Please replace `use_container_width` with `width`.

`use_container_width` will be removed after 2025-12-31.

For `use_container_width=True`, use `width='stretch'`. For `use_container_width=False`, use `width='content'`.
2025-09-23 12:20:14.112 Please replace `use_container_width` with `width`.

`use_container_width` will be removed after 2025-12-31.

For `use_container_width=True`, use `width='stretch'`. For `use_container_width=False`, use `width='content'`.
2025-09-23 12:20:45.315 Please replace `use_container_width` with `width`.

`use_container_width` will be removed after 2025-12-31.

For `use_container_width=True`, use `width='stretch'`. For `use_container_width=False`, use `width='content'`.
2025-09-23 12:21:16.404 Please replace `use_container_width` with `width`.

`use_container_width` will be removed after 2025-12-31.

For `use_container_width=True`, use `width='stretch'`. For `use_container_width=False`, use `width='content'`.
2025-09-23 12:21:47.613 Please replace `use_container_width` with `width`.

`use_container_width` will be removed after 2025-12-31.

For `use_container_width=True`, use `width='stretch'`. For `use_container_width=False`, use `width='content'`.
2025-09-23 12:22:18.726 Please replace `use_container_width` with `width`.

`use_container_width` will be removed after 2025-12-31.

For `use_container_width=True`, use `width='stretch'`. For `use_container_width=False`, use `width='content'`.
2025-09-23 12:22:49.863 Please replace `use_container_width` with `width`.

`use_container_width` will be removed after 2025-12-31.

For `use_container_width=True`, use `width='stretch'`. For `use_container_width=False`, use `width='content'`.
2025-09-23 12:23:20.977 Please replace `use_container_width` with `width`.

`use_container_width` will be removed after 2025-12-31.

For `use_container_width=True`, use `width='stretch'`. For `use_container_width=False`, use `width='content'`.
2025-09-23 12:23:52.041 Please replace `use_container_width` with `width`.

`use_container_width` will be removed after 2025-12-31.

For `use_container_width=True`, use `width='stretch'`. For `use_container_width=False`, use `width='content'`.
2025-09-23 12:24:23.084 Please replace `use_container_width` with `width`.

`use_container_width` will be removed after 2025-12-31.

For `use_container_width=True`, use `width='stretch'`. For `use_container_width=False`, use `width='content'`.
2025-09-23 12:24:54.334 Please replace `use_container_width` with `width`.

`use_container_width` will be removed after 2025-12-31.

For `use_container_width=True`, use `width='stretch'`. For `use_container_width=False`, use `width='content'`.
2025-09-23 12:25:25.428 Please replace `use_container_width` with `width`.

`use_container_width` will be removed after 2025-12-31.

For `use_container_width=True`, use `width='stretch'`. For `use_container_width=False`, use `width='content'`.
2025-09-23 12:25:56.679 Please replace `use_container_width` with `width`.

`use_container_width` will be removed after 2025-12-31.

For `use_container_width=True`, use `width='stretch'`. For `use_container_width=False`, use `width='content'`.
2025-09-23 12:26:27.746 Please replace `use_container_width` with `width`.

`use_container_width` will be removed after 2025-12-31.

For `use_container_width=True`, use `width='stretch'`. For `use_container_width=False`, use `width='content'`.
2025-09-23 12:26:58.954 Please replace `use_container_width` with `width`.

`use_container_width` will be removed after 2025-12-31.

For `use_container_width=True`, use `width='stretch'`. For `use_container_width=False`, use `width='content'`.
2025-09-23 12:27:29.983 Please replace `use_container_width` with `width`.

`use_container_width` will be removed after 2025-12-31.

For `use_container_width=True`, use `width='stretch'`. For `use_container_width=False`, use `width='content'`.
2025-09-23 12:28:01.147 Please replace `use_container_width` with `width`.

`use_container_width` will be removed after 2025-12-31.

For `use_container_width=True`, use `width='stretch'`. For `use_container_width=False`, use `width='content'`.
2025-09-23 12:28:32.184 Please replace `use_container_width` with `width`.

`use_container_width` will be removed after 2025-12-31.

For `use_container_width=True`, use `width='stretch'`. For `use_container_width=False`, use `width='content'`.
2025-09-23 12:29:03.371 Please replace `use_container_width` with `width`.

`use_container_width` will be removed after 2025-12-31.

For `use_container_width=True`, use `width='stretch'`. For `use_container_width=False`, use `width='content'`.
2025-09-23 12:29:34.506 Please replace `use_container_width` with `width`.

`use_container_width` will be removed after 2025-12-31.

For `use_container_width=True`, use `width='stretch'`. For `use_container_width=False`, use `width='content'`.
2025-09-23 12:30:05.678 Please replace `use_container_width` with `width`.

`use_container_width` will be removed after 2025-12-31.

For `use_container_width=True`, use `width='stretch'`. For `use_container_width=False`, use `width='content'`.
2025-09-23 12:30:36.850 Please replace `use_container_width` with `width`.

`use_container_width` will be removed after 2025-12-31.

For `use_container_width=True`, use `width='stretch'`. For `use_container_width=False`, use `width='content'`.
2025-09-23 12:31:08.031 Please replace `use_container_width` with `width`.

`use_container_width` will be removed after 2025-12-31.

For `use_container_width=True`, use `width='stretch'`. For `use_container_width=False`, use `width='content'`.
2025-09-23 12:31:39.230 Please replace `use_container_width` with `width`.

`use_container_width` will be removed after 2025-12-31.

For `use_container_width=True`, use `width='stretch'`. For `use_container_width=False`, use `width='content'`.
2025-09-23 12:32:10.403 Please replace `use_container_width` with `width`.

`use_container_width` will be removed after 2025-12-31.

For `use_container_width=True`, use `width='stretch'`. For `use_container_width=False`, use `width='content'`.
2025-09-23 12:32:41.643 Please replace `use_container_width` with `width`.

`use_container_width` will be removed after 2025-12-31.

For `use_container_width=True`, use `width='stretch'`. For `use_container_width=False`, use `width='content'`.
2025-09-23 12:33:12.770 Please replace `use_container_width` with `width`.

`use_container_width` will be removed after 2025-12-31.

For `use_container_width=True`, use `width='stretch'`. For `use_container_width=False`, use `width='content'`.
2025-09-23 12:33:44.001 Please replace `use_container_width` with `width`.

`use_container_width` will be removed after 2025-12-31.

For `use_container_width=True`, use `width='stretch'`. For `use_container_width=False`, use `width='content'`.
2025-09-23 12:34:15.189 Please replace `use_container_width` with `width`.

`use_container_width` will be removed after 2025-12-31.

For `use_container_width=True`, use `width='stretch'`. For `use_container_width=False`, use `width='content'`.
2025-09-23 12:34:46.378 Please replace `use_container_width` with `width`.

`use_container_width` will be removed after 2025-12-31.

For `use_container_width=True`, use `width='stretch'`. For `use_container_width=False`, use `width='content'`.
2025-09-23 12:35:17.607 Please replace `use_container_width` with `width`.

`use_container_width` will be removed after 2025-12-31.

For `use_container_width=True`, use `width='stretch'`. For `use_container_width=False`, use `width='content'`.
2025-09-23 12:35:48.642 Please replace `use_container_width` with `width`.

`use_container_width` will be removed after 2025-12-31.

For `use_container_width=True`, use `width='stretch'`. For `use_container_width=False`, use `width='content'`.
2025-09-23 12:36:19.775 Please replace `use_container_width` with `width`.

`use_container_width` will be removed after 2025-12-31.

For `use_container_width=True`, use `width='stretch'`. For `use_container_width=False`, use `width='content'`.
2025-09-23 12:36:50.958 Please replace `use_container_width` with `width`.

`use_container_width` will be removed after 2025-12-31.

For `use_container_width=True`, use `width='stretch'`. For `use_container_width=False`, use `width='content'`.
2025-09-23 12:37:22.222 Please replace `use_container_width` with `width`.

`use_container_width` will be removed after 2025-12-31.

For `use_container_width=True`, use `width='stretch'`. For `use_container_width=False`, use `width='content'`.
2025-09-23 12:37:53.333 Please replace `use_container_width` with `width`.

`use_container_width` will be removed after 2025-12-31.

For `use_container_width=True`, use `width='stretch'`. For `use_container_width=False`, use `width='content'`.
2025-09-23 12:38:24.615 Please replace `use_container_width` with `width`.

`use_container_width` will be removed after 2025-12-31.

For `use_container_width=True`, use `width='stretch'`. For `use_container_width=False`, use `width='content'`.
2025-09-23 12:38:55.778 Please replace `use_container_width` with `width`.

`use_container_width` will be removed after 2025-12-31.

For `use_container_width=True`, use `width='stretch'`. For `use_container_width=False`, use `width='content'`.
2025-09-23 12:39:26.904 Please replace `use_container_width` with `width`.

`use_container_width` will be removed after 2025-12-31.

For `use_container_width=True`, use `width='stretch'`. For `use_container_width=False`, use `width='content'`.
2025-09-23 12:39:57.975 Please replace `use_container_width` with `width`.

`use_container_width` will be removed after 2025-12-31.

For `use_container_width=True`, use `width='stretch'`. For `use_container_width=False`, use `width='content'`.
2025-09-23 12:40:29.233 Please replace `use_container_width` with `width`.

`use_container_width` will be removed after 2025-12-31.

For `use_container_width=True`, use `width='stretch'`. For `use_container_width=False`, use `width='content'`.
2025-09-23 12:41:00.374 Please replace `use_container_width` with `width`.

`use_container_width` will be removed after 2025-12-31.

For `use_container_width=True`, use `width='stretch'`. For `use_container_width=False`, use `width='content'`.
2025-09-23 12:41:31.518 Please replace `use_container_width` with `width`.

`use_container_width` will be removed after 2025-12-31.

For `use_container_width=True`, use `width='stretch'`. For `use_container_width=False`, use `width='content'`.
2025-09-23 12:42:02.623 Please replace `use_container_width` with `width`.

`use_container_width` will be removed after 2025-12-31.

For `use_container_width=True`, use `width='stretch'`. For `use_container_width=False`, use `width='content'`.
2025-09-23 12:42:33.840 Please replace `use_container_width` with `width`.

`use_container_width` will be removed after 2025-12-31.

For `use_container_width=True`, use `width='stretch'`. For `use_container_width=False`, use `width='content'`.
2025-09-23 12:43:04.939 Please replace `use_container_width` with `width`.

`use_container_width` will be removed after 2025-12-31.

For `use_container_width=True`, use `width='stretch'`. For `use_container_width=False`, use `width='content'`.
2025-09-23 12:43:36.244 Please replace `use_container_width` with `width`.

`use_container_width` will be removed after 2025-12-31.

For `use_container_width=True`, use `width='stretch'`. For `use_container_width=False`, use `width='content'`.
2025-09-23 12:44:07.339 Please replace `use_container_width` with `width`.

`use_container_width` will be removed after 2025-12-31.

For `use_container_width=True`, use `width='stretch'`. For `use_container_width=False`, use `width='content'`.
2025-09-23 12:44:38.460 Please replace `use_container_width` with `width`.

`use_container_width` will be removed after 2025-12-31.

For `use_container_width=True`, use `width='stretch'`. For `use_container_width=False`, use `width='content'`.
2025-09-23 12:45:09.570 Please replace `use_container_width` with `width`.

`use_container_width` will be removed after 2025-12-31.

For `use_container_width=True`, use `width='stretch'`. For `use_container_width=False`, use `width='content'`.
2025-09-23 12:45:40.771 Please replace `use_container_width` with `width`.

`use_container_width` will be removed after 2025-12-31.

For `use_container_width=True`, use `width='stretch'`. For `use_container_width=False`, use `width='content'`.
2025-09-23 12:46:11.871 Please replace `use_container_width` with `width`.

`use_container_width` will be removed after 2025-12-31.

For `use_container_width=True`, use `width='stretch'`. For `use_container_width=False`, use `width='content'`.
2025-09-23 12:46:43.086 Please replace `use_container_width` with `width`.

`use_container_width` will be removed after 2025-12-31.

For `use_container_width=True`, use `width='stretch'`. For `use_container_width=False`, use `width='content'`.
2025-09-23 12:47:10.976 Please replace `use_container_width` with `width`.

`use_container_width` will be removed after 2025-12-31.

For `use_container_width=True`, use `width='stretch'`. For `use_container_width=False`, use `width='content'`.
2025-09-23 12:47:42.145 Please replace `use_container_width` with `width`.

`use_container_width` will be removed after 2025-12-31.

For `use_container_width=True`, use `width='stretch'`. For `use_container_width=False`, use `width='content'`.
2025-09-23 12:48:13.326 Please replace `use_container_width` with `width`.

`use_container_width` will be removed after 2025-12-31.

For `use_container_width=True`, use `width='stretch'`. For `use_container_width=False`, use `width='content'`.
2025-09-23 12:48:44.508 Please replace `use_container_width` with `width`.

`use_container_width` will be removed after 2025-12-31.

For `use_container_width=True`, use `width='stretch'`. For `use_container_width=False`, use `width='content'`.
2025-09-23 12:49:15.758 Please replace `use_container_width` with `width`.

`use_container_width` will be removed after 2025-12-31.

For `use_container_width=True`, use `width='stretch'`. For `use_container_width=False`, use `width='content'`.
2025-09-23 12:49:46.945 Please replace `use_container_width` with `width`.

`use_container_width` will be removed after 2025-12-31.

For `use_container_width=True`, use `width='stretch'`. For `use_container_width=False`, use `width='content'`.
2025-09-23 12:50:18.276 Please replace `use_container_width` with `width`.

`use_container_width` will be removed after 2025-12-31.

For `use_container_width=True`, use `width='stretch'`. For `use_container_width=False`, use `width='content'`.
2025-09-23 12:50:49.458 Please replace `use_container_width` with `width`.

`use_container_width` will be removed after 2025-12-31.

For `use_container_width=True`, use `width='stretch'`. For `use_container_width=False`, use `width='content'`.
2025-09-23 12:51:20.746 Please replace `use_container_width` with `width`.

`use_container_width` will be removed after 2025-12-31.

For `use_container_width=True`, use `width='stretch'`. For `use_container_width=False`, use `width='content'`.
2025-09-23 12:51:51.860 Please replace `use_container_width` with `width`.

`use_container_width` will be removed after 2025-12-31.

For `use_container_width=True`, use `width='stretch'`. For `use_container_width=False`, use `width='content'`.
2025-09-23 12:52:22.989 Please replace `use_container_width` with `width`.

`use_container_width` will be removed after 2025-12-31.

For `use_container_width=True`, use `width='stretch'`. For `use_container_width=False`, use `width='content'`.
2025-09-23 12:52:54.102 Please replace `use_container_width` with `width`.

`use_container_width` will be removed after 2025-12-31.

For `use_container_width=True`, use `width='stretch'`. For `use_container_width=False`, use `width='content'`.
2025-09-23 12:53:25.200 Please replace `use_container_width` with `width`.

`use_container_width` will be removed after 2025-12-31.

For `use_container_width=True`, use `width='stretch'`. For `use_container_width=False`, use `width='content'`.
2025-09-23 12:53:56.301 Please replace `use_container_width` with `width`.

`use_container_width` will be removed after 2025-12-31.

For `use_container_width=True`, use `width='stretch'`. For `use_container_width=False`, use `width='content'`.
2025-09-23 12:54:27.411 Please replace `use_container_width` with `width`.

`use_container_width` will be removed after 2025-12-31.

For `use_container_width=True`, use `width='stretch'`. For `use_container_width=False`, use `width='content'`.
2025-09-23 12:54:58.524 Please replace `use_container_width` with `width`.

`use_container_width` will be removed after 2025-12-31.

For `use_container_width=True`, use `width='stretch'`. For `use_container_width=False`, use `width='content'`.
2025-09-23 12:55:29.694 Please replace `use_container_width` with `width`.

`use_container_width` will be removed after 2025-12-31.

For `use_container_width=True`, use `width='stretch'`. For `use_container_width=False`, use `width='content'`.
2025-09-23 12:56:00.813 Please replace `use_container_width` with `width`.

`use_container_width` will be removed after 2025-12-31.

For `use_container_width=True`, use `width='stretch'`. For `use_container_width=False`, use `width='content'`.
2025-09-23 12:56:31.928 Please replace `use_container_width` with `width`.

`use_container_width` will be removed after 2025-12-31.

For `use_container_width=True`, use `width='stretch'`. For `use_container_width=False`, use `width='content'`.
2025-09-23 12:57:03.054 Please replace `use_container_width` with `width`.

`use_container_width` will be removed after 2025-12-31.

For `use_container_width=True`, use `width='stretch'`. For `use_container_width=False`, use `width='content'`.
2025-09-23 12:57:34.296 Please replace `use_container_width` with `width`.

`use_container_width` will be removed after 2025-12-31.

For `use_container_width=True`, use `width='stretch'`. For `use_container_width=False`, use `width='content'`.
2025-09-23 12:58:05.629 Please replace `use_container_width` with `width`.

`use_container_width` will be removed after 2025-12-31.

For `use_container_width=True`, use `width='stretch'`. For `use_container_width=False`, use `width='content'`.
2025-09-23 12:58:36.693 Please replace `use_container_width` with `width`.

`use_container_width` will be removed after 2025-12-31.

For `use_container_width=True`, use `width='stretch'`. For `use_container_width=False`, use `width='content'`.
2025-09-23 12:59:07.914 Please replace `use_container_width` with `width`.

`use_container_width` will be removed after 2025-12-31.

For `use_container_width=True`, use `width='stretch'`. For `use_container_width=False`, use `width='content'`.
2025-09-23 12:59:39.040 Please replace `use_container_width` with `width`.

`use_container_width` will be removed after 2025-12-31.

For `use_container_width=True`, use `width='stretch'`. For `use_container_width=False`, use `width='content'`.
2025-09-23 13:00:10.314 Please replace `use_container_width` with `width`.

`use_container_width` will be removed after 2025-12-31.

For `use_container_width=True`, use `width='stretch'`. For `use_container_width=False`, use `width='content'`.
2025-09-23 13:00:41.406 Please replace `use_container_width` with `width`.

`use_container_width` will be removed after 2025-12-31.

For `use_container_width=True`, use `width='stretch'`. For `use_container_width=False`, use `width='content'`.
2025-09-23 13:01:12.668 Please replace `use_container_width` with `width`.

`use_container_width` will be removed after 2025-12-31.

For `use_container_width=True`, use `width='stretch'`. For `use_container_width=False`, use `width='content'`.
2025-09-23 13:01:43.787 Please replace `use_container_width` with `width`.

`use_container_width` will be removed after 2025-12-31.

For `use_container_width=True`, use `width='stretch'`. For `use_container_width=False`, use `width='content'`.
2025-09-23 13:02:14.926 Please replace `use_container_width` with `width`.

`use_container_width` will be removed after 2025-12-31.

For `use_container_width=True`, use `width='stretch'`. For `use_container_width=False`, use `width='content'`.
2025-09-23 13:02:46.136 Please replace `use_container_width` with `width`.

`use_container_width` will be removed after 2025-12-31.

For `use_container_width=True`, use `width='stretch'`. For `use_container_width=False`, use `width='content'`.
2025-09-23 13:03:17.385 Please replace `use_container_width` with `width`.

`use_container_width` will be removed after 2025-12-31.

For `use_container_width=True`, use `width='stretch'`. For `use_container_width=False`, use `width='content'`.
2025-09-23 13:03:48.514 Please replace `use_container_width` with `width`.

`use_container_width` will be removed after 2025-12-31.

For `use_container_width=True`, use `width='stretch'`. For `use_container_width=False`, use `width='content'`.
2025-09-23 13:04:19.659 Please replace `use_container_width` with `width`.

`use_container_width` will be removed after 2025-12-31.

For `use_container_width=True`, use `width='stretch'`. For `use_container_width=False`, use `width='content'`.
2025-09-23 13:04:50.857 Please replace `use_container_width` with `width`.

`use_container_width` will be removed after 2025-12-31.

For `use_container_width=True`, use `width='stretch'`. For `use_container_width=False`, use `width='content'`.
2025-09-23 13:05:22.106 Please replace `use_container_width` with `width`.

`use_container_width` will be removed after 2025-12-31.

For `use_container_width=True`, use `width='stretch'`. For `use_container_width=False`, use `width='content'`.
2025-09-23 13:05:53.260 Please replace `use_container_width` with `width`.

`use_container_width` will be removed after 2025-12-31.

For `use_container_width=True`, use `width='stretch'`. For `use_container_width=False`, use `width='content'`.
2025-09-23 13:06:24.511 Please replace `use_container_width` with `width`.

`use_container_width` will be removed after 2025-12-31.

For `use_container_width=True`, use `width='stretch'`. For `use_container_width=False`, use `width='content'`.
2025-09-23 13:06:55.694 Please replace `use_container_width` with `width`.

`use_container_width` will be removed after 2025-12-31.

For `use_container_width=True`, use `width='stretch'`. For `use_container_width=False`, use `width='content'`.
2025-09-23 13:07:26.919 Please replace `use_container_width` with `width`.

`use_container_width` will be removed after 2025-12-31.

For `use_container_width=True`, use `width='stretch'`. For `use_container_width=False`, use `width='content'`.
2025-09-23 13:07:58.079 Please replace `use_container_width` with `width`.

`use_container_width` will be removed after 2025-12-31.

For `use_container_width=True`, use `width='stretch'`. For `use_container_width=False`, use `width='content'`.
2025-09-23 13:08:29.320 Please replace `use_container_width` with `width`.

`use_container_width` will be removed after 2025-12-31.

For `use_container_width=True`, use `width='stretch'`. For `use_container_width=False`, use `width='content'`.
2025-09-23 13:09:00.449 Please replace `use_container_width` with `width`.

`use_container_width` will be removed after 2025-12-31.

For `use_container_width=True`, use `width='stretch'`. For `use_container_width=False`, use `width='content'`.
2025-09-23 13:09:31.646 Please replace `use_container_width` with `width`.

`use_container_width` will be removed after 2025-12-31.

For `use_container_width=True`, use `width='stretch'`. For `use_container_width=False`, use `width='content'`.
2025-09-23 13:10:02.791 Please replace `use_container_width` with `width`.

`use_container_width` will be removed after 2025-12-31.

For `use_container_width=True`, use `width='stretch'`. For `use_container_width=False`, use `width='content'`.
2025-09-23 13:10:33.949 Please replace `use_container_width` with `width`.

`use_container_width` will be removed after 2025-12-31.

For `use_container_width=True`, use `width='stretch'`. For `use_container_width=False`, use `width='content'`.
2025-09-23 13:11:05.126 Please replace `use_container_width` with `width`.

`use_container_width` will be removed after 2025-12-31.

For `use_container_width=True`, use `width='stretch'`. For `use_container_width=False`, use `width='content'`.
2025-09-23 13:11:36.333 Please replace `use_container_width` with `width`.

`use_container_width` will be removed after 2025-12-31.

For `use_container_width=True`, use `width='stretch'`. For `use_container_width=False`, use `width='content'`.
2025-09-23 13:12:07.502 Please replace `use_container_width` with `width`.

`use_container_width` will be removed after 2025-12-31.

For `use_container_width=True`, use `width='stretch'`. For `use_container_width=False`, use `width='content'`.
2025-09-23 13:12:38.634 Please replace `use_container_width` with `width`.

`use_container_width` will be removed after 2025-12-31.

For `use_container_width=True`, use `width='stretch'`. For `use_container_width=False`, use `width='content'`.
2025-09-23 13:13:09.822 Please replace `use_container_width` with `width`.

`use_container_width` will be removed after 2025-12-31.

For `use_container_width=True`, use `width='stretch'`. For `use_container_width=False`, use `width='content'`.
2025-09-23 13:13:40.953 Please replace `use_container_width` with `width`.

`use_container_width` will be removed after 2025-12-31.

For `use_container_width=True`, use `width='stretch'`. For `use_container_width=False`, use `width='content'`.
2025-09-23 13:14:12.174 Please replace `use_container_width` with `width`.

`use_container_width` will be removed after 2025-12-31.

For `use_container_width=True`, use `width='stretch'`. For `use_container_width=False`, use `width='content'`.
2025-09-23 13:14:43.333 Please replace `use_container_width` with `width`.

`use_container_width` will be removed after 2025-12-31.

For `use_container_width=True`, use `width='stretch'`. For `use_container_width=False`, use `width='content'`.
2025-09-23 13:15:14.563 Please replace `use_container_width` with `width`.

`use_container_width` will be removed after 2025-12-31.

For `use_container_width=True`, use `width='stretch'`. For `use_container_width=False`, use `width='content'`.
2025-09-23 13:15:45.830 Please replace `use_container_width` with `width`.

`use_container_width` will be removed after 2025-12-31.

For `use_container_width=True`, use `width='stretch'`. For `use_container_width=False`, use `width='content'`.
2025-09-23 13:16:16.968 Please replace `use_container_width` with `width`.

`use_container_width` will be removed after 2025-12-31.

For `use_container_width=True`, use `width='stretch'`. For `use_container_width=False`, use `width='content'`.
2025-09-23 13:16:48.117 Please replace `use_container_width` with `width`.

`use_container_width` will be removed after 2025-12-31.

For `use_container_width=True`, use `width='stretch'`. For `use_container_width=False`, use `width='content'`.
2025-09-23 13:17:19.345 Please replace `use_container_width` with `width`.

`use_container_width` will be removed after 2025-12-31.

For `use_container_width=True`, use `width='stretch'`. For `use_container_width=False`, use `width='content'`.
2025-09-23 13:17:50.517 Please replace `use_container_width` with `width`.

`use_container_width` will be removed after 2025-12-31.

For `use_container_width=True`, use `width='stretch'`. For `use_container_width=False`, use `width='content'`.
2025-09-23 13:18:21.751 Please replace `use_container_width` with `width`.

`use_container_width` will be removed after 2025-12-31.

For `use_container_width=True`, use `width='stretch'`. For `use_container_width=False`, use `width='content'`.
2025-09-23 13:18:52.954 Please replace `use_container_width` with `width`.

`use_container_width` will be removed after 2025-12-31.

For `use_container_width=True`, use `width='stretch'`. For `use_container_width=False`, use `width='content'`.
2025-09-23 13:19:24.180 Please replace `use_container_width` with `width`.

`use_container_width` will be removed after 2025-12-31.

For `use_container_width=True`, use `width='stretch'`. For `use_container_width=False`, use `width='content'`.
2025-09-23 13:19:55.362 Please replace `use_container_width` with `width`.

`use_container_width` will be removed after 2025-12-31.

For `use_container_width=True`, use `width='stretch'`. For `use_container_width=False`, use `width='content'`.
2025-09-23 13:20:26.585 Please replace `use_container_width` with `width`.

`use_container_width` will be removed after 2025-12-31.

For `use_container_width=True`, use `width='stretch'`. For `use_container_width=False`, use `width='content'`.
2025-09-23 13:20:57.737 Please replace `use_container_width` with `width`.

`use_container_width` will be removed after 2025-12-31.

For `use_container_width=True`, use `width='stretch'`. For `use_container_width=False`, use `width='content'`.
2025-09-23 13:21:28.959 Please replace `use_container_width` with `width`.

`use_container_width` will be removed after 2025-12-31.

For `use_container_width=True`, use `width='stretch'`. For `use_container_width=False`, use `width='content'`.
2025-09-23 13:22:00.078 Please replace `use_container_width` with `width`.

`use_container_width` will be removed after 2025-12-31.

For `use_container_width=True`, use `width='stretch'`. For `use_container_width=False`, use `width='content'`.
2025-09-23 13:22:31.296 Please replace `use_container_width` with `width`.

`use_container_width` will be removed after 2025-12-31.

For `use_container_width=True`, use `width='stretch'`. For `use_container_width=False`, use `width='content'`.
2025-09-23 13:23:02.546 Please replace `use_container_width` with `width`.

`use_container_width` will be removed after 2025-12-31.

For `use_container_width=True`, use `width='stretch'`. For `use_container_width=False`, use `width='content'`.
2025-09-23 13:23:33.792 Please replace `use_container_width` with `width`.

`use_container_width` will be removed after 2025-12-31.

For `use_container_width=True`, use `width='stretch'`. For `use_container_width=False`, use `width='content'`.
2025-09-23 13:24:05.034 Please replace `use_container_width` with `width`.

`use_container_width` will be removed after 2025-12-31.

For `use_container_width=True`, use `width='stretch'`. For `use_container_width=False`, use `width='content'`.
2025-09-23 13:24:36.278 Please replace `use_container_width` with `width`.

`use_container_width` will be removed after 2025-12-31.

For `use_container_width=True`, use `width='stretch'`. For `use_container_width=False`, use `width='content'`.
2025-09-23 13:25:07.409 Please replace `use_container_width` with `width`.

`use_container_width` will be removed after 2025-12-31.

For `use_container_width=True`, use `width='stretch'`. For `use_container_width=False`, use `width='content'`.
2025-09-23 13:25:38.606 Please replace `use_container_width` with `width`.

`use_container_width` will be removed after 2025-12-31.

For `use_container_width=True`, use `width='stretch'`. For `use_container_width=False`, use `width='content'`.
2025-09-23 13:26:09.837 Please replace `use_container_width` with `width`.

`use_container_width` will be removed after 2025-12-31.

For `use_container_width=True`, use `width='stretch'`. For `use_container_width=False`, use `width='content'`.
2025-09-23 13:26:40.971 Please replace `use_container_width` with `width`.

`use_container_width` will be removed after 2025-12-31.

For `use_container_width=True`, use `width='stretch'`. For `use_container_width=False`, use `width='content'`.
2025-09-23 13:27:12.245 Please replace `use_container_width` with `width`.

`use_container_width` will be removed after 2025-12-31.

For `use_container_width=True`, use `width='stretch'`. For `use_container_width=False`, use `width='content'`.
2025-09-23 13:27:43.338 Please replace `use_container_width` with `width`.

`use_container_width` will be removed after 2025-12-31.

For `use_container_width=True`, use `width='stretch'`. For `use_container_width=False`, use `width='content'`.
2025-09-23 13:28:14.650 Please replace `use_container_width` with `width`.

`use_container_width` will be removed after 2025-12-31.

For `use_container_width=True`, use `width='stretch'`. For `use_container_width=False`, use `width='content'`.
2025-09-23 13:28:45.779 Please replace `use_container_width` with `width`.

`use_container_width` will be removed after 2025-12-31.

For `use_container_width=True`, use `width='stretch'`. For `use_container_width=False`, use `width='content'`.
2025-09-23 13:29:16.934 Please replace `use_container_width` with `width`.

`use_container_width` will be removed after 2025-12-31.

For `use_container_width=True`, use `width='stretch'`. For `use_container_width=False`, use `width='content'`.
2025-09-23 13:29:48.036 Please replace `use_container_width` with `width`.

`use_container_width` will be removed after 2025-12-31.

For `use_container_width=True`, use `width='stretch'`. For `use_container_width=False`, use `width='content'`.
2025-09-23 13:30:19.306 Please replace `use_container_width` with `width`.

`use_container_width` will be removed after 2025-12-31.

For `use_container_width=True`, use `width='stretch'`. For `use_container_width=False`, use `width='content'`.
2025-09-23 13:30:50.433 Please replace `use_container_width` with `width`.

`use_container_width` will be removed after 2025-12-31.

For `use_container_width=True`, use `width='stretch'`. For `use_container_width=False`, use `width='content'`.
2025-09-23 13:31:21.713 Please replace `use_container_width` with `width`.

`use_container_width` will be removed after 2025-12-31.

For `use_container_width=True`, use `width='stretch'`. For `use_container_width=False`, use `width='content'`.
2025-09-23 13:31:52.829 Please replace `use_container_width` with `width`.

`use_container_width` will be removed after 2025-12-31.

For `use_container_width=True`, use `width='stretch'`. For `use_container_width=False`, use `width='content'`.
2025-09-23 13:32:24.049 Please replace `use_container_width` with `width`.

`use_container_width` will be removed after 2025-12-31.

For `use_container_width=True`, use `width='stretch'`. For `use_container_width=False`, use `width='content'`.
2025-09-23 13:32:55.151 Please replace `use_container_width` with `width`.

`use_container_width` will be removed after 2025-12-31.

For `use_container_width=True`, use `width='stretch'`. For `use_container_width=False`, use `width='content'`.
2025-09-23 13:33:26.377 Please replace `use_container_width` with `width`.

`use_container_width` will be removed after 2025-12-31.

For `use_container_width=True`, use `width='stretch'`. For `use_container_width=False`, use `width='content'`.
2025-09-23 13:33:57.472 Please replace `use_container_width` with `width`.

`use_container_width` will be removed after 2025-12-31.

For `use_container_width=True`, use `width='stretch'`. For `use_container_width=False`, use `width='content'`.
2025-09-23 13:34:28.744 Please replace `use_container_width` with `width`.

`use_container_width` will be removed after 2025-12-31.

For `use_container_width=True`, use `width='stretch'`. For `use_container_width=False`, use `width='content'`.
2025-09-23 13:34:59.847 Please replace `use_container_width` with `width`.

`use_container_width` will be removed after 2025-12-31.

For `use_container_width=True`, use `width='stretch'`. For `use_container_width=False`, use `width='content'`.
2025-09-23 13:35:31.024 Please replace `use_container_width` with `width`.

`use_container_width` will be removed after 2025-12-31.

For `use_container_width=True`, use `width='stretch'`. For `use_container_width=False`, use `width='content'`.
2025-09-23 13:36:02.198 Please replace `use_container_width` with `width`.

`use_container_width` will be removed after 2025-12-31.

For `use_container_width=True`, use `width='stretch'`. For `use_container_width=False`, use `width='content'`.
2025-09-23 13:36:33.429 Please replace `use_container_width` with `width`.

`use_container_width` will be removed after 2025-12-31.

For `use_container_width=True`, use `width='stretch'`. For `use_container_width=False`, use `width='content'`.
2025-09-23 13:37:04.654 Please replace `use_container_width` with `width`.

`use_container_width` will be removed after 2025-12-31.

For `use_container_width=True`, use `width='stretch'`. For `use_container_width=False`, use `width='content'`.
2025-09-23 13:37:35.865 Please replace `use_container_width` with `width`.

`use_container_width` will be removed after 2025-12-31.

For `use_container_width=True`, use `width='stretch'`. For `use_container_width=False`, use `width='content'`.
2025-09-23 13:38:07.099 Please replace `use_container_width` with `width`.

`use_container_width` will be removed after 2025-12-31.

For `use_container_width=True`, use `width='stretch'`. For `use_container_width=False`, use `width='content'`.
2025-09-23 13:38:38.282 Please replace `use_container_width` with `width`.

`use_container_width` will be removed after 2025-12-31.

For `use_container_width=True`, use `width='stretch'`. For `use_container_width=False`, use `width='content'`.
2025-09-23 13:39:09.482 Please replace `use_container_width` with `width`.

`use_container_width` will be removed after 2025-12-31.

For `use_container_width=True`, use `width='stretch'`. For `use_container_width=False`, use `width='content'`.
2025-09-23 13:39:40.660 Please replace `use_container_width` with `width`.

`use_container_width` will be removed after 2025-12-31.

For `use_container_width=True`, use `width='stretch'`. For `use_container_width=False`, use `width='content'`.
2025-09-23 13:40:11.870 Please replace `use_container_width` with `width`.

`use_container_width` will be removed after 2025-12-31.

For `use_container_width=True`, use `width='stretch'`. For `use_container_width=False`, use `width='content'`.
2025-09-23 13:40:43.147 Please replace `use_container_width` with `width`.

`use_container_width` will be removed after 2025-12-31.

For `use_container_width=True`, use `width='stretch'`. For `use_container_width=False`, use `width='content'`.
2025-09-23 13:41:14.216 Please replace `use_container_width` with `width`.

`use_container_width` will be removed after 2025-12-31.

For `use_container_width=True`, use `width='stretch'`. For `use_container_width=False`, use `width='content'`.
2025-09-23 13:41:45.364 Please replace `use_container_width` with `width`.

`use_container_width` will be removed after 2025-12-31.

For `use_container_width=True`, use `width='stretch'`. For `use_container_width=False`, use `width='content'`.
2025-09-23 13:42:16.475 Please replace `use_container_width` with `width`.

`use_container_width` will be removed after 2025-12-31.

For `use_container_width=True`, use `width='stretch'`. For `use_container_width=False`, use `width='content'`.
2025-09-23 13:42:47.736 Please replace `use_container_width` with `width`.

`use_container_width` will be removed after 2025-12-31.

For `use_container_width=True`, use `width='stretch'`. For `use_container_width=False`, use `width='content'`.
2025-09-23 13:43:18.848 Please replace `use_container_width` with `width`.

`use_container_width` will be removed after 2025-12-31.

For `use_container_width=True`, use `width='stretch'`. For `use_container_width=False`, use `width='content'`.
2025-09-23 13:43:50.003 Please replace `use_container_width` with `width`.

`use_container_width` will be removed after 2025-12-31.

For `use_container_width=True`, use `width='stretch'`. For `use_container_width=False`, use `width='content'`.
2025-09-23 13:44:21.134 Please replace `use_container_width` with `width`.

`use_container_width` will be removed after 2025-12-31.

For `use_container_width=True`, use `width='stretch'`. For `use_container_width=False`, use `width='content'`.
2025-09-23 13:44:52.251 Please replace `use_container_width` with `width`.

`use_container_width` will be removed after 2025-12-31.

For `use_container_width=True`, use `width='stretch'`. For `use_container_width=False`, use `width='content'`.
2025-09-23 13:45:23.377 Please replace `use_container_width` with `width`.

`use_container_width` will be removed after 2025-12-31.

For `use_container_width=True`, use `width='stretch'`. For `use_container_width=False`, use `width='content'`.
2025-09-23 13:45:54.499 Please replace `use_container_width` with `width`.

`use_container_width` will be removed after 2025-12-31.

For `use_container_width=True`, use `width='stretch'`. For `use_container_width=False`, use `width='content'`.
2025-09-23 13:46:25.598 Please replace `use_container_width` with `width`.

`use_container_width` will be removed after 2025-12-31.

For `use_container_width=True`, use `width='stretch'`. For `use_container_width=False`, use `width='content'`.
2025-09-23 13:46:56.827 Please replace `use_container_width` with `width`.

`use_container_width` will be removed after 2025-12-31.

For `use_container_width=True`, use `width='stretch'`. For `use_container_width=False`, use `width='content'`.
2025-09-23 13:47:27.944 Please replace `use_container_width` with `width`.

`use_container_width` will be removed after 2025-12-31.

For `use_container_width=True`, use `width='stretch'`. For `use_container_width=False`, use `width='content'`.
2025-09-23 13:47:59.074 Please replace `use_container_width` with `width`.

`use_container_width` will be removed after 2025-12-31.

For `use_container_width=True`, use `width='stretch'`. For `use_container_width=False`, use `width='content'`.
2025-09-23 13:48:30.207 Please replace `use_container_width` with `width`.

`use_container_width` will be removed after 2025-12-31.

For `use_container_width=True`, use `width='stretch'`. For `use_container_width=False`, use `width='content'`.
2025-09-23 13:49:01.402 Please replace `use_container_width` with `width`.

`use_container_width` will be removed after 2025-12-31.

For `use_container_width=True`, use `width='stretch'`. For `use_container_width=False`, use `width='content'`.
2025-09-23 13:49:32.519 Please replace `use_container_width` with `width`.

`use_container_width` will be removed after 2025-12-31.

For `use_container_width=True`, use `width='stretch'`. For `use_container_width=False`, use `width='content'`.
2025-09-23 13:50:03.718 Please replace `use_container_width` with `width`.

`use_container_width` will be removed after 2025-12-31.

For `use_container_width=True`, use `width='stretch'`. For `use_container_width=False`, use `width='content'`.
2025-09-23 13:50:34.861 Please replace `use_container_width` with `width`.

`use_container_width` will be removed after 2025-12-31.

For `use_container_width=True`, use `width='stretch'`. For `use_container_width=False`, use `width='content'`.
2025-09-23 13:51:05.984 Please replace `use_container_width` with `width`.

`use_container_width` will be removed after 2025-12-31.

For `use_container_width=True`, use `width='stretch'`. For `use_container_width=False`, use `width='content'`.
2025-09-23 13:51:37.101 Please replace `use_container_width` with `width`.

`use_container_width` will be removed after 2025-12-31.

For `use_container_width=True`, use `width='stretch'`. For `use_container_width=False`, use `width='content'`.
2025-09-23 13:52:08.330 Please replace `use_container_width` with `width`.

`use_container_width` will be removed after 2025-12-31.

For `use_container_width=True`, use `width='stretch'`. For `use_container_width=False`, use `width='content'`.
2025-09-23 13:52:39.431 Please replace `use_container_width` with `width`.

`use_container_width` will be removed after 2025-12-31.

For `use_container_width=True`, use `width='stretch'`. For `use_container_width=False`, use `width='content'`.
2025-09-23 13:53:10.631 Please replace `use_container_width` with `width`.

`use_container_width` will be removed after 2025-12-31.

For `use_container_width=True`, use `width='stretch'`. For `use_container_width=False`, use `width='content'`.
2025-09-23 13:53:41.729 Please replace `use_container_width` with `width`.

`use_container_width` will be removed after 2025-12-31.

For `use_container_width=True`, use `width='stretch'`. For `use_container_width=False`, use `width='content'`.
2025-09-23 13:54:12.907 Please replace `use_container_width` with `width`.

`use_container_width` will be removed after 2025-12-31.

For `use_container_width=True`, use `width='stretch'`. For `use_container_width=False`, use `width='content'`.
2025-09-23 13:54:44.026 Please replace `use_container_width` with `width`.

`use_container_width` will be removed after 2025-12-31.

For `use_container_width=True`, use `width='stretch'`. For `use_container_width=False`, use `width='content'`.
2025-09-23 13:55:15.249 Please replace `use_container_width` with `width`.

`use_container_width` will be removed after 2025-12-31.

For `use_container_width=True`, use `width='stretch'`. For `use_container_width=False`, use `width='content'`.
2025-09-23 13:55:46.367 Please replace `use_container_width` with `width`.

`use_container_width` will be removed after 2025-12-31.

For `use_container_width=True`, use `width='stretch'`. For `use_container_width=False`, use `width='content'`.
2025-09-23 13:56:17.615 Please replace `use_container_width` with `width`.

`use_container_width` will be removed after 2025-12-31.

For `use_container_width=True`, use `width='stretch'`. For `use_container_width=False`, use `width='content'`.
2025-09-23 13:56:48.741 Please replace `use_container_width` with `width`.

`use_container_width` will be removed after 2025-12-31.

For `use_container_width=True`, use `width='stretch'`. For `use_container_width=False`, use `width='content'`.
2025-09-23 13:57:19.978 Please replace `use_container_width` with `width`.

`use_container_width` will be removed after 2025-12-31.

For `use_container_width=True`, use `width='stretch'`. For `use_container_width=False`, use `width='content'`.
2025-09-23 13:57:51.101 Please replace `use_container_width` with `width`.

`use_container_width` will be removed after 2025-12-31.

For `use_container_width=True`, use `width='stretch'`. For `use_container_width=False`, use `width='content'`.
2025-09-23 13:58:22.290 Please replace `use_container_width` with `width`.

`use_container_width` will be removed after 2025-12-31.

For `use_container_width=True`, use `width='stretch'`. For `use_container_width=False`, use `width='content'`.
2025-09-23 13:58:53.414 Please replace `use_container_width` with `width`.

`use_container_width` will be removed after 2025-12-31.

For `use_container_width=True`, use `width='stretch'`. For `use_container_width=False`, use `width='content'`.
2025-09-23 13:59:24.545 Please replace `use_container_width` with `width`.

`use_container_width` will be removed after 2025-12-31.

For `use_container_width=True`, use `width='stretch'`. For `use_container_width=False`, use `width='content'`.
2025-09-23 13:59:55.678 Please replace `use_container_width` with `width`.

`use_container_width` will be removed after 2025-12-31.

For `use_container_width=True`, use `width='stretch'`. For `use_container_width=False`, use `width='content'`.
2025-09-23 14:00:26.816 Please replace `use_container_width` with `width`.

`use_container_width` will be removed after 2025-12-31.

For `use_container_width=True`, use `width='stretch'`. For `use_container_width=False`, use `width='content'`.
2025-09-23 14:00:57.931 Please replace `use_container_width` with `width`.

`use_container_width` will be removed after 2025-12-31.

For `use_container_width=True`, use `width='stretch'`. For `use_container_width=False`, use `width='content'`.
2025-09-23 14:01:29.053 Please replace `use_container_width` with `width`.

`use_container_width` will be removed after 2025-12-31.

For `use_container_width=True`, use `width='stretch'`. For `use_container_width=False`, use `width='content'`.
2025-09-23 14:02:00.107 Please replace `use_container_width` with `width`.

`use_container_width` will be removed after 2025-12-31.

For `use_container_width=True`, use `width='stretch'`. For `use_container_width=False`, use `width='content'`.
2025-09-23 14:02:31.282 Please replace `use_container_width` with `width`.

`use_container_width` will be removed after 2025-12-31.

For `use_container_width=True`, use `width='stretch'`. For `use_container_width=False`, use `width='content'`.
2025-09-23 14:03:02.324 Please replace `use_container_width` with `width`.

`use_container_width` will be removed after 2025-12-31.

For `use_container_width=True`, use `width='stretch'`. For `use_container_width=False`, use `width='content'`.
2025-09-23 14:03:33.592 Please replace `use_container_width` with `width`.

`use_container_width` will be removed after 2025-12-31.

For `use_container_width=True`, use `width='stretch'`. For `use_container_width=False`, use `width='content'`.
2025-09-23 14:04:04.725 Please replace `use_container_width` with `width`.

`use_container_width` will be removed after 2025-12-31.

For `use_container_width=True`, use `width='stretch'`. For `use_container_width=False`, use `width='content'`.
2025-09-23 14:04:35.951 Please replace `use_container_width` with `width`.

`use_container_width` will be removed after 2025-12-31.

For `use_container_width=True`, use `width='stretch'`. For `use_container_width=False`, use `width='content'`.
2025-09-23 14:05:07.094 Please replace `use_container_width` with `width`.

`use_container_width` will be removed after 2025-12-31.

For `use_container_width=True`, use `width='stretch'`. For `use_container_width=False`, use `width='content'`.
2025-09-23 14:05:38.241 Please replace `use_container_width` with `width`.

`use_container_width` will be removed after 2025-12-31.

For `use_container_width=True`, use `width='stretch'`. For `use_container_width=False`, use `width='content'`.
2025-09-23 14:06:09.357 Please replace `use_container_width` with `width`.

`use_container_width` will be removed after 2025-12-31.

For `use_container_width=True`, use `width='stretch'`. For `use_container_width=False`, use `width='content'`.
2025-09-23 14:06:40.642 Please replace `use_container_width` with `width`.

`use_container_width` will be removed after 2025-12-31.

For `use_container_width=True`, use `width='stretch'`. For `use_container_width=False`, use `width='content'`.
2025-09-23 14:07:11.736 Please replace `use_container_width` with `width`.

`use_container_width` will be removed after 2025-12-31.

For `use_container_width=True`, use `width='stretch'`. For `use_container_width=False`, use `width='content'`.
2025-09-23 14:07:42.888 Please replace `use_container_width` with `width`.

`use_container_width` will be removed after 2025-12-31.

For `use_container_width=True`, use `width='stretch'`. For `use_container_width=False`, use `width='content'`.
2025-09-23 14:08:13.950 Please replace `use_container_width` with `width`.

`use_container_width` will be removed after 2025-12-31.

For `use_container_width=True`, use `width='stretch'`. For `use_container_width=False`, use `width='content'`.
2025-09-23 14:08:45.176 Please replace `use_container_width` with `width`.

`use_container_width` will be removed after 2025-12-31.

For `use_container_width=True`, use `width='stretch'`. For `use_container_width=False`, use `width='content'`.
2025-09-23 14:09:16.346 Please replace `use_container_width` with `width`.

`use_container_width` will be removed after 2025-12-31.

For `use_container_width=True`, use `width='stretch'`. For `use_container_width=False`, use `width='content'`.
2025-09-23 14:09:47.617 Please replace `use_container_width` with `width`.

`use_container_width` will be removed after 2025-12-31.

For `use_container_width=True`, use `width='stretch'`. For `use_container_width=False`, use `width='content'`.
2025-09-23 14:10:18.764 Please replace `use_container_width` with `width`.

`use_container_width` will be removed after 2025-12-31.

For `use_container_width=True`, use `width='stretch'`. For `use_container_width=False`, use `width='content'`.
2025-09-23 14:10:49.911 Please replace `use_container_width` with `width`.

`use_container_width` will be removed after 2025-12-31.

For `use_container_width=True`, use `width='stretch'`. For `use_container_width=False`, use `width='content'`.
2025-09-23 14:11:21.038 Please replace `use_container_width` with `width`.

`use_container_width` will be removed after 2025-12-31.

For `use_container_width=True`, use `width='stretch'`. For `use_container_width=False`, use `width='content'`.
2025-09-23 14:11:52.333 Please replace `use_container_width` with `width`.

`use_container_width` will be removed after 2025-12-31.

For `use_container_width=True`, use `width='stretch'`. For `use_container_width=False`, use `width='content'`.
2025-09-23 14:12:23.464 Please replace `use_container_width` with `width`.

`use_container_width` will be removed after 2025-12-31.

For `use_container_width=True`, use `width='stretch'`. For `use_container_width=False`, use `width='content'`.
2025-09-23 14:12:54.667 Please replace `use_container_width` with `width`.

`use_container_width` will be removed after 2025-12-31.

For `use_container_width=True`, use `width='stretch'`. For `use_container_width=False`, use `width='content'`.
2025-09-23 14:13:25.785 Please replace `use_container_width` with `width`.

`use_container_width` will be removed after 2025-12-31.

For `use_container_width=True`, use `width='stretch'`. For `use_container_width=False`, use `width='content'`.
2025-09-23 14:13:57.078 Please replace `use_container_width` with `width`.

`use_container_width` will be removed after 2025-12-31.

For `use_container_width=True`, use `width='stretch'`. For `use_container_width=False`, use `width='content'`.
2025-09-23 14:14:28.194 Please replace `use_container_width` with `width`.

`use_container_width` will be removed after 2025-12-31.

For `use_container_width=True`, use `width='stretch'`. For `use_container_width=False`, use `width='content'`.
2025-09-23 14:14:59.456 Please replace `use_container_width` with `width`.

`use_container_width` will be removed after 2025-12-31.

For `use_container_width=True`, use `width='stretch'`. For `use_container_width=False`, use `width='content'`.
2025-09-23 14:15:30.568 Please replace `use_container_width` with `width`.

`use_container_width` will be removed after 2025-12-31.

For `use_container_width=True`, use `width='stretch'`. For `use_container_width=False`, use `width='content'`.
2025-09-23 14:16:01.737 Please replace `use_container_width` with `width`.

`use_container_width` will be removed after 2025-12-31.

For `use_container_width=True`, use `width='stretch'`. For `use_container_width=False`, use `width='content'`.
2025-09-23 14:16:32.844 Please replace `use_container_width` with `width`.

`use_container_width` will be removed after 2025-12-31.

For `use_container_width=True`, use `width='stretch'`. For `use_container_width=False`, use `width='content'`.
2025-09-23 14:17:03.984 Please replace `use_container_width` with `width`.

`use_container_width` will be removed after 2025-12-31.

For `use_container_width=True`, use `width='stretch'`. For `use_container_width=False`, use `width='content'`.
2025-09-23 14:17:35.119 Please replace `use_container_width` with `width`.

`use_container_width` will be removed after 2025-12-31.

For `use_container_width=True`, use `width='stretch'`. For `use_container_width=False`, use `width='content'`.
2025-09-23 14:18:06.306 Please replace `use_container_width` with `width`.

`use_container_width` will be removed after 2025-12-31.

For `use_container_width=True`, use `width='stretch'`. For `use_container_width=False`, use `width='content'`.
2025-09-23 14:18:37.443 Please replace `use_container_width` with `width`.

`use_container_width` will be removed after 2025-12-31.

For `use_container_width=True`, use `width='stretch'`. For `use_container_width=False`, use `width='content'`.
2025-09-23 14:19:08.653 Please replace `use_container_width` with `width`.

`use_container_width` will be removed after 2025-12-31.

For `use_container_width=True`, use `width='stretch'`. For `use_container_width=False`, use `width='content'`.
2025-09-23 14:19:39.812 Please replace `use_container_width` with `width`.

`use_container_width` will be removed after 2025-12-31.

For `use_container_width=True`, use `width='stretch'`. For `use_container_width=False`, use `width='content'`.
2025-09-23 14:20:11.010 Please replace `use_container_width` with `width`.

`use_container_width` will be removed after 2025-12-31.

For `use_container_width=True`, use `width='stretch'`. For `use_container_width=False`, use `width='content'`.
2025-09-23 14:20:42.212 Please replace `use_container_width` with `width`.

`use_container_width` will be removed after 2025-12-31.

For `use_container_width=True`, use `width='stretch'`. For `use_container_width=False`, use `width='content'`.
2025-09-23 14:21:13.586 Please replace `use_container_width` with `width`.

`use_container_width` will be removed after 2025-12-31.

For `use_container_width=True`, use `width='stretch'`. For `use_container_width=False`, use `width='content'`.
2025-09-23 14:21:44.782 Please replace `use_container_width` with `width`.

`use_container_width` will be removed after 2025-12-31.

For `use_container_width=True`, use `width='stretch'`. For `use_container_width=False`, use `width='content'`.
2025-09-23 14:22:15.929 Please replace `use_container_width` with `width`.

`use_container_width` will be removed after 2025-12-31.

For `use_container_width=True`, use `width='stretch'`. For `use_container_width=False`, use `width='content'`.
2025-09-23 14:22:47.119 Please replace `use_container_width` with `width`.

`use_container_width` will be removed after 2025-12-31.

For `use_container_width=True`, use `width='stretch'`. For `use_container_width=False`, use `width='content'`.
2025-09-23 14:23:18.313 Please replace `use_container_width` with `width`.

`use_container_width` will be removed after 2025-12-31.

For `use_container_width=True`, use `width='stretch'`. For `use_container_width=False`, use `width='content'`.
2025-09-23 14:23:49.548 Please replace `use_container_width` with `width`.

`use_container_width` will be removed after 2025-12-31.

For `use_container_width=True`, use `width='stretch'`. For `use_container_width=False`, use `width='content'`.
2025-09-23 14:24:20.756 Please replace `use_container_width` with `width`.

`use_container_width` will be removed after 2025-12-31.

For `use_container_width=True`, use `width='stretch'`. For `use_container_width=False`, use `width='content'`.
2025-09-23 14:24:52.069 Please replace `use_container_width` with `width`.

`use_container_width` will be removed after 2025-12-31.

For `use_container_width=True`, use `width='stretch'`. For `use_container_width=False`, use `width='content'`.
2025-09-23 14:25:23.275 Please replace `use_container_width` with `width`.

`use_container_width` will be removed after 2025-12-31.

For `use_container_width=True`, use `width='stretch'`. For `use_container_width=False`, use `width='content'`.
2025-09-23 14:25:54.478 Please replace `use_container_width` with `width`.

`use_container_width` will be removed after 2025-12-31.

For `use_container_width=True`, use `width='stretch'`. For `use_container_width=False`, use `width='content'`.
2025-09-23 14:26:25.693 Please replace `use_container_width` with `width`.

`use_container_width` will be removed after 2025-12-31.

For `use_container_width=True`, use `width='stretch'`. For `use_container_width=False`, use `width='content'`.
2025-09-23 14:26:56.903 Please replace `use_container_width` with `width`.

`use_container_width` will be removed after 2025-12-31.

For `use_container_width=True`, use `width='stretch'`. For `use_container_width=False`, use `width='content'`.
2025-09-23 14:27:28.087 Please replace `use_container_width` with `width`.

`use_container_width` will be removed after 2025-12-31.

For `use_container_width=True`, use `width='stretch'`. For `use_container_width=False`, use `width='content'`.
2025-09-23 14:27:59.451 Please replace `use_container_width` with `width`.

`use_container_width` will be removed after 2025-12-31.

For `use_container_width=True`, use `width='stretch'`. For `use_container_width=False`, use `width='content'`.
2025-09-23 14:28:30.747 Please replace `use_container_width` with `width`.

`use_container_width` will be removed after 2025-12-31.

For `use_container_width=True`, use `width='stretch'`. For `use_container_width=False`, use `width='content'`.
2025-09-23 14:29:01.883 Please replace `use_container_width` with `width`.

`use_container_width` will be removed after 2025-12-31.

For `use_container_width=True`, use `width='stretch'`. For `use_container_width=False`, use `width='content'`.
2025-09-23 14:29:33.177 Please replace `use_container_width` with `width`.

`use_container_width` will be removed after 2025-12-31.

For `use_container_width=True`, use `width='stretch'`. For `use_container_width=False`, use `width='content'`.
2025-09-23 14:30:04.333 Please replace `use_container_width` with `width`.

`use_container_width` will be removed after 2025-12-31.

For `use_container_width=True`, use `width='stretch'`. For `use_container_width=False`, use `width='content'`.
2025-09-23 14:30:35.649 Please replace `use_container_width` with `width`.

`use_container_width` will be removed after 2025-12-31.

For `use_container_width=True`, use `width='stretch'`. For `use_container_width=False`, use `width='content'`.
2025-09-23 14:31:06.837 Please replace `use_container_width` with `width`.

`use_container_width` will be removed after 2025-12-31.

For `use_container_width=True`, use `width='stretch'`. For `use_container_width=False`, use `width='content'`.
2025-09-23 14:31:38.146 Please replace `use_container_width` with `width`.

`use_container_width` will be removed after 2025-12-31.

For `use_container_width=True`, use `width='stretch'`. For `use_container_width=False`, use `width='content'`.
2025-09-23 14:32:09.345 Please replace `use_container_width` with `width`.

`use_container_width` will be removed after 2025-12-31.

For `use_container_width=True`, use `width='stretch'`. For `use_container_width=False`, use `width='content'`.
2025-09-23 14:32:40.707 Please replace `use_container_width` with `width`.

`use_container_width` will be removed after 2025-12-31.

For `use_container_width=True`, use `width='stretch'`. For `use_container_width=False`, use `width='content'`.
2025-09-23 14:33:11.996 Please replace `use_container_width` with `width`.

`use_container_width` will be removed after 2025-12-31.

For `use_container_width=True`, use `width='stretch'`. For `use_container_width=False`, use `width='content'`.
2025-09-23 14:33:43.175 Please replace `use_container_width` with `width`.

`use_container_width` will be removed after 2025-12-31.

For `use_container_width=True`, use `width='stretch'`. For `use_container_width=False`, use `width='content'`.
2025-09-23 14:34:14.414 Please replace `use_container_width` with `width`.

`use_container_width` will be removed after 2025-12-31.

For `use_container_width=True`, use `width='stretch'`. For `use_container_width=False`, use `width='content'`.
2025-09-23 14:34:45.614 Please replace `use_container_width` with `width`.

`use_container_width` will be removed after 2025-12-31.

For `use_container_width=True`, use `width='stretch'`. For `use_container_width=False`, use `width='content'`.
2025-09-23 14:35:16.825 Please replace `use_container_width` with `width`.

`use_container_width` will be removed after 2025-12-31.

For `use_container_width=True`, use `width='stretch'`. For `use_container_width=False`, use `width='content'`.
2025-09-23 14:35:48.032 Please replace `use_container_width` with `width`.

`use_container_width` will be removed after 2025-12-31.

For `use_container_width=True`, use `width='stretch'`. For `use_container_width=False`, use `width='content'`.
2025-09-23 14:36:19.378 Please replace `use_container_width` with `width`.

`use_container_width` will be removed after 2025-12-31.

For `use_container_width=True`, use `width='stretch'`. For `use_container_width=False`, use `width='content'`.
2025-09-23 14:36:50.687 Please replace `use_container_width` with `width`.

`use_container_width` will be removed after 2025-12-31.

For `use_container_width=True`, use `width='stretch'`. For `use_container_width=False`, use `width='content'`.
2025-09-23 14:37:21.877 Please replace `use_container_width` with `width`.

`use_container_width` will be removed after 2025-12-31.

For `use_container_width=True`, use `width='stretch'`. For `use_container_width=False`, use `width='content'`.
2025-09-23 14:37:53.146 Please replace `use_container_width` with `width`.

`use_container_width` will be removed after 2025-12-31.

For `use_container_width=True`, use `width='stretch'`. For `use_container_width=False`, use `width='content'`.
2025-09-23 14:38:24.361 Please replace `use_container_width` with `width`.

`use_container_width` will be removed after 2025-12-31.

For `use_container_width=True`, use `width='stretch'`. For `use_container_width=False`, use `width='content'`.
2025-09-23 14:38:55.778 Please replace `use_container_width` with `width`.

`use_container_width` will be removed after 2025-12-31.

For `use_container_width=True`, use `width='stretch'`. For `use_container_width=False`, use `width='content'`.
2025-09-23 14:39:26.984 Please replace `use_container_width` with `width`.

`use_container_width` will be removed after 2025-12-31.

For `use_container_width=True`, use `width='stretch'`. For `use_container_width=False`, use `width='content'`.
2025-09-23 14:39:58.148 Please replace `use_container_width` with `width`.

`use_container_width` will be removed after 2025-12-31.

For `use_container_width=True`, use `width='stretch'`. For `use_container_width=False`, use `width='content'`.
2025-09-23 14:40:29.342 Please replace `use_container_width` with `width`.

`use_container_width` will be removed after 2025-12-31.

For `use_container_width=True`, use `width='stretch'`. For `use_container_width=False`, use `width='content'`.
2025-09-23 14:41:00.531 Please replace `use_container_width` with `width`.

`use_container_width` will be removed after 2025-12-31.

For `use_container_width=True`, use `width='stretch'`. For `use_container_width=False`, use `width='content'`.
2025-09-23 14:41:31.717 Please replace `use_container_width` with `width`.

`use_container_width` will be removed after 2025-12-31.

For `use_container_width=True`, use `width='stretch'`. For `use_container_width=False`, use `width='content'`.
2025-09-23 14:42:02.922 Please replace `use_container_width` with `width`.

`use_container_width` will be removed after 2025-12-31.

For `use_container_width=True`, use `width='stretch'`. For `use_container_width=False`, use `width='content'`.
2025-09-23 14:42:34.217 Please replace `use_container_width` with `width`.

`use_container_width` will be removed after 2025-12-31.

For `use_container_width=True`, use `width='stretch'`. For `use_container_width=False`, use `width='content'`.
2025-09-23 14:43:05.369 Please replace `use_container_width` with `width`.

`use_container_width` will be removed after 2025-12-31.

For `use_container_width=True`, use `width='stretch'`. For `use_container_width=False`, use `width='content'`.
2025-09-23 14:43:36.509 Please replace `use_container_width` with `width`.

`use_container_width` will be removed after 2025-12-31.

For `use_container_width=True`, use `width='stretch'`. For `use_container_width=False`, use `width='content'`.
2025-09-23 14:44:07.671 Please replace `use_container_width` with `width`.

`use_container_width` will be removed after 2025-12-31.

For `use_container_width=True`, use `width='stretch'`. For `use_container_width=False`, use `width='content'`.
2025-09-23 14:44:38.818 Please replace `use_container_width` with `width`.

`use_container_width` will be removed after 2025-12-31.

For `use_container_width=True`, use `width='stretch'`. For `use_container_width=False`, use `width='content'`.
2025-09-23 14:45:09.953 Please replace `use_container_width` with `width`.

`use_container_width` will be removed after 2025-12-31.

For `use_container_width=True`, use `width='stretch'`. For `use_container_width=False`, use `width='content'`.
2025-09-23 14:45:41.108 Please replace `use_container_width` with `width`.

`use_container_width` will be removed after 2025-12-31.

For `use_container_width=True`, use `width='stretch'`. For `use_container_width=False`, use `width='content'`.
2025-09-23 14:46:12.178 Please replace `use_container_width` with `width`.

`use_container_width` will be removed after 2025-12-31.

For `use_container_width=True`, use `width='stretch'`. For `use_container_width=False`, use `width='content'`.
2025-09-23 14:46:43.526 Please replace `use_container_width` with `width`.

`use_container_width` will be removed after 2025-12-31.

For `use_container_width=True`, use `width='stretch'`. For `use_container_width=False`, use `width='content'`.
2025-09-23 14:47:14.773 Please replace `use_container_width` with `width`.

`use_container_width` will be removed after 2025-12-31.

For `use_container_width=True`, use `width='stretch'`. For `use_container_width=False`, use `width='content'`.
2025-09-23 14:47:45.951 Please replace `use_container_width` with `width`.

`use_container_width` will be removed after 2025-12-31.

For `use_container_width=True`, use `width='stretch'`. For `use_container_width=False`, use `width='content'`.
2025-09-23 14:48:17.164 Please replace `use_container_width` with `width`.

`use_container_width` will be removed after 2025-12-31.

For `use_container_width=True`, use `width='stretch'`. For `use_container_width=False`, use `width='content'`.
2025-09-23 14:48:48.318 Please replace `use_container_width` with `width`.

`use_container_width` will be removed after 2025-12-31.

For `use_container_width=True`, use `width='stretch'`. For `use_container_width=False`, use `width='content'`.
2025-09-23 14:49:19.598 Please replace `use_container_width` with `width`.

`use_container_width` will be removed after 2025-12-31.

For `use_container_width=True`, use `width='stretch'`. For `use_container_width=False`, use `width='content'`.
2025-09-23 14:49:50.789 Please replace `use_container_width` with `width`.

`use_container_width` will be removed after 2025-12-31.

For `use_container_width=True`, use `width='stretch'`. For `use_container_width=False`, use `width='content'`.
2025-09-23 14:50:21.992 Please replace `use_container_width` with `width`.

`use_container_width` will be removed after 2025-12-31.

For `use_container_width=True`, use `width='stretch'`. For `use_container_width=False`, use `width='content'`.
2025-09-23 14:50:53.191 Please replace `use_container_width` with `width`.

`use_container_width` will be removed after 2025-12-31.

For `use_container_width=True`, use `width='stretch'`. For `use_container_width=False`, use `width='content'`.
2025-09-23 14:51:24.421 Please replace `use_container_width` with `width`.

`use_container_width` will be removed after 2025-12-31.

For `use_container_width=True`, use `width='stretch'`. For `use_container_width=False`, use `width='content'`.
2025-09-23 14:51:55.631 Please replace `use_container_width` with `width`.

`use_container_width` will be removed after 2025-12-31.

For `use_container_width=True`, use `width='stretch'`. For `use_container_width=False`, use `width='content'`.
2025-09-23 14:52:26.906 Please replace `use_container_width` with `width`.

`use_container_width` will be removed after 2025-12-31.

For `use_container_width=True`, use `width='stretch'`. For `use_container_width=False`, use `width='content'`.
2025-09-23 14:52:58.230 Please replace `use_container_width` with `width`.

`use_container_width` will be removed after 2025-12-31.

For `use_container_width=True`, use `width='stretch'`. For `use_container_width=False`, use `width='content'`.
2025-09-23 14:53:29.607 Please replace `use_container_width` with `width`.

`use_container_width` will be removed after 2025-12-31.

For `use_container_width=True`, use `width='stretch'`. For `use_container_width=False`, use `width='content'`.
2025-09-23 14:54:00.849 Please replace `use_container_width` with `width`.

`use_container_width` will be removed after 2025-12-31.

For `use_container_width=True`, use `width='stretch'`. For `use_container_width=False`, use `width='content'`.
2025-09-23 14:54:32.155 Please replace `use_container_width` with `width`.

`use_container_width` will be removed after 2025-12-31.

For `use_container_width=True`, use `width='stretch'`. For `use_container_width=False`, use `width='content'`.
2025-09-23 14:55:03.326 Please replace `use_container_width` with `width`.

`use_container_width` will be removed after 2025-12-31.

For `use_container_width=True`, use `width='stretch'`. For `use_container_width=False`, use `width='content'`.
2025-09-23 14:55:34.429 Please replace `use_container_width` with `width`.

`use_container_width` will be removed after 2025-12-31.

For `use_container_width=True`, use `width='stretch'`. For `use_container_width=False`, use `width='content'`.
2025-09-23 14:56:05.552 Please replace `use_container_width` with `width`.

`use_container_width` will be removed after 2025-12-31.

For `use_container_width=True`, use `width='stretch'`. For `use_container_width=False`, use `width='content'`.
2025-09-23 14:56:36.697 Please replace `use_container_width` with `width`.

`use_container_width` will be removed after 2025-12-31.

For `use_container_width=True`, use `width='stretch'`. For `use_container_width=False`, use `width='content'`.
2025-09-23 14:57:07.864 Please replace `use_container_width` with `width`.

`use_container_width` will be removed after 2025-12-31.

For `use_container_width=True`, use `width='stretch'`. For `use_container_width=False`, use `width='content'`.
2025-09-23 14:57:39.154 Please replace `use_container_width` with `width`.

`use_container_width` will be removed after 2025-12-31.

For `use_container_width=True`, use `width='stretch'`. For `use_container_width=False`, use `width='content'`.
2025-09-23 14:58:10.441 Please replace `use_container_width` with `width`.

`use_container_width` will be removed after 2025-12-31.

For `use_container_width=True`, use `width='stretch'`. For `use_container_width=False`, use `width='content'`.
2025-09-23 14:58:41.669 Please replace `use_container_width` with `width`.

`use_container_width` will be removed after 2025-12-31.

For `use_container_width=True`, use `width='stretch'`. For `use_container_width=False`, use `width='content'`.
2025-09-23 14:59:12.746 Please replace `use_container_width` with `width`.

`use_container_width` will be removed after 2025-12-31.

For `use_container_width=True`, use `width='stretch'`. For `use_container_width=False`, use `width='content'`.
2025-09-23 14:59:43.889 Please replace `use_container_width` with `width`.

`use_container_width` will be removed after 2025-12-31.

For `use_container_width=True`, use `width='stretch'`. For `use_container_width=False`, use `width='content'`.
2025-09-23 15:00:15.020 Please replace `use_container_width` with `width`.

`use_container_width` will be removed after 2025-12-31.

For `use_container_width=True`, use `width='stretch'`. For `use_container_width=False`, use `width='content'`.
2025-09-23 15:00:46.348 Please replace `use_container_width` with `width`.

`use_container_width` will be removed after 2025-12-31.

For `use_container_width=True`, use `width='stretch'`. For `use_container_width=False`, use `width='content'`.
2025-09-23 15:01:17.725 Please replace `use_container_width` with `width`.

`use_container_width` will be removed after 2025-12-31.

For `use_container_width=True`, use `width='stretch'`. For `use_container_width=False`, use `width='content'`.
2025-09-23 15:01:49.070 Please replace `use_container_width` with `width`.

`use_container_width` will be removed after 2025-12-31.

For `use_container_width=True`, use `width='stretch'`. For `use_container_width=False`, use `width='content'`.
2025-09-23 15:02:20.350 Please replace `use_container_width` with `width`.

`use_container_width` will be removed after 2025-12-31.

For `use_container_width=True`, use `width='stretch'`. For `use_container_width=False`, use `width='content'`.
2025-09-23 15:02:51.509 Please replace `use_container_width` with `width`.

`use_container_width` will be removed after 2025-12-31.

For `use_container_width=True`, use `width='stretch'`. For `use_container_width=False`, use `width='content'`.
2025-09-23 15:03:22.660 Please replace `use_container_width` with `width`.

`use_container_width` will be removed after 2025-12-31.

For `use_container_width=True`, use `width='stretch'`. For `use_container_width=False`, use `width='content'`.
2025-09-23 15:03:53.955 Please replace `use_container_width` with `width`.

`use_container_width` will be removed after 2025-12-31.

For `use_container_width=True`, use `width='stretch'`. For `use_container_width=False`, use `width='content'`.
2025-09-23 15:04:25.154 Please replace `use_container_width` with `width`.

`use_container_width` will be removed after 2025-12-31.

For `use_container_width=True`, use `width='stretch'`. For `use_container_width=False`, use `width='content'`.
2025-09-23 15:04:56.372 Please replace `use_container_width` with `width`.

`use_container_width` will be removed after 2025-12-31.

For `use_container_width=True`, use `width='stretch'`. For `use_container_width=False`, use `width='content'`.
2025-09-23 15:05:27.493 Please replace `use_container_width` with `width`.

`use_container_width` will be removed after 2025-12-31.

For `use_container_width=True`, use `width='stretch'`. For `use_container_width=False`, use `width='content'`.
2025-09-23 15:05:58.768 Please replace `use_container_width` with `width`.

`use_container_width` will be removed after 2025-12-31.

For `use_container_width=True`, use `width='stretch'`. For `use_container_width=False`, use `width='content'`.
2025-09-23 15:06:29.909 Please replace `use_container_width` with `width`.

`use_container_width` will be removed after 2025-12-31.

For `use_container_width=True`, use `width='stretch'`. For `use_container_width=False`, use `width='content'`.
2025-09-23 15:07:01.102 Please replace `use_container_width` with `width`.

`use_container_width` will be removed after 2025-12-31.

For `use_container_width=True`, use `width='stretch'`. For `use_container_width=False`, use `width='content'`.
2025-09-23 15:07:32.318 Please replace `use_container_width` with `width`.

`use_container_width` will be removed after 2025-12-31.

For `use_container_width=True`, use `width='stretch'`. For `use_container_width=False`, use `width='content'`.
2025-09-23 15:08:03.497 Please replace `use_container_width` with `width`.

`use_container_width` will be removed after 2025-12-31.

For `use_container_width=True`, use `width='stretch'`. For `use_container_width=False`, use `width='content'`.
2025-09-23 15:08:34.578 Please replace `use_container_width` with `width`.

`use_container_width` will be removed after 2025-12-31.

For `use_container_width=True`, use `width='stretch'`. For `use_container_width=False`, use `width='content'`.
2025-09-23 15:09:05.827 Please replace `use_container_width` with `width`.

`use_container_width` will be removed after 2025-12-31.

For `use_container_width=True`, use `width='stretch'`. For `use_container_width=False`, use `width='content'`.
2025-09-23 15:09:37.011 Please replace `use_container_width` with `width`.

`use_container_width` will be removed after 2025-12-31.

For `use_container_width=True`, use `width='stretch'`. For `use_container_width=False`, use `width='content'`.
2025-09-23 15:10:08.363 Please replace `use_container_width` with `width`.

`use_container_width` will be removed after 2025-12-31.

For `use_container_width=True`, use `width='stretch'`. For `use_container_width=False`, use `width='content'`.
2025-09-23 15:10:39.577 Please replace `use_container_width` with `width`.

`use_container_width` will be removed after 2025-12-31.

For `use_container_width=True`, use `width='stretch'`. For `use_container_width=False`, use `width='content'`.
2025-09-23 15:11:10.717 Please replace `use_container_width` with `width`.

`use_container_width` will be removed after 2025-12-31.

For `use_container_width=True`, use `width='stretch'`. For `use_container_width=False`, use `width='content'`.
2025-09-23 15:11:42.089 Please replace `use_container_width` with `width`.

`use_container_width` will be removed after 2025-12-31.

For `use_container_width=True`, use `width='stretch'`. For `use_container_width=False`, use `width='content'`.
2025-09-23 15:12:13.272 Please replace `use_container_width` with `width`.

`use_container_width` will be removed after 2025-12-31.

For `use_container_width=True`, use `width='stretch'`. For `use_container_width=False`, use `width='content'`.
2025-09-23 15:12:44.576 Please replace `use_container_width` with `width`.

`use_container_width` will be removed after 2025-12-31.

For `use_container_width=True`, use `width='stretch'`. For `use_container_width=False`, use `width='content'`.
2025-09-23 15:13:15.719 Please replace `use_container_width` with `width`.

`use_container_width` will be removed after 2025-12-31.

For `use_container_width=True`, use `width='stretch'`. For `use_container_width=False`, use `width='content'`.
2025-09-23 15:13:46.965 Please replace `use_container_width` with `width`.

`use_container_width` will be removed after 2025-12-31.

For `use_container_width=True`, use `width='stretch'`. For `use_container_width=False`, use `width='content'`.
2025-09-23 15:14:18.133 Please replace `use_container_width` with `width`.

`use_container_width` will be removed after 2025-12-31.

For `use_container_width=True`, use `width='stretch'`. For `use_container_width=False`, use `width='content'`.
2025-09-23 15:14:49.308 Please replace `use_container_width` with `width`.

`use_container_width` will be removed after 2025-12-31.

For `use_container_width=True`, use `width='stretch'`. For `use_container_width=False`, use `width='content'`.
2025-09-23 15:15:20.684 Please replace `use_container_width` with `width`.

`use_container_width` will be removed after 2025-12-31.

For `use_container_width=True`, use `width='stretch'`. For `use_container_width=False`, use `width='content'`.
2025-09-23 15:15:51.965 Please replace `use_container_width` with `width`.

`use_container_width` will be removed after 2025-12-31.

For `use_container_width=True`, use `width='stretch'`. For `use_container_width=False`, use `width='content'`.
2025-09-23 15:16:23.166 Please replace `use_container_width` with `width`.

`use_container_width` will be removed after 2025-12-31.

For `use_container_width=True`, use `width='stretch'`. For `use_container_width=False`, use `width='content'`.
2025-09-23 15:16:54.336 Please replace `use_container_width` with `width`.

`use_container_width` will be removed after 2025-12-31.

For `use_container_width=True`, use `width='stretch'`. For `use_container_width=False`, use `width='content'`.
2025-09-23 15:17:25.510 Please replace `use_container_width` with `width`.

`use_container_width` will be removed after 2025-12-31.

For `use_container_width=True`, use `width='stretch'`. For `use_container_width=False`, use `width='content'`.
2025-09-23 15:17:56.678 Please replace `use_container_width` with `width`.

`use_container_width` will be removed after 2025-12-31.

For `use_container_width=True`, use `width='stretch'`. For `use_container_width=False`, use `width='content'`.
2025-09-23 15:18:27.988 Please replace `use_container_width` with `width`.

`use_container_width` will be removed after 2025-12-31.

For `use_container_width=True`, use `width='stretch'`. For `use_container_width=False`, use `width='content'`.
2025-09-23 15:18:59.153 Please replace `use_container_width` with `width`.

`use_container_width` will be removed after 2025-12-31.

For `use_container_width=True`, use `width='stretch'`. For `use_container_width=False`, use `width='content'`.
2025-09-23 15:19:30.477 Please replace `use_container_width` with `width`.

`use_container_width` will be removed after 2025-12-31.

For `use_container_width=True`, use `width='stretch'`. For `use_container_width=False`, use `width='content'`.
2025-09-23 15:20:01.804 Please replace `use_container_width` with `width`.

`use_container_width` will be removed after 2025-12-31.

For `use_container_width=True`, use `width='stretch'`. For `use_container_width=False`, use `width='content'`.
2025-09-23 15:20:33.068 Please replace `use_container_width` with `width`.

`use_container_width` will be removed after 2025-12-31.

For `use_container_width=True`, use `width='stretch'`. For `use_container_width=False`, use `width='content'`.
2025-09-23 15:21:04.190 Please replace `use_container_width` with `width`.

`use_container_width` will be removed after 2025-12-31.

For `use_container_width=True`, use `width='stretch'`. For `use_container_width=False`, use `width='content'`.
2025-09-23 15:21:35.395 Please replace `use_container_width` with `width`.

`use_container_width` will be removed after 2025-12-31.

For `use_container_width=True`, use `width='stretch'`. For `use_container_width=False`, use `width='content'`.
2025-09-23 15:22:06.606 Please replace `use_container_width` with `width`.

`use_container_width` will be removed after 2025-12-31.

For `use_container_width=True`, use `width='stretch'`. For `use_container_width=False`, use `width='content'`.
2025-09-23 15:22:37.898 Please replace `use_container_width` with `width`.

`use_container_width` will be removed after 2025-12-31.

For `use_container_width=True`, use `width='stretch'`. For `use_container_width=False`, use `width='content'`.
2025-09-23 15:23:09.233 Please replace `use_container_width` with `width`.

`use_container_width` will be removed after 2025-12-31.

For `use_container_width=True`, use `width='stretch'`. For `use_container_width=False`, use `width='content'`.
2025-09-23 15:23:40.554 Please replace `use_container_width` with `width`.

`use_container_width` will be removed after 2025-12-31.

For `use_container_width=True`, use `width='stretch'`. For `use_container_width=False`, use `width='content'`.
2025-09-23 15:24:11.711 Please replace `use_container_width` with `width`.

`use_container_width` will be removed after 2025-12-31.

For `use_container_width=True`, use `width='stretch'`. For `use_container_width=False`, use `width='content'`.
2025-09-23 15:24:42.959 Please replace `use_container_width` with `width`.

`use_container_width` will be removed after 2025-12-31.

For `use_container_width=True`, use `width='stretch'`. For `use_container_width=False`, use `width='content'`.
2025-09-23 15:25:14.262 Please replace `use_container_width` with `width`.

`use_container_width` will be removed after 2025-12-31.

For `use_container_width=True`, use `width='stretch'`. For `use_container_width=False`, use `width='content'`.
2025-09-23 15:25:45.479 Please replace `use_container_width` with `width`.

`use_container_width` will be removed after 2025-12-31.

For `use_container_width=True`, use `width='stretch'`. For `use_container_width=False`, use `width='content'`.
2025-09-23 15:26:16.831 Please replace `use_container_width` with `width`.

`use_container_width` will be removed after 2025-12-31.

For `use_container_width=True`, use `width='stretch'`. For `use_container_width=False`, use `width='content'`.
2025-09-23 15:26:48.055 Please replace `use_container_width` with `width`.

`use_container_width` will be removed after 2025-12-31.

For `use_container_width=True`, use `width='stretch'`. For `use_container_width=False`, use `width='content'`.
2025-09-23 15:27:19.201 Please replace `use_container_width` with `width`.

`use_container_width` will be removed after 2025-12-31.

For `use_container_width=True`, use `width='stretch'`. For `use_container_width=False`, use `width='content'`.
2025-09-23 15:27:50.349 Please replace `use_container_width` with `width`.

`use_container_width` will be removed after 2025-12-31.

For `use_container_width=True`, use `width='stretch'`. For `use_container_width=False`, use `width='content'`.
2025-09-23 15:28:21.642 Please replace `use_container_width` with `width`.

`use_container_width` will be removed after 2025-12-31.

For `use_container_width=True`, use `width='stretch'`. For `use_container_width=False`, use `width='content'`.
2025-09-23 15:28:52.779 Please replace `use_container_width` with `width`.

`use_container_width` will be removed after 2025-12-31.

For `use_container_width=True`, use `width='stretch'`. For `use_container_width=False`, use `width='content'`.
2025-09-23 15:29:24.015 Please replace `use_container_width` with `width`.

`use_container_width` will be removed after 2025-12-31.

For `use_container_width=True`, use `width='stretch'`. For `use_container_width=False`, use `width='content'`.
2025-09-23 15:29:55.225 Please replace `use_container_width` with `width`.

`use_container_width` will be removed after 2025-12-31.

For `use_container_width=True`, use `width='stretch'`. For `use_container_width=False`, use `width='content'`.
2025-09-23 15:30:26.365 Please replace `use_container_width` with `width`.

`use_container_width` will be removed after 2025-12-31.

For `use_container_width=True`, use `width='stretch'`. For `use_container_width=False`, use `width='content'`.
2025-09-23 15:30:57.506 Please replace `use_container_width` with `width`.

`use_container_width` will be removed after 2025-12-31.

For `use_container_width=True`, use `width='stretch'`. For `use_container_width=False`, use `width='content'`.
2025-09-23 15:31:28.794 Please replace `use_container_width` with `width`.

`use_container_width` will be removed after 2025-12-31.

For `use_container_width=True`, use `width='stretch'`. For `use_container_width=False`, use `width='content'`.
2025-09-23 15:31:59.951 Please replace `use_container_width` with `width`.

`use_container_width` will be removed after 2025-12-31.

For `use_container_width=True`, use `width='stretch'`. For `use_container_width=False`, use `width='content'`.
2025-09-23 15:32:31.207 Please replace `use_container_width` with `width`.

`use_container_width` will be removed after 2025-12-31.

For `use_container_width=True`, use `width='stretch'`. For `use_container_width=False`, use `width='content'`.
2025-09-23 15:33:02.383 Please replace `use_container_width` with `width`.

`use_container_width` will be removed after 2025-12-31.

For `use_container_width=True`, use `width='stretch'`. For `use_container_width=False`, use `width='content'`.
2025-09-23 15:33:33.439 Please replace `use_container_width` with `width`.

`use_container_width` will be removed after 2025-12-31.

For `use_container_width=True`, use `width='stretch'`. For `use_container_width=False`, use `width='content'`.
2025-09-23 15:34:04.588 Please replace `use_container_width` with `width`.

`use_container_width` will be removed after 2025-12-31.

For `use_container_width=True`, use `width='stretch'`. For `use_container_width=False`, use `width='content'`.
2025-09-23 15:34:35.853 Please replace `use_container_width` with `width`.

`use_container_width` will be removed after 2025-12-31.

For `use_container_width=True`, use `width='stretch'`. For `use_container_width=False`, use `width='content'`.
2025-09-23 15:35:06.951 Please replace `use_container_width` with `width`.

`use_container_width` will be removed after 2025-12-31.

For `use_container_width=True`, use `width='stretch'`. For `use_container_width=False`, use `width='content'`.
2025-09-23 15:35:38.251 Please replace `use_container_width` with `width`.

`use_container_width` will be removed after 2025-12-31.

For `use_container_width=True`, use `width='stretch'`. For `use_container_width=False`, use `width='content'`.
2025-09-23 15:36:09.418 Please replace `use_container_width` with `width`.

`use_container_width` will be removed after 2025-12-31.

For `use_container_width=True`, use `width='stretch'`. For `use_container_width=False`, use `width='content'`.
2025-09-23 15:36:40.577 Please replace `use_container_width` with `width`.

`use_container_width` will be removed after 2025-12-31.

For `use_container_width=True`, use `width='stretch'`. For `use_container_width=False`, use `width='content'`.
2025-09-23 15:37:11.769 Please replace `use_container_width` with `width`.

`use_container_width` will be removed after 2025-12-31.

For `use_container_width=True`, use `width='stretch'`. For `use_container_width=False`, use `width='content'`.
2025-09-23 15:37:42.903 Please replace `use_container_width` with `width`.

`use_container_width` will be removed after 2025-12-31.

For `use_container_width=True`, use `width='stretch'`. For `use_container_width=False`, use `width='content'`.
2025-09-23 15:38:14.159 Please replace `use_container_width` with `width`.

`use_container_width` will be removed after 2025-12-31.

For `use_container_width=True`, use `width='stretch'`. For `use_container_width=False`, use `width='content'`.
2025-09-23 15:38:45.325 Please replace `use_container_width` with `width`.

`use_container_width` will be removed after 2025-12-31.

For `use_container_width=True`, use `width='stretch'`. For `use_container_width=False`, use `width='content'`.
2025-09-23 15:39:16.630 Please replace `use_container_width` with `width`.

`use_container_width` will be removed after 2025-12-31.

For `use_container_width=True`, use `width='stretch'`. For `use_container_width=False`, use `width='content'`.
2025-09-23 15:39:47.757 Please replace `use_container_width` with `width`.

`use_container_width` will be removed after 2025-12-31.

For `use_container_width=True`, use `width='stretch'`. For `use_container_width=False`, use `width='content'`.
2025-09-23 15:40:18.898 Please replace `use_container_width` with `width`.

`use_container_width` will be removed after 2025-12-31.

For `use_container_width=True`, use `width='stretch'`. For `use_container_width=False`, use `width='content'`.
2025-09-23 15:40:50.044 Please replace `use_container_width` with `width`.

`use_container_width` will be removed after 2025-12-31.

For `use_container_width=True`, use `width='stretch'`. For `use_container_width=False`, use `width='content'`.
2025-09-23 15:41:21.358 Please replace `use_container_width` with `width`.

`use_container_width` will be removed after 2025-12-31.

For `use_container_width=True`, use `width='stretch'`. For `use_container_width=False`, use `width='content'`.
2025-09-23 15:41:52.508 Please replace `use_container_width` with `width`.

`use_container_width` will be removed after 2025-12-31.

For `use_container_width=True`, use `width='stretch'`. For `use_container_width=False`, use `width='content'`.
2025-09-23 15:42:23.788 Please replace `use_container_width` with `width`.

`use_container_width` will be removed after 2025-12-31.

For `use_container_width=True`, use `width='stretch'`. For `use_container_width=False`, use `width='content'`.
2025-09-23 15:42:54.981 Please replace `use_container_width` with `width`.

`use_container_width` will be removed after 2025-12-31.

For `use_container_width=True`, use `width='stretch'`. For `use_container_width=False`, use `width='content'`.
2025-09-23 15:43:26.169 Please replace `use_container_width` with `width`.

`use_container_width` will be removed after 2025-12-31.

For `use_container_width=True`, use `width='stretch'`. For `use_container_width=False`, use `width='content'`.
2025-09-23 15:43:57.519 Please replace `use_container_width` with `width`.

`use_container_width` will be removed after 2025-12-31.

For `use_container_width=True`, use `width='stretch'`. For `use_container_width=False`, use `width='content'`.
2025-09-23 15:44:28.881 Please replace `use_container_width` with `width`.

`use_container_width` will be removed after 2025-12-31.

For `use_container_width=True`, use `width='stretch'`. For `use_container_width=False`, use `width='content'`.
2025-09-23 15:45:00.036 Please replace `use_container_width` with `width`.

`use_container_width` will be removed after 2025-12-31.

For `use_container_width=True`, use `width='stretch'`. For `use_container_width=False`, use `width='content'`.
2025-09-23 15:45:31.269 Please replace `use_container_width` with `width`.

`use_container_width` will be removed after 2025-12-31.

For `use_container_width=True`, use `width='stretch'`. For `use_container_width=False`, use `width='content'`.
2025-09-23 15:46:02.517 Please replace `use_container_width` with `width`.

`use_container_width` will be removed after 2025-12-31.

For `use_container_width=True`, use `width='stretch'`. For `use_container_width=False`, use `width='content'`.
2025-09-23 15:46:33.818 Please replace `use_container_width` with `width`.

`use_container_width` will be removed after 2025-12-31.

For `use_container_width=True`, use `width='stretch'`. For `use_container_width=False`, use `width='content'`.
2025-09-23 15:47:05.293 Please replace `use_container_width` with `width`.

`use_container_width` will be removed after 2025-12-31.

For `use_container_width=True`, use `width='stretch'`. For `use_container_width=False`, use `width='content'`.
2025-09-23 15:47:36.451 Please replace `use_container_width` with `width`.

`use_container_width` will be removed after 2025-12-31.

For `use_container_width=True`, use `width='stretch'`. For `use_container_width=False`, use `width='content'`.
2025-09-23 15:48:07.700 Please replace `use_container_width` with `width`.

`use_container_width` will be removed after 2025-12-31.

For `use_container_width=True`, use `width='stretch'`. For `use_container_width=False`, use `width='content'`.
2025-09-23 15:48:39.149 Please replace `use_container_width` with `width`.

`use_container_width` will be removed after 2025-12-31.

For `use_container_width=True`, use `width='stretch'`. For `use_container_width=False`, use `width='content'`.
2025-09-23 15:49:10.357 Please replace `use_container_width` with `width`.

`use_container_width` will be removed after 2025-12-31.

For `use_container_width=True`, use `width='stretch'`. For `use_container_width=False`, use `width='content'`.
2025-09-23 15:49:41.581 Please replace `use_container_width` with `width`.

`use_container_width` will be removed after 2025-12-31.

For `use_container_width=True`, use `width='stretch'`. For `use_container_width=False`, use `width='content'`.
2025-09-23 15:50:12.761 Please replace `use_container_width` with `width`.

`use_container_width` will be removed after 2025-12-31.

For `use_container_width=True`, use `width='stretch'`. For `use_container_width=False`, use `width='content'`.
2025-09-23 15:50:43.983 Please replace `use_container_width` with `width`.

`use_container_width` will be removed after 2025-12-31.

For `use_container_width=True`, use `width='stretch'`. For `use_container_width=False`, use `width='content'`.
2025-09-23 15:51:15.288 Please replace `use_container_width` with `width`.

`use_container_width` will be removed after 2025-12-31.

For `use_container_width=True`, use `width='stretch'`. For `use_container_width=False`, use `width='content'`.
2025-09-23 15:51:46.519 Please replace `use_container_width` with `width`.

`use_container_width` will be removed after 2025-12-31.

For `use_container_width=True`, use `width='stretch'`. For `use_container_width=False`, use `width='content'`.
2025-09-23 15:52:17.656 Please replace `use_container_width` with `width`.

`use_container_width` will be removed after 2025-12-31.

For `use_container_width=True`, use `width='stretch'`. For `use_container_width=False`, use `width='content'`.
2025-09-23 15:52:48.762 Please replace `use_container_width` with `width`.

`use_container_width` will be removed after 2025-12-31.

For `use_container_width=True`, use `width='stretch'`. For `use_container_width=False`, use `width='content'`.
2025-09-23 15:53:19.947 Please replace `use_container_width` with `width`.

`use_container_width` will be removed after 2025-12-31.

For `use_container_width=True`, use `width='stretch'`. For `use_container_width=False`, use `width='content'`.
2025-09-23 15:53:51.095 Please replace `use_container_width` with `width`.

`use_container_width` will be removed after 2025-12-31.

For `use_container_width=True`, use `width='stretch'`. For `use_container_width=False`, use `width='content'`.
2025-09-23 15:54:22.479 Please replace `use_container_width` with `width`.

`use_container_width` will be removed after 2025-12-31.

For `use_container_width=True`, use `width='stretch'`. For `use_container_width=False`, use `width='content'`.
2025-09-23 15:54:53.692 Please replace `use_container_width` with `width`.

`use_container_width` will be removed after 2025-12-31.

For `use_container_width=True`, use `width='stretch'`. For `use_container_width=False`, use `width='content'`.
2025-09-23 15:55:24.845 Please replace `use_container_width` with `width`.

`use_container_width` will be removed after 2025-12-31.

For `use_container_width=True`, use `width='stretch'`. For `use_container_width=False`, use `width='content'`.
2025-09-23 15:55:56.006 Please replace `use_container_width` with `width`.

`use_container_width` will be removed after 2025-12-31.

For `use_container_width=True`, use `width='stretch'`. For `use_container_width=False`, use `width='content'`.
2025-09-23 15:56:27.319 Please replace `use_container_width` with `width`.

`use_container_width` will be removed after 2025-12-31.

For `use_container_width=True`, use `width='stretch'`. For `use_container_width=False`, use `width='content'`.
2025-09-23 15:56:58.517 Please replace `use_container_width` with `width`.

`use_container_width` will be removed after 2025-12-31.

For `use_container_width=True`, use `width='stretch'`. For `use_container_width=False`, use `width='content'`.
2025-09-23 15:57:29.705 Please replace `use_container_width` with `width`.

`use_container_width` will be removed after 2025-12-31.

For `use_container_width=True`, use `width='stretch'`. For `use_container_width=False`, use `width='content'`.
2025-09-23 15:58:00.889 Please replace `use_container_width` with `width`.

`use_container_width` will be removed after 2025-12-31.

For `use_container_width=True`, use `width='stretch'`. For `use_container_width=False`, use `width='content'`.
2025-09-23 15:58:31.993 Please replace `use_container_width` with `width`.

`use_container_width` will be removed after 2025-12-31.

For `use_container_width=True`, use `width='stretch'`. For `use_container_width=False`, use `width='content'`.
2025-09-23 15:59:03.299 Please replace `use_container_width` with `width`.

`use_container_width` will be removed after 2025-12-31.

For `use_container_width=True`, use `width='stretch'`. For `use_container_width=False`, use `width='content'`.
2025-09-23 15:59:34.664 Please replace `use_container_width` with `width`.

`use_container_width` will be removed after 2025-12-31.

For `use_container_width=True`, use `width='stretch'`. For `use_container_width=False`, use `width='content'`.
2025-09-23 16:00:05.825 Please replace `use_container_width` with `width`.

`use_container_width` will be removed after 2025-12-31.

For `use_container_width=True`, use `width='stretch'`. For `use_container_width=False`, use `width='content'`.
2025-09-23 16:00:37.044 Please replace `use_container_width` with `width`.

`use_container_width` will be removed after 2025-12-31.

For `use_container_width=True`, use `width='stretch'`. For `use_container_width=False`, use `width='content'`.
2025-09-23 16:01:08.285 Please replace `use_container_width` with `width`.

`use_container_width` will be removed after 2025-12-31.

For `use_container_width=True`, use `width='stretch'`. For `use_container_width=False`, use `width='content'`.
2025-09-23 16:01:39.522 Please replace `use_container_width` with `width`.

`use_container_width` will be removed after 2025-12-31.

For `use_container_width=True`, use `width='stretch'`. For `use_container_width=False`, use `width='content'`.
2025-09-23 16:02:10.787 Please replace `use_container_width` with `width`.

`use_container_width` will be removed after 2025-12-31.

For `use_container_width=True`, use `width='stretch'`. For `use_container_width=False`, use `width='content'`.
2025-09-23 16:02:42.001 Please replace `use_container_width` with `width`.

`use_container_width` will be removed after 2025-12-31.

For `use_container_width=True`, use `width='stretch'`. For `use_container_width=False`, use `width='content'`.
2025-09-23 16:03:13.224 Please replace `use_container_width` with `width`.

`use_container_width` will be removed after 2025-12-31.

For `use_container_width=True`, use `width='stretch'`. For `use_container_width=False`, use `width='content'`.
2025-09-23 16:03:44.571 Please replace `use_container_width` with `width`.

`use_container_width` will be removed after 2025-12-31.

For `use_container_width=True`, use `width='stretch'`. For `use_container_width=False`, use `width='content'`.
2025-09-23 16:04:15.815 Please replace `use_container_width` with `width`.

`use_container_width` will be removed after 2025-12-31.

For `use_container_width=True`, use `width='stretch'`. For `use_container_width=False`, use `width='content'`.
2025-09-23 16:04:47.106 Please replace `use_container_width` with `width`.

`use_container_width` will be removed after 2025-12-31.

For `use_container_width=True`, use `width='stretch'`. For `use_container_width=False`, use `width='content'`.
2025-09-23 16:05:18.366 Please replace `use_container_width` with `width`.

`use_container_width` will be removed after 2025-12-31.

For `use_container_width=True`, use `width='stretch'`. For `use_container_width=False`, use `width='content'`.
2025-09-23 16:05:49.757 Please replace `use_container_width` with `width`.

`use_container_width` will be removed after 2025-12-31.

For `use_container_width=True`, use `width='stretch'`. For `use_container_width=False`, use `width='content'`.
2025-09-23 16:06:20.946 Please replace `use_container_width` with `width`.

`use_container_width` will be removed after 2025-12-31.

For `use_container_width=True`, use `width='stretch'`. For `use_container_width=False`, use `width='content'`.
2025-09-23 16:06:52.076 Please replace `use_container_width` with `width`.

`use_container_width` will be removed after 2025-12-31.

For `use_container_width=True`, use `width='stretch'`. For `use_container_width=False`, use `width='content'`.
2025-09-23 16:07:23.349 Please replace `use_container_width` with `width`.

`use_container_width` will be removed after 2025-12-31.

For `use_container_width=True`, use `width='stretch'`. For `use_container_width=False`, use `width='content'`.
2025-09-23 16:07:54.495 Please replace `use_container_width` with `width`.

`use_container_width` will be removed after 2025-12-31.

For `use_container_width=True`, use `width='stretch'`. For `use_container_width=False`, use `width='content'`.
2025-09-23 16:08:25.666 Please replace `use_container_width` with `width`.

`use_container_width` will be removed after 2025-12-31.

For `use_container_width=True`, use `width='stretch'`. For `use_container_width=False`, use `width='content'`.
2025-09-23 16:08:56.953 Please replace `use_container_width` with `width`.

`use_container_width` will be removed after 2025-12-31.

For `use_container_width=True`, use `width='stretch'`. For `use_container_width=False`, use `width='content'`.
2025-09-23 16:09:28.248 Please replace `use_container_width` with `width`.

`use_container_width` will be removed after 2025-12-31.

For `use_container_width=True`, use `width='stretch'`. For `use_container_width=False`, use `width='content'`.
2025-09-23 16:09:59.541 Please replace `use_container_width` with `width`.

`use_container_width` will be removed after 2025-12-31.

For `use_container_width=True`, use `width='stretch'`. For `use_container_width=False`, use `width='content'`.
2025-09-23 16:10:30.827 Please replace `use_container_width` with `width`.

`use_container_width` will be removed after 2025-12-31.

For `use_container_width=True`, use `width='stretch'`. For `use_container_width=False`, use `width='content'`.
2025-09-23 16:11:02.288 Please replace `use_container_width` with `width`.

`use_container_width` will be removed after 2025-12-31.

For `use_container_width=True`, use `width='stretch'`. For `use_container_width=False`, use `width='content'`.
2025-09-23 16:11:33.599 Please replace `use_container_width` with `width`.

`use_container_width` will be removed after 2025-12-31.

For `use_container_width=True`, use `width='stretch'`. For `use_container_width=False`, use `width='content'`.
2025-09-23 16:12:04.769 Please replace `use_container_width` with `width`.

`use_container_width` will be removed after 2025-12-31.

For `use_container_width=True`, use `width='stretch'`. For `use_container_width=False`, use `width='content'`.
2025-09-23 16:12:36.199 Please replace `use_container_width` with `width`.

`use_container_width` will be removed after 2025-12-31.

For `use_container_width=True`, use `width='stretch'`. For `use_container_width=False`, use `width='content'`.
2025-09-23 16:13:07.916 Please replace `use_container_width` with `width`.

`use_container_width` will be removed after 2025-12-31.

For `use_container_width=True`, use `width='stretch'`. For `use_container_width=False`, use `width='content'`.
2025-09-23 16:13:39.301 Please replace `use_container_width` with `width`.

`use_container_width` will be removed after 2025-12-31.

For `use_container_width=True`, use `width='stretch'`. For `use_container_width=False`, use `width='content'`.
2025-09-23 16:14:10.790 Please replace `use_container_width` with `width`.

`use_container_width` will be removed after 2025-12-31.

For `use_container_width=True`, use `width='stretch'`. For `use_container_width=False`, use `width='content'`.
2025-09-23 16:14:42.163 Please replace `use_container_width` with `width`.

`use_container_width` will be removed after 2025-12-31.

For `use_container_width=True`, use `width='stretch'`. For `use_container_width=False`, use `width='content'`.
2025-09-23 16:15:13.701 Please replace `use_container_width` with `width`.

`use_container_width` will be removed after 2025-12-31.

For `use_container_width=True`, use `width='stretch'`. For `use_container_width=False`, use `width='content'`.
2025-09-23 16:15:44.865 Please replace `use_container_width` with `width`.

`use_container_width` will be removed after 2025-12-31.

For `use_container_width=True`, use `width='stretch'`. For `use_container_width=False`, use `width='content'`.
2025-09-23 16:16:16.074 Please replace `use_container_width` with `width`.

`use_container_width` will be removed after 2025-12-31.

For `use_container_width=True`, use `width='stretch'`. For `use_container_width=False`, use `width='content'`.
2025-09-23 16:16:47.404 Please replace `use_container_width` with `width`.

`use_container_width` will be removed after 2025-12-31.

For `use_container_width=True`, use `width='stretch'`. For `use_container_width=False`, use `width='content'`.
2025-09-23 16:17:18.821 Please replace `use_container_width` with `width`.

`use_container_width` will be removed after 2025-12-31.

For `use_container_width=True`, use `width='stretch'`. For `use_container_width=False`, use `width='content'`.
2025-09-23 16:17:50.299 Please replace `use_container_width` with `width`.

`use_container_width` will be removed after 2025-12-31.

For `use_container_width=True`, use `width='stretch'`. For `use_container_width=False`, use `width='content'`.
2025-09-23 16:18:21.672 Please replace `use_container_width` with `width`.

`use_container_width` will be removed after 2025-12-31.

For `use_container_width=True`, use `width='stretch'`. For `use_container_width=False`, use `width='content'`.
2025-09-23 16:18:53.187 Please replace `use_container_width` with `width`.

`use_container_width` will be removed after 2025-12-31.

For `use_container_width=True`, use `width='stretch'`. For `use_container_width=False`, use `width='content'`.
2025-09-23 16:19:24.551 Please replace `use_container_width` with `width`.

`use_container_width` will be removed after 2025-12-31.

For `use_container_width=True`, use `width='stretch'`. For `use_container_width=False`, use `width='content'`.
2025-09-23 16:19:56.004 Please replace `use_container_width` with `width`.

`use_container_width` will be removed after 2025-12-31.

For `use_container_width=True`, use `width='stretch'`. For `use_container_width=False`, use `width='content'`.
2025-09-23 16:20:27.296 Please replace `use_container_width` with `width`.

`use_container_width` will be removed after 2025-12-31.

For `use_container_width=True`, use `width='stretch'`. For `use_container_width=False`, use `width='content'`.
2025-09-23 16:20:58.635 Please replace `use_container_width` with `width`.

`use_container_width` will be removed after 2025-12-31.

For `use_container_width=True`, use `width='stretch'`. For `use_container_width=False`, use `width='content'`.
2025-09-23 16:21:30.170 Please replace `use_container_width` with `width`.

`use_container_width` will be removed after 2025-12-31.

For `use_container_width=True`, use `width='stretch'`. For `use_container_width=False`, use `width='content'`.
2025-09-23 16:22:01.485 Please replace `use_container_width` with `width`.

`use_container_width` will be removed after 2025-12-31.

For `use_container_width=True`, use `width='stretch'`. For `use_container_width=False`, use `width='content'`.
2025-09-23 16:22:33.057 Please replace `use_container_width` with `width`.

`use_container_width` will be removed after 2025-12-31.

For `use_container_width=True`, use `width='stretch'`. For `use_container_width=False`, use `width='content'`.
2025-09-23 16:23:04.779 Please replace `use_container_width` with `width`.

`use_container_width` will be removed after 2025-12-31.

For `use_container_width=True`, use `width='stretch'`. For `use_container_width=False`, use `width='content'`.
2025-09-23 16:23:36.429 Please replace `use_container_width` with `width`.

`use_container_width` will be removed after 2025-12-31.

For `use_container_width=True`, use `width='stretch'`. For `use_container_width=False`, use `width='content'`.
2025-09-23 16:24:08.057 Please replace `use_container_width` with `width`.

`use_container_width` will be removed after 2025-12-31.

For `use_container_width=True`, use `width='stretch'`. For `use_container_width=False`, use `width='content'`.
2025-09-23 16:24:39.335 Please replace `use_container_width` with `width`.

`use_container_width` will be removed after 2025-12-31.

For `use_container_width=True`, use `width='stretch'`. For `use_container_width=False`, use `width='content'`.
2025-09-23 16:25:11.249 Please replace `use_container_width` with `width`.

`use_container_width` will be removed after 2025-12-31.

For `use_container_width=True`, use `width='stretch'`. For `use_container_width=False`, use `width='content'`.
2025-09-23 16:25:42.692 Please replace `use_container_width` with `width`.

`use_container_width` will be removed after 2025-12-31.

For `use_container_width=True`, use `width='stretch'`. For `use_container_width=False`, use `width='content'`.
2025-09-23 16:26:14.459 Please replace `use_container_width` with `width`.

`use_container_width` will be removed after 2025-12-31.

For `use_container_width=True`, use `width='stretch'`. For `use_container_width=False`, use `width='content'`.
2025-09-23 16:26:46.174 Please replace `use_container_width` with `width`.

`use_container_width` will be removed after 2025-12-31.

For `use_container_width=True`, use `width='stretch'`. For `use_container_width=False`, use `width='content'`.
2025-09-23 16:27:17.502 Please replace `use_container_width` with `width`.

`use_container_width` will be removed after 2025-12-31.

For `use_container_width=True`, use `width='stretch'`. For `use_container_width=False`, use `width='content'`.
2025-09-23 16:27:48.858 Please replace `use_container_width` with `width`.

`use_container_width` will be removed after 2025-12-31.

For `use_container_width=True`, use `width='stretch'`. For `use_container_width=False`, use `width='content'`.
2025-09-23 16:28:20.091 Please replace `use_container_width` with `width`.

`use_container_width` will be removed after 2025-12-31.

For `use_container_width=True`, use `width='stretch'`. For `use_container_width=False`, use `width='content'`.
2025-09-23 16:28:51.354 Please replace `use_container_width` with `width`.

`use_container_width` will be removed after 2025-12-31.

For `use_container_width=True`, use `width='stretch'`. For `use_container_width=False`, use `width='content'`.
2025-09-23 16:29:22.780 Please replace `use_container_width` with `width`.

`use_container_width` will be removed after 2025-12-31.

For `use_container_width=True`, use `width='stretch'`. For `use_container_width=False`, use `width='content'`.
2025-09-23 16:29:54.392 Please replace `use_container_width` with `width`.

`use_container_width` will be removed after 2025-12-31.

For `use_container_width=True`, use `width='stretch'`. For `use_container_width=False`, use `width='content'`.
2025-09-23 16:30:25.791 Please replace `use_container_width` with `width`.

`use_container_width` will be removed after 2025-12-31.

For `use_container_width=True`, use `width='stretch'`. For `use_container_width=False`, use `width='content'`.
2025-09-23 16:30:57.071 Please replace `use_container_width` with `width`.

`use_container_width` will be removed after 2025-12-31.

For `use_container_width=True`, use `width='stretch'`. For `use_container_width=False`, use `width='content'`.
2025-09-23 16:31:28.676 Please replace `use_container_width` with `width`.

`use_container_width` will be removed after 2025-12-31.

For `use_container_width=True`, use `width='stretch'`. For `use_container_width=False`, use `width='content'`.
2025-09-23 16:32:00.103 Please replace `use_container_width` with `width`.

`use_container_width` will be removed after 2025-12-31.

For `use_container_width=True`, use `width='stretch'`. For `use_container_width=False`, use `width='content'`.
2025-09-23 16:32:31.651 Please replace `use_container_width` with `width`.

`use_container_width` will be removed after 2025-12-31.

For `use_container_width=True`, use `width='stretch'`. For `use_container_width=False`, use `width='content'`.
2025-09-23 16:33:03.098 Please replace `use_container_width` with `width`.

`use_container_width` will be removed after 2025-12-31.

For `use_container_width=True`, use `width='stretch'`. For `use_container_width=False`, use `width='content'`.
2025-09-23 16:33:34.517 Please replace `use_container_width` with `width`.

`use_container_width` will be removed after 2025-12-31.

For `use_container_width=True`, use `width='stretch'`. For `use_container_width=False`, use `width='content'`.
2025-09-23 16:34:05.806 Please replace `use_container_width` with `width`.

`use_container_width` will be removed after 2025-12-31.

For `use_container_width=True`, use `width='stretch'`. For `use_container_width=False`, use `width='content'`.
2025-09-23 16:34:37.035 Please replace `use_container_width` with `width`.

`use_container_width` will be removed after 2025-12-31.

For `use_container_width=True`, use `width='stretch'`. For `use_container_width=False`, use `width='content'`.
2025-09-23 16:35:08.436 Please replace `use_container_width` with `width`.

`use_container_width` will be removed after 2025-12-31.

For `use_container_width=True`, use `width='stretch'`. For `use_container_width=False`, use `width='content'`.
2025-09-23 16:35:39.979 Please replace `use_container_width` with `width`.

`use_container_width` will be removed after 2025-12-31.

For `use_container_width=True`, use `width='stretch'`. For `use_container_width=False`, use `width='content'`.
2025-09-23 16:36:11.453 Please replace `use_container_width` with `width`.

`use_container_width` will be removed after 2025-12-31.

For `use_container_width=True`, use `width='stretch'`. For `use_container_width=False`, use `width='content'`.
2025-09-23 16:36:42.636 Please replace `use_container_width` with `width`.

`use_container_width` will be removed after 2025-12-31.

For `use_container_width=True`, use `width='stretch'`. For `use_container_width=False`, use `width='content'`.
2025-09-23 16:37:14.058 Please replace `use_container_width` with `width`.

`use_container_width` will be removed after 2025-12-31.

For `use_container_width=True`, use `width='stretch'`. For `use_container_width=False`, use `width='content'`.
2025-09-23 16:37:45.560 Please replace `use_container_width` with `width`.

`use_container_width` will be removed after 2025-12-31.

For `use_container_width=True`, use `width='stretch'`. For `use_container_width=False`, use `width='content'`.
2025-09-23 16:38:16.946 Please replace `use_container_width` with `width`.

`use_container_width` will be removed after 2025-12-31.

For `use_container_width=True`, use `width='stretch'`. For `use_container_width=False`, use `width='content'`.
2025-09-23 16:38:48.234 Please replace `use_container_width` with `width`.

`use_container_width` will be removed after 2025-12-31.

For `use_container_width=True`, use `width='stretch'`. For `use_container_width=False`, use `width='content'`.
2025-09-23 16:39:19.358 Please replace `use_container_width` with `width`.

`use_container_width` will be removed after 2025-12-31.

For `use_container_width=True`, use `width='stretch'`. For `use_container_width=False`, use `width='content'`.
2025-09-23 16:39:50.587 Please replace `use_container_width` with `width`.

`use_container_width` will be removed after 2025-12-31.

For `use_container_width=True`, use `width='stretch'`. For `use_container_width=False`, use `width='content'`.
2025-09-23 16:40:22.144 Please replace `use_container_width` with `width`.

`use_container_width` will be removed after 2025-12-31.

For `use_container_width=True`, use `width='stretch'`. For `use_container_width=False`, use `width='content'`.
2025-09-23 16:40:53.674 Please replace `use_container_width` with `width`.

`use_container_width` will be removed after 2025-12-31.

For `use_container_width=True`, use `width='stretch'`. For `use_container_width=False`, use `width='content'`.
2025-09-23 16:41:25.108 Please replace `use_container_width` with `width`.

`use_container_width` will be removed after 2025-12-31.

For `use_container_width=True`, use `width='stretch'`. For `use_container_width=False`, use `width='content'`.
2025-09-23 16:41:56.465 Please replace `use_container_width` with `width`.

`use_container_width` will be removed after 2025-12-31.

For `use_container_width=True`, use `width='stretch'`. For `use_container_width=False`, use `width='content'`.
2025-09-23 16:42:28.216 Please replace `use_container_width` with `width`.

`use_container_width` will be removed after 2025-12-31.

For `use_container_width=True`, use `width='stretch'`. For `use_container_width=False`, use `width='content'`.
2025-09-23 16:42:59.385 Please replace `use_container_width` with `width`.

`use_container_width` will be removed after 2025-12-31.

For `use_container_width=True`, use `width='stretch'`. For `use_container_width=False`, use `width='content'`.
2025-09-23 16:43:30.779 Please replace `use_container_width` with `width`.

`use_container_width` will be removed after 2025-12-31.

For `use_container_width=True`, use `width='stretch'`. For `use_container_width=False`, use `width='content'`.
2025-09-23 16:44:02.259 Please replace `use_container_width` with `width`.

`use_container_width` will be removed after 2025-12-31.

For `use_container_width=True`, use `width='stretch'`. For `use_container_width=False`, use `width='content'`.
2025-09-23 16:44:33.742 Please replace `use_container_width` with `width`.

`use_container_width` will be removed after 2025-12-31.

For `use_container_width=True`, use `width='stretch'`. For `use_container_width=False`, use `width='content'`.
2025-09-23 16:45:05.148 Please replace `use_container_width` with `width`.

`use_container_width` will be removed after 2025-12-31.

For `use_container_width=True`, use `width='stretch'`. For `use_container_width=False`, use `width='content'`.
2025-09-23 16:45:36.444 Please replace `use_container_width` with `width`.

`use_container_width` will be removed after 2025-12-31.

For `use_container_width=True`, use `width='stretch'`. For `use_container_width=False`, use `width='content'`.
2025-09-23 16:46:07.638 Please replace `use_container_width` with `width`.

`use_container_width` will be removed after 2025-12-31.

For `use_container_width=True`, use `width='stretch'`. For `use_container_width=False`, use `width='content'`.
2025-09-23 16:46:39.032 Please replace `use_container_width` with `width`.

`use_container_width` will be removed after 2025-12-31.

For `use_container_width=True`, use `width='stretch'`. For `use_container_width=False`, use `width='content'`.
2025-09-23 16:47:10.493 Please replace `use_container_width` with `width`.

`use_container_width` will be removed after 2025-12-31.

For `use_container_width=True`, use `width='stretch'`. For `use_container_width=False`, use `width='content'`.
2025-09-23 16:47:42.142 Please replace `use_container_width` with `width`.

`use_container_width` will be removed after 2025-12-31.

For `use_container_width=True`, use `width='stretch'`. For `use_container_width=False`, use `width='content'`.
2025-09-23 16:48:13.378 Please replace `use_container_width` with `width`.

`use_container_width` will be removed after 2025-12-31.

For `use_container_width=True`, use `width='stretch'`. For `use_container_width=False`, use `width='content'`.
2025-09-23 16:48:44.655 Please replace `use_container_width` with `width`.

`use_container_width` will be removed after 2025-12-31.

For `use_container_width=True`, use `width='stretch'`. For `use_container_width=False`, use `width='content'`.
2025-09-23 16:49:16.081 Please replace `use_container_width` with `width`.

`use_container_width` will be removed after 2025-12-31.

For `use_container_width=True`, use `width='stretch'`. For `use_container_width=False`, use `width='content'`.
2025-09-23 16:49:47.880 Please replace `use_container_width` with `width`.

`use_container_width` will be removed after 2025-12-31.

For `use_container_width=True`, use `width='stretch'`. For `use_container_width=False`, use `width='content'`.
2025-09-23 16:50:19.172 Please replace `use_container_width` with `width`.

`use_container_width` will be removed after 2025-12-31.

For `use_container_width=True`, use `width='stretch'`. For `use_container_width=False`, use `width='content'`.
2025-09-23 16:50:50.459 Please replace `use_container_width` with `width`.

`use_container_width` will be removed after 2025-12-31.

For `use_container_width=True`, use `width='stretch'`. For `use_container_width=False`, use `width='content'`.
2025-09-23 16:51:21.863 Please replace `use_container_width` with `width`.

`use_container_width` will be removed after 2025-12-31.

For `use_container_width=True`, use `width='stretch'`. For `use_container_width=False`, use `width='content'`.
2025-09-23 16:51:53.277 Please replace `use_container_width` with `width`.

`use_container_width` will be removed after 2025-12-31.

For `use_container_width=True`, use `width='stretch'`. For `use_container_width=False`, use `width='content'`.
2025-09-23 16:52:24.661 Please replace `use_container_width` with `width`.

`use_container_width` will be removed after 2025-12-31.

For `use_container_width=True`, use `width='stretch'`. For `use_container_width=False`, use `width='content'`.
2025-09-23 16:52:56.071 Please replace `use_container_width` with `width`.

`use_container_width` will be removed after 2025-12-31.

For `use_container_width=True`, use `width='stretch'`. For `use_container_width=False`, use `width='content'`.
2025-09-23 16:53:27.976 Please replace `use_container_width` with `width`.

`use_container_width` will be removed after 2025-12-31.

For `use_container_width=True`, use `width='stretch'`. For `use_container_width=False`, use `width='content'`.
2025-09-23 16:53:59.289 Please replace `use_container_width` with `width`.

`use_container_width` will be removed after 2025-12-31.

For `use_container_width=True`, use `width='stretch'`. For `use_container_width=False`, use `width='content'`.
2025-09-23 16:54:30.608 Please replace `use_container_width` with `width`.

`use_container_width` will be removed after 2025-12-31.

For `use_container_width=True`, use `width='stretch'`. For `use_container_width=False`, use `width='content'`.
2025-09-23 16:55:02.561 Please replace `use_container_width` with `width`.

`use_container_width` will be removed after 2025-12-31.

For `use_container_width=True`, use `width='stretch'`. For `use_container_width=False`, use `width='content'`.
2025-09-23 16:55:33.919 Please replace `use_container_width` with `width`.

`use_container_width` will be removed after 2025-12-31.

For `use_container_width=True`, use `width='stretch'`. For `use_container_width=False`, use `width='content'`.
2025-09-23 16:56:05.547 Please replace `use_container_width` with `width`.

`use_container_width` will be removed after 2025-12-31.

For `use_container_width=True`, use `width='stretch'`. For `use_container_width=False`, use `width='content'`.
2025-09-23 16:56:37.115 Please replace `use_container_width` with `width`.

`use_container_width` will be removed after 2025-12-31.

For `use_container_width=True`, use `width='stretch'`. For `use_container_width=False`, use `width='content'`.
2025-09-23 16:57:08.405 Please replace `use_container_width` with `width`.

`use_container_width` will be removed after 2025-12-31.

For `use_container_width=True`, use `width='stretch'`. For `use_container_width=False`, use `width='content'`.
2025-09-23 16:57:39.703 Please replace `use_container_width` with `width`.

`use_container_width` will be removed after 2025-12-31.

For `use_container_width=True`, use `width='stretch'`. For `use_container_width=False`, use `width='content'`.
2025-09-23 16:58:11.075 Please replace `use_container_width` with `width`.

`use_container_width` will be removed after 2025-12-31.

For `use_container_width=True`, use `width='stretch'`. For `use_container_width=False`, use `width='content'`.
2025-09-23 16:58:42.681 Please replace `use_container_width` with `width`.

`use_container_width` will be removed after 2025-12-31.

For `use_container_width=True`, use `width='stretch'`. For `use_container_width=False`, use `width='content'`.
2025-09-23 16:59:13.956 Please replace `use_container_width` with `width`.

`use_container_width` will be removed after 2025-12-31.

For `use_container_width=True`, use `width='stretch'`. For `use_container_width=False`, use `width='content'`.
2025-09-23 16:59:45.201 Please replace `use_container_width` with `width`.

`use_container_width` will be removed after 2025-12-31.

For `use_container_width=True`, use `width='stretch'`. For `use_container_width=False`, use `width='content'`.
2025-09-23 17:00:16.369 Please replace `use_container_width` with `width`.

`use_container_width` will be removed after 2025-12-31.

For `use_container_width=True`, use `width='stretch'`. For `use_container_width=False`, use `width='content'`.
2025-09-23 17:00:48.041 Please replace `use_container_width` with `width`.

`use_container_width` will be removed after 2025-12-31.

For `use_container_width=True`, use `width='stretch'`. For `use_container_width=False`, use `width='content'`.
2025-09-23 17:01:19.399 Please replace `use_container_width` with `width`.

`use_container_width` will be removed after 2025-12-31.

For `use_container_width=True`, use `width='stretch'`. For `use_container_width=False`, use `width='content'`.
2025-09-23 17:01:50.811 Please replace `use_container_width` with `width`.

`use_container_width` will be removed after 2025-12-31.

For `use_container_width=True`, use `width='stretch'`. For `use_container_width=False`, use `width='content'`.
2025-09-23 17:02:22.212 Please replace `use_container_width` with `width`.

`use_container_width` will be removed after 2025-12-31.

For `use_container_width=True`, use `width='stretch'`. For `use_container_width=False`, use `width='content'`.
2025-09-23 17:02:53.943 Please replace `use_container_width` with `width`.

`use_container_width` will be removed after 2025-12-31.

For `use_container_width=True`, use `width='stretch'`. For `use_container_width=False`, use `width='content'`.
2025-09-23 17:03:25.378 Please replace `use_container_width` with `width`.

`use_container_width` will be removed after 2025-12-31.

For `use_container_width=True`, use `width='stretch'`. For `use_container_width=False`, use `width='content'`.
2025-09-23 17:03:56.666 Please replace `use_container_width` with `width`.

`use_container_width` will be removed after 2025-12-31.

For `use_container_width=True`, use `width='stretch'`. For `use_container_width=False`, use `width='content'`.
2025-09-23 17:04:28.202 Please replace `use_container_width` with `width`.

`use_container_width` will be removed after 2025-12-31.

For `use_container_width=True`, use `width='stretch'`. For `use_container_width=False`, use `width='content'`.
2025-09-23 17:04:59.704 Please replace `use_container_width` with `width`.

`use_container_width` will be removed after 2025-12-31.

For `use_container_width=True`, use `width='stretch'`. For `use_container_width=False`, use `width='content'`.
2025-09-23 17:05:31.084 Please replace `use_container_width` with `width`.

`use_container_width` will be removed after 2025-12-31.

For `use_container_width=True`, use `width='stretch'`. For `use_container_width=False`, use `width='content'`.
2025-09-23 17:06:02.390 Please replace `use_container_width` with `width`.

`use_container_width` will be removed after 2025-12-31.

For `use_container_width=True`, use `width='stretch'`. For `use_container_width=False`, use `width='content'`.
2025-09-23 17:06:33.867 Please replace `use_container_width` with `width`.

`use_container_width` will be removed after 2025-12-31.

For `use_container_width=True`, use `width='stretch'`. For `use_container_width=False`, use `width='content'`.
2025-09-23 17:07:05.439 Please replace `use_container_width` with `width`.

`use_container_width` will be removed after 2025-12-31.

For `use_container_width=True`, use `width='stretch'`. For `use_container_width=False`, use `width='content'`.
2025-09-23 17:07:36.810 Please replace `use_container_width` with `width`.

`use_container_width` will be removed after 2025-12-31.

For `use_container_width=True`, use `width='stretch'`. For `use_container_width=False`, use `width='content'`.
2025-09-23 17:08:08.291 Please replace `use_container_width` with `width`.

`use_container_width` will be removed after 2025-12-31.

For `use_container_width=True`, use `width='stretch'`. For `use_container_width=False`, use `width='content'`.
2025-09-23 17:08:39.705 Please replace `use_container_width` with `width`.

`use_container_width` will be removed after 2025-12-31.

For `use_container_width=True`, use `width='stretch'`. For `use_container_width=False`, use `width='content'`.
2025-09-23 17:09:11.077 Please replace `use_container_width` with `width`.

`use_container_width` will be removed after 2025-12-31.

For `use_container_width=True`, use `width='stretch'`. For `use_container_width=False`, use `width='content'`.
2025-09-23 17:09:42.409 Please replace `use_container_width` with `width`.

`use_container_width` will be removed after 2025-12-31.

For `use_container_width=True`, use `width='stretch'`. For `use_container_width=False`, use `width='content'`.
2025-09-23 17:10:13.646 Please replace `use_container_width` with `width`.

`use_container_width` will be removed after 2025-12-31.

For `use_container_width=True`, use `width='stretch'`. For `use_container_width=False`, use `width='content'`.
2025-09-23 17:10:45.309 Please replace `use_container_width` with `width`.

`use_container_width` will be removed after 2025-12-31.

For `use_container_width=True`, use `width='stretch'`. For `use_container_width=False`, use `width='content'`.
2025-09-23 17:11:16.625 Please replace `use_container_width` with `width`.

`use_container_width` will be removed after 2025-12-31.

For `use_container_width=True`, use `width='stretch'`. For `use_container_width=False`, use `width='content'`.
2025-09-23 17:11:47.999 Please replace `use_container_width` with `width`.

`use_container_width` will be removed after 2025-12-31.

For `use_container_width=True`, use `width='stretch'`. For `use_container_width=False`, use `width='content'`.
2025-09-23 17:12:19.321 Please replace `use_container_width` with `width`.

`use_container_width` will be removed after 2025-12-31.

For `use_container_width=True`, use `width='stretch'`. For `use_container_width=False`, use `width='content'`.
2025-09-23 17:12:51.189 Please replace `use_container_width` with `width`.

`use_container_width` will be removed after 2025-12-31.

For `use_container_width=True`, use `width='stretch'`. For `use_container_width=False`, use `width='content'`.
2025-09-23 17:13:22.676 Please replace `use_container_width` with `width`.

`use_container_width` will be removed after 2025-12-31.

For `use_container_width=True`, use `width='stretch'`. For `use_container_width=False`, use `width='content'`.
2025-09-23 17:13:54.188 Please replace `use_container_width` with `width`.

`use_container_width` will be removed after 2025-12-31.

For `use_container_width=True`, use `width='stretch'`. For `use_container_width=False`, use `width='content'`.
2025-09-23 17:14:25.720 Please replace `use_container_width` with `width`.

`use_container_width` will be removed after 2025-12-31.

For `use_container_width=True`, use `width='stretch'`. For `use_container_width=False`, use `width='content'`.
2025-09-23 17:14:57.248 Please replace `use_container_width` with `width`.

`use_container_width` will be removed after 2025-12-31.

For `use_container_width=True`, use `width='stretch'`. For `use_container_width=False`, use `width='content'`.
2025-09-23 17:15:29.215 Please replace `use_container_width` with `width`.

`use_container_width` will be removed after 2025-12-31.

For `use_container_width=True`, use `width='stretch'`. For `use_container_width=False`, use `width='content'`.
2025-09-23 17:16:00.742 Please replace `use_container_width` with `width`.

`use_container_width` will be removed after 2025-12-31.

For `use_container_width=True`, use `width='stretch'`. For `use_container_width=False`, use `width='content'`.
2025-09-23 17:16:32.601 Please replace `use_container_width` with `width`.

`use_container_width` will be removed after 2025-12-31.

For `use_container_width=True`, use `width='stretch'`. For `use_container_width=False`, use `width='content'`.
2025-09-23 17:17:04.026 Please replace `use_container_width` with `width`.

`use_container_width` will be removed after 2025-12-31.

For `use_container_width=True`, use `width='stretch'`. For `use_container_width=False`, use `width='content'`.
2025-09-23 17:17:35.293 Please replace `use_container_width` with `width`.

`use_container_width` will be removed after 2025-12-31.

For `use_container_width=True`, use `width='stretch'`. For `use_container_width=False`, use `width='content'`.
2025-09-23 17:18:06.976 Please replace `use_container_width` with `width`.

`use_container_width` will be removed after 2025-12-31.

For `use_container_width=True`, use `width='stretch'`. For `use_container_width=False`, use `width='content'`.
2025-09-23 17:18:38.381 Please replace `use_container_width` with `width`.

`use_container_width` will be removed after 2025-12-31.

For `use_container_width=True`, use `width='stretch'`. For `use_container_width=False`, use `width='content'`.
2025-09-23 17:19:10.185 Please replace `use_container_width` with `width`.

`use_container_width` will be removed after 2025-12-31.

For `use_container_width=True`, use `width='stretch'`. For `use_container_width=False`, use `width='content'`.
2025-09-23 17:19:41.379 Please replace `use_container_width` with `width`.

`use_container_width` will be removed after 2025-12-31.

For `use_container_width=True`, use `width='stretch'`. For `use_container_width=False`, use `width='content'`.
2025-09-23 17:20:12.758 Please replace `use_container_width` with `width`.

`use_container_width` will be removed after 2025-12-31.

For `use_container_width=True`, use `width='stretch'`. For `use_container_width=False`, use `width='content'`.
2025-09-23 17:20:44.353 Please replace `use_container_width` with `width`.

`use_container_width` will be removed after 2025-12-31.

For `use_container_width=True`, use `width='stretch'`. For `use_container_width=False`, use `width='content'`.
2025-09-23 17:21:15.789 Please replace `use_container_width` with `width`.

`use_container_width` will be removed after 2025-12-31.

For `use_container_width=True`, use `width='stretch'`. For `use_container_width=False`, use `width='content'`.
2025-09-23 17:21:47.333 Please replace `use_container_width` with `width`.

`use_container_width` will be removed after 2025-12-31.

For `use_container_width=True`, use `width='stretch'`. For `use_container_width=False`, use `width='content'`.
2025-09-23 17:22:18.586 Please replace `use_container_width` with `width`.

`use_container_width` will be removed after 2025-12-31.

For `use_container_width=True`, use `width='stretch'`. For `use_container_width=False`, use `width='content'`.
2025-09-23 17:22:50.306 Please replace `use_container_width` with `width`.

`use_container_width` will be removed after 2025-12-31.

For `use_container_width=True`, use `width='stretch'`. For `use_container_width=False`, use `width='content'`.
2025-09-23 17:23:21.660 Please replace `use_container_width` with `width`.

`use_container_width` will be removed after 2025-12-31.

For `use_container_width=True`, use `width='stretch'`. For `use_container_width=False`, use `width='content'`.
2025-09-23 17:23:53.065 Please replace `use_container_width` with `width`.

`use_container_width` will be removed after 2025-12-31.

For `use_container_width=True`, use `width='stretch'`. For `use_container_width=False`, use `width='content'`.
2025-09-23 17:24:24.633 Please replace `use_container_width` with `width`.

`use_container_width` will be removed after 2025-12-31.

For `use_container_width=True`, use `width='stretch'`. For `use_container_width=False`, use `width='content'`.
2025-09-23 17:24:55.961 Please replace `use_container_width` with `width`.

`use_container_width` will be removed after 2025-12-31.

For `use_container_width=True`, use `width='stretch'`. For `use_container_width=False`, use `width='content'`.
2025-09-23 17:25:27.244 Please replace `use_container_width` with `width`.

`use_container_width` will be removed after 2025-12-31.

For `use_container_width=True`, use `width='stretch'`. For `use_container_width=False`, use `width='content'`.
2025-09-23 17:25:58.573 Please replace `use_container_width` with `width`.

`use_container_width` will be removed after 2025-12-31.

For `use_container_width=True`, use `width='stretch'`. For `use_container_width=False`, use `width='content'`.
2025-09-23 17:26:29.962 Please replace `use_container_width` with `width`.

`use_container_width` will be removed after 2025-12-31.

For `use_container_width=True`, use `width='stretch'`. For `use_container_width=False`, use `width='content'`.
2025-09-23 17:27:01.223 Please replace `use_container_width` with `width`.

`use_container_width` will be removed after 2025-12-31.

For `use_container_width=True`, use `width='stretch'`. For `use_container_width=False`, use `width='content'`.
2025-09-23 17:27:32.637 Please replace `use_container_width` with `width`.

`use_container_width` will be removed after 2025-12-31.

For `use_container_width=True`, use `width='stretch'`. For `use_container_width=False`, use `width='content'`.
2025-09-23 17:28:04.035 Please replace `use_container_width` with `width`.

`use_container_width` will be removed after 2025-12-31.

For `use_container_width=True`, use `width='stretch'`. For `use_container_width=False`, use `width='content'`.
2025-09-23 17:28:36.498 Please replace `use_container_width` with `width`.

`use_container_width` will be removed after 2025-12-31.

For `use_container_width=True`, use `width='stretch'`. For `use_container_width=False`, use `width='content'`.
2025-09-23 17:29:07.688 Please replace `use_container_width` with `width`.

`use_container_width` will be removed after 2025-12-31.

For `use_container_width=True`, use `width='stretch'`. For `use_container_width=False`, use `width='content'`.
2025-09-23 17:29:38.856 Please replace `use_container_width` with `width`.

`use_container_width` will be removed after 2025-12-31.

For `use_container_width=True`, use `width='stretch'`. For `use_container_width=False`, use `width='content'`.
2025-09-23 17:30:10.226 Please replace `use_container_width` with `width`.

`use_container_width` will be removed after 2025-12-31.

For `use_container_width=True`, use `width='stretch'`. For `use_container_width=False`, use `width='content'`.
2025-09-23 17:30:41.693 Please replace `use_container_width` with `width`.

`use_container_width` will be removed after 2025-12-31.

For `use_container_width=True`, use `width='stretch'`. For `use_container_width=False`, use `width='content'`.
2025-09-23 17:31:12.921 Please replace `use_container_width` with `width`.

`use_container_width` will be removed after 2025-12-31.

For `use_container_width=True`, use `width='stretch'`. For `use_container_width=False`, use `width='content'`.
2025-09-23 17:31:44.337 Please replace `use_container_width` with `width`.

`use_container_width` will be removed after 2025-12-31.

For `use_container_width=True`, use `width='stretch'`. For `use_container_width=False`, use `width='content'`.
2025-09-23 17:32:16.212 Please replace `use_container_width` with `width`.

`use_container_width` will be removed after 2025-12-31.

For `use_container_width=True`, use `width='stretch'`. For `use_container_width=False`, use `width='content'`.
2025-09-23 17:32:47.438 Please replace `use_container_width` with `width`.

`use_container_width` will be removed after 2025-12-31.

For `use_container_width=True`, use `width='stretch'`. For `use_container_width=False`, use `width='content'`.
2025-09-23 17:33:18.661 Please replace `use_container_width` with `width`.

`use_container_width` will be removed after 2025-12-31.

For `use_container_width=True`, use `width='stretch'`. For `use_container_width=False`, use `width='content'`.
2025-09-23 17:33:50.133 Please replace `use_container_width` with `width`.

`use_container_width` will be removed after 2025-12-31.

For `use_container_width=True`, use `width='stretch'`. For `use_container_width=False`, use `width='content'`.
2025-09-23 17:34:21.357 Please replace `use_container_width` with `width`.

`use_container_width` will be removed after 2025-12-31.

For `use_container_width=True`, use `width='stretch'`. For `use_container_width=False`, use `width='content'`.
2025-09-23 17:34:53.105 Please replace `use_container_width` with `width`.

`use_container_width` will be removed after 2025-12-31.

For `use_container_width=True`, use `width='stretch'`. For `use_container_width=False`, use `width='content'`.
2025-09-23 17:35:24.420 Please replace `use_container_width` with `width`.

`use_container_width` will be removed after 2025-12-31.

For `use_container_width=True`, use `width='stretch'`. For `use_container_width=False`, use `width='content'`.
2025-09-23 17:35:59.030 Please replace `use_container_width` with `width`.

`use_container_width` will be removed after 2025-12-31.

For `use_container_width=True`, use `width='stretch'`. For `use_container_width=False`, use `width='content'`.
2025-09-23 17:36:30.381 Please replace `use_container_width` with `width`.

`use_container_width` will be removed after 2025-12-31.

For `use_container_width=True`, use `width='stretch'`. For `use_container_width=False`, use `width='content'`.
2025-09-23 17:37:02.349 Please replace `use_container_width` with `width`.

`use_container_width` will be removed after 2025-12-31.

For `use_container_width=True`, use `width='stretch'`. For `use_container_width=False`, use `width='content'`.
2025-09-23 17:37:33.576 Please replace `use_container_width` with `width`.

`use_container_width` will be removed after 2025-12-31.

For `use_container_width=True`, use `width='stretch'`. For `use_container_width=False`, use `width='content'`.
2025-09-23 17:38:04.745 Please replace `use_container_width` with `width`.

`use_container_width` will be removed after 2025-12-31.

For `use_container_width=True`, use `width='stretch'`. For `use_container_width=False`, use `width='content'`.
2025-09-23 17:38:36.135 Please replace `use_container_width` with `width`.

`use_container_width` will be removed after 2025-12-31.

For `use_container_width=True`, use `width='stretch'`. For `use_container_width=False`, use `width='content'`.
2025-09-23 17:39:07.811 Please replace `use_container_width` with `width`.

`use_container_width` will be removed after 2025-12-31.

For `use_container_width=True`, use `width='stretch'`. For `use_container_width=False`, use `width='content'`.
2025-09-23 17:39:39.037 Please replace `use_container_width` with `width`.

`use_container_width` will be removed after 2025-12-31.

For `use_container_width=True`, use `width='stretch'`. For `use_container_width=False`, use `width='content'`.
2025-09-23 17:40:10.203 Please replace `use_container_width` with `width`.

`use_container_width` will be removed after 2025-12-31.

For `use_container_width=True`, use `width='stretch'`. For `use_container_width=False`, use `width='content'`.
2025-09-23 17:40:41.384 Please replace `use_container_width` with `width`.

`use_container_width` will be removed after 2025-12-31.

For `use_container_width=True`, use `width='stretch'`. For `use_container_width=False`, use `width='content'`.
2025-09-23 17:41:12.640 Please replace `use_container_width` with `width`.

`use_container_width` will be removed after 2025-12-31.

For `use_container_width=True`, use `width='stretch'`. For `use_container_width=False`, use `width='content'`.
2025-09-23 17:41:43.781 Please replace `use_container_width` with `width`.

`use_container_width` will be removed after 2025-12-31.

For `use_container_width=True`, use `width='stretch'`. For `use_container_width=False`, use `width='content'`.
2025-09-23 17:42:14.999 Please replace `use_container_width` with `width`.

`use_container_width` will be removed after 2025-12-31.

For `use_container_width=True`, use `width='stretch'`. For `use_container_width=False`, use `width='content'`.
2025-09-23 17:42:46.474 Please replace `use_container_width` with `width`.

`use_container_width` will be removed after 2025-12-31.

For `use_container_width=True`, use `width='stretch'`. For `use_container_width=False`, use `width='content'`.
2025-09-23 17:43:17.720 Please replace `use_container_width` with `width`.

`use_container_width` will be removed after 2025-12-31.

For `use_container_width=True`, use `width='stretch'`. For `use_container_width=False`, use `width='content'`.
2025-09-23 17:43:49.066 Please replace `use_container_width` with `width`.

`use_container_width` will be removed after 2025-12-31.

For `use_container_width=True`, use `width='stretch'`. For `use_container_width=False`, use `width='content'`.
2025-09-23 17:44:20.444 Please replace `use_container_width` with `width`.

`use_container_width` will be removed after 2025-12-31.

For `use_container_width=True`, use `width='stretch'`. For `use_container_width=False`, use `width='content'`.
2025-09-23 17:44:51.799 Please replace `use_container_width` with `width`.

`use_container_width` will be removed after 2025-12-31.

For `use_container_width=True`, use `width='stretch'`. For `use_container_width=False`, use `width='content'`.
2025-09-23 17:45:23.251 Please replace `use_container_width` with `width`.

`use_container_width` will be removed after 2025-12-31.

For `use_container_width=True`, use `width='stretch'`. For `use_container_width=False`, use `width='content'`.
2025-09-23 17:45:54.591 Please replace `use_container_width` with `width`.

`use_container_width` will be removed after 2025-12-31.

For `use_container_width=True`, use `width='stretch'`. For `use_container_width=False`, use `width='content'`.
2025-09-23 17:46:25.789 Please replace `use_container_width` with `width`.

`use_container_width` will be removed after 2025-12-31.

For `use_container_width=True`, use `width='stretch'`. For `use_container_width=False`, use `width='content'`.
2025-09-23 17:46:57.201 Please replace `use_container_width` with `width`.

`use_container_width` will be removed after 2025-12-31.

For `use_container_width=True`, use `width='stretch'`. For `use_container_width=False`, use `width='content'`.
2025-09-23 17:47:28.463 Please replace `use_container_width` with `width`.

`use_container_width` will be removed after 2025-12-31.

For `use_container_width=True`, use `width='stretch'`. For `use_container_width=False`, use `width='content'`.
2025-09-23 17:47:59.772 Please replace `use_container_width` with `width`.

`use_container_width` will be removed after 2025-12-31.

For `use_container_width=True`, use `width='stretch'`. For `use_container_width=False`, use `width='content'`.
2025-09-23 17:48:30.957 Please replace `use_container_width` with `width`.

`use_container_width` will be removed after 2025-12-31.

For `use_container_width=True`, use `width='stretch'`. For `use_container_width=False`, use `width='content'`.
2025-09-23 17:49:02.164 Please replace `use_container_width` with `width`.

`use_container_width` will be removed after 2025-12-31.

For `use_container_width=True`, use `width='stretch'`. For `use_container_width=False`, use `width='content'`.
2025-09-23 17:49:33.767 Please replace `use_container_width` with `width`.

`use_container_width` will be removed after 2025-12-31.

For `use_container_width=True`, use `width='stretch'`. For `use_container_width=False`, use `width='content'`.
2025-09-23 17:50:05.272 Please replace `use_container_width` with `width`.

`use_container_width` will be removed after 2025-12-31.

For `use_container_width=True`, use `width='stretch'`. For `use_container_width=False`, use `width='content'`.
2025-09-23 17:50:36.517 Please replace `use_container_width` with `width`.

`use_container_width` will be removed after 2025-12-31.

For `use_container_width=True`, use `width='stretch'`. For `use_container_width=False`, use `width='content'`.
2025-09-23 17:51:07.894 Please replace `use_container_width` with `width`.

`use_container_width` will be removed after 2025-12-31.

For `use_container_width=True`, use `width='stretch'`. For `use_container_width=False`, use `width='content'`.
2025-09-23 17:51:39.282 Please replace `use_container_width` with `width`.

`use_container_width` will be removed after 2025-12-31.

For `use_container_width=True`, use `width='stretch'`. For `use_container_width=False`, use `width='content'`.
2025-09-23 17:52:10.706 Please replace `use_container_width` with `width`.

`use_container_width` will be removed after 2025-12-31.

For `use_container_width=True`, use `width='stretch'`. For `use_container_width=False`, use `width='content'`.
2025-09-23 17:52:42.144 Please replace `use_container_width` with `width`.

`use_container_width` will be removed after 2025-12-31.

For `use_container_width=True`, use `width='stretch'`. For `use_container_width=False`, use `width='content'`.
2025-09-23 17:53:13.891 Please replace `use_container_width` with `width`.

`use_container_width` will be removed after 2025-12-31.

For `use_container_width=True`, use `width='stretch'`. For `use_container_width=False`, use `width='content'`.
2025-09-23 17:53:45.445 Please replace `use_container_width` with `width`.

`use_container_width` will be removed after 2025-12-31.

For `use_container_width=True`, use `width='stretch'`. For `use_container_width=False`, use `width='content'`.
2025-09-23 17:54:17.007 Please replace `use_container_width` with `width`.

`use_container_width` will be removed after 2025-12-31.

For `use_container_width=True`, use `width='stretch'`. For `use_container_width=False`, use `width='content'`.
2025-09-23 17:54:48.403 Please replace `use_container_width` with `width`.

`use_container_width` will be removed after 2025-12-31.

For `use_container_width=True`, use `width='stretch'`. For `use_container_width=False`, use `width='content'`.
2025-09-23 17:55:19.681 Please replace `use_container_width` with `width`.

`use_container_width` will be removed after 2025-12-31.

For `use_container_width=True`, use `width='stretch'`. For `use_container_width=False`, use `width='content'`.
2025-09-23 17:55:51.086 Please replace `use_container_width` with `width`.

`use_container_width` will be removed after 2025-12-31.

For `use_container_width=True`, use `width='stretch'`. For `use_container_width=False`, use `width='content'`.
2025-09-23 17:56:22.660 Please replace `use_container_width` with `width`.

`use_container_width` will be removed after 2025-12-31.

For `use_container_width=True`, use `width='stretch'`. For `use_container_width=False`, use `width='content'`.
2025-09-23 17:56:54.019 Please replace `use_container_width` with `width`.

`use_container_width` will be removed after 2025-12-31.

For `use_container_width=True`, use `width='stretch'`. For `use_container_width=False`, use `width='content'`.
2025-09-23 17:57:25.359 Please replace `use_container_width` with `width`.

`use_container_width` will be removed after 2025-12-31.

For `use_container_width=True`, use `width='stretch'`. For `use_container_width=False`, use `width='content'`.
2025-09-23 17:57:56.788 Please replace `use_container_width` with `width`.

`use_container_width` will be removed after 2025-12-31.

For `use_container_width=True`, use `width='stretch'`. For `use_container_width=False`, use `width='content'`.
2025-09-23 17:58:28.287 Please replace `use_container_width` with `width`.

`use_container_width` will be removed after 2025-12-31.

For `use_container_width=True`, use `width='stretch'`. For `use_container_width=False`, use `width='content'`.
2025-09-23 17:58:59.666 Please replace `use_container_width` with `width`.

`use_container_width` will be removed after 2025-12-31.

For `use_container_width=True`, use `width='stretch'`. For `use_container_width=False`, use `width='content'`.
2025-09-23 17:59:30.994 Please replace `use_container_width` with `width`.

`use_container_width` will be removed after 2025-12-31.

For `use_container_width=True`, use `width='stretch'`. For `use_container_width=False`, use `width='content'`.
2025-09-23 18:00:02.289 Please replace `use_container_width` with `width`.

`use_container_width` will be removed after 2025-12-31.

For `use_container_width=True`, use `width='stretch'`. For `use_container_width=False`, use `width='content'`.
2025-09-23 18:00:33.740 Please replace `use_container_width` with `width`.

`use_container_width` will be removed after 2025-12-31.

For `use_container_width=True`, use `width='stretch'`. For `use_container_width=False`, use `width='content'`.
2025-09-23 18:01:05.293 Please replace `use_container_width` with `width`.

`use_container_width` will be removed after 2025-12-31.

For `use_container_width=True`, use `width='stretch'`. For `use_container_width=False`, use `width='content'`.
2025-09-23 18:01:36.651 Please replace `use_container_width` with `width`.

`use_container_width` will be removed after 2025-12-31.

For `use_container_width=True`, use `width='stretch'`. For `use_container_width=False`, use `width='content'`.
2025-09-23 18:02:08.118 Please replace `use_container_width` with `width`.

`use_container_width` will be removed after 2025-12-31.

For `use_container_width=True`, use `width='stretch'`. For `use_container_width=False`, use `width='content'`.
2025-09-23 18:02:40.044 Please replace `use_container_width` with `width`.

`use_container_width` will be removed after 2025-12-31.

For `use_container_width=True`, use `width='stretch'`. For `use_container_width=False`, use `width='content'`.
2025-09-23 18:03:11.714 Please replace `use_container_width` with `width`.

`use_container_width` will be removed after 2025-12-31.

For `use_container_width=True`, use `width='stretch'`. For `use_container_width=False`, use `width='content'`.
2025-09-23 18:03:43.269 Please replace `use_container_width` with `width`.

`use_container_width` will be removed after 2025-12-31.

For `use_container_width=True`, use `width='stretch'`. For `use_container_width=False`, use `width='content'`.
2025-09-23 18:04:14.678 Please replace `use_container_width` with `width`.

`use_container_width` will be removed after 2025-12-31.

For `use_container_width=True`, use `width='stretch'`. For `use_container_width=False`, use `width='content'`.
2025-09-23 18:04:46.048 Please replace `use_container_width` with `width`.

`use_container_width` will be removed after 2025-12-31.

For `use_container_width=True`, use `width='stretch'`. For `use_container_width=False`, use `width='content'`.
2025-09-23 18:05:17.742 Please replace `use_container_width` with `width`.

`use_container_width` will be removed after 2025-12-31.

For `use_container_width=True`, use `width='stretch'`. For `use_container_width=False`, use `width='content'`.
2025-09-23 18:05:49.275 Please replace `use_container_width` with `width`.

`use_container_width` will be removed after 2025-12-31.

For `use_container_width=True`, use `width='stretch'`. For `use_container_width=False`, use `width='content'`.
2025-09-23 18:06:20.646 Please replace `use_container_width` with `width`.

`use_container_width` will be removed after 2025-12-31.

For `use_container_width=True`, use `width='stretch'`. For `use_container_width=False`, use `width='content'`.
2025-09-23 18:06:51.829 Please replace `use_container_width` with `width`.

`use_container_width` will be removed after 2025-12-31.

For `use_container_width=True`, use `width='stretch'`. For `use_container_width=False`, use `width='content'`.
2025-09-23 18:07:23.313 Please replace `use_container_width` with `width`.

`use_container_width` will be removed after 2025-12-31.

For `use_container_width=True`, use `width='stretch'`. For `use_container_width=False`, use `width='content'`.
2025-09-23 18:07:55.028 Please replace `use_container_width` with `width`.

`use_container_width` will be removed after 2025-12-31.

For `use_container_width=True`, use `width='stretch'`. For `use_container_width=False`, use `width='content'`.
2025-09-23 18:08:26.370 Please replace `use_container_width` with `width`.

`use_container_width` will be removed after 2025-12-31.

For `use_container_width=True`, use `width='stretch'`. For `use_container_width=False`, use `width='content'`.
2025-09-23 18:08:57.851 Please replace `use_container_width` with `width`.

`use_container_width` will be removed after 2025-12-31.

For `use_container_width=True`, use `width='stretch'`. For `use_container_width=False`, use `width='content'`.
2025-09-23 18:09:29.426 Please replace `use_container_width` with `width`.

`use_container_width` will be removed after 2025-12-31.

For `use_container_width=True`, use `width='stretch'`. For `use_container_width=False`, use `width='content'`.
2025-09-23 18:10:00.765 Please replace `use_container_width` with `width`.

`use_container_width` will be removed after 2025-12-31.

For `use_container_width=True`, use `width='stretch'`. For `use_container_width=False`, use `width='content'`.
2025-09-23 18:10:32.316 Please replace `use_container_width` with `width`.

`use_container_width` will be removed after 2025-12-31.

For `use_container_width=True`, use `width='stretch'`. For `use_container_width=False`, use `width='content'`.
2025-09-23 18:11:03.885 Please replace `use_container_width` with `width`.

`use_container_width` will be removed after 2025-12-31.

For `use_container_width=True`, use `width='stretch'`. For `use_container_width=False`, use `width='content'`.
2025-09-23 18:11:35.337 Please replace `use_container_width` with `width`.

`use_container_width` will be removed after 2025-12-31.

For `use_container_width=True`, use `width='stretch'`. For `use_container_width=False`, use `width='content'`.
2025-09-23 18:12:06.649 Please replace `use_container_width` with `width`.

`use_container_width` will be removed after 2025-12-31.

For `use_container_width=True`, use `width='stretch'`. For `use_container_width=False`, use `width='content'`.
2025-09-23 18:12:40.326 Please replace `use_container_width` with `width`.

`use_container_width` will be removed after 2025-12-31.

For `use_container_width=True`, use `width='stretch'`. For `use_container_width=False`, use `width='content'`.
2025-09-23 18:13:11.613 Please replace `use_container_width` with `width`.

`use_container_width` will be removed after 2025-12-31.

For `use_container_width=True`, use `width='stretch'`. For `use_container_width=False`, use `width='content'`.
2025-09-23 18:13:42.828 Please replace `use_container_width` with `width`.

`use_container_width` will be removed after 2025-12-31.

For `use_container_width=True`, use `width='stretch'`. For `use_container_width=False`, use `width='content'`.
2025-09-23 18:14:14.702 Please replace `use_container_width` with `width`.

`use_container_width` will be removed after 2025-12-31.

For `use_container_width=True`, use `width='stretch'`. For `use_container_width=False`, use `width='content'`.
2025-09-23 18:14:46.104 Please replace `use_container_width` with `width`.

`use_container_width` will be removed after 2025-12-31.

For `use_container_width=True`, use `width='stretch'`. For `use_container_width=False`, use `width='content'`.
2025-09-23 18:15:17.331 Please replace `use_container_width` with `width`.

`use_container_width` will be removed after 2025-12-31.

For `use_container_width=True`, use `width='stretch'`. For `use_container_width=False`, use `width='content'`.
2025-09-23 18:15:48.498 Please replace `use_container_width` with `width`.

`use_container_width` will be removed after 2025-12-31.

For `use_container_width=True`, use `width='stretch'`. For `use_container_width=False`, use `width='content'`.
2025-09-23 18:16:19.970 Please replace `use_container_width` with `width`.

`use_container_width` will be removed after 2025-12-31.

For `use_container_width=True`, use `width='stretch'`. For `use_container_width=False`, use `width='content'`.
2025-09-23 18:16:51.684 Please replace `use_container_width` with `width`.

`use_container_width` will be removed after 2025-12-31.

For `use_container_width=True`, use `width='stretch'`. For `use_container_width=False`, use `width='content'`.
2025-09-23 18:17:22.960 Please replace `use_container_width` with `width`.

`use_container_width` will be removed after 2025-12-31.

For `use_container_width=True`, use `width='stretch'`. For `use_container_width=False`, use `width='content'`.
2025-09-23 18:17:54.432 Please replace `use_container_width` with `width`.

`use_container_width` will be removed after 2025-12-31.

For `use_container_width=True`, use `width='stretch'`. For `use_container_width=False`, use `width='content'`.
2025-09-23 18:18:26.101 Please replace `use_container_width` with `width`.

`use_container_width` will be removed after 2025-12-31.

For `use_container_width=True`, use `width='stretch'`. For `use_container_width=False`, use `width='content'`.
2025-09-23 18:18:57.584 Please replace `use_container_width` with `width`.

`use_container_width` will be removed after 2025-12-31.

For `use_container_width=True`, use `width='stretch'`. For `use_container_width=False`, use `width='content'`.
2025-09-23 18:19:29.042 Please replace `use_container_width` with `width`.

`use_container_width` will be removed after 2025-12-31.

For `use_container_width=True`, use `width='stretch'`. For `use_container_width=False`, use `width='content'`.
2025-09-23 18:20:00.516 Please replace `use_container_width` with `width`.

`use_container_width` will be removed after 2025-12-31.

For `use_container_width=True`, use `width='stretch'`. For `use_container_width=False`, use `width='content'`.
2025-09-23 18:20:31.696 Please replace `use_container_width` with `width`.

`use_container_width` will be removed after 2025-12-31.

For `use_container_width=True`, use `width='stretch'`. For `use_container_width=False`, use `width='content'`.
2025-09-23 18:21:02.921 Please replace `use_container_width` with `width`.

`use_container_width` will be removed after 2025-12-31.

For `use_container_width=True`, use `width='stretch'`. For `use_container_width=False`, use `width='content'`.
2025-09-23 18:21:34.275 Please replace `use_container_width` with `width`.

`use_container_width` will be removed after 2025-12-31.

For `use_container_width=True`, use `width='stretch'`. For `use_container_width=False`, use `width='content'`.
2025-09-23 18:22:05.821 Please replace `use_container_width` with `width`.

`use_container_width` will be removed after 2025-12-31.

For `use_container_width=True`, use `width='stretch'`. For `use_container_width=False`, use `width='content'`.
2025-09-23 18:22:37.356 Please replace `use_container_width` with `width`.

`use_container_width` will be removed after 2025-12-31.

For `use_container_width=True`, use `width='stretch'`. For `use_container_width=False`, use `width='content'`.
2025-09-23 18:23:08.686 Please replace `use_container_width` with `width`.

`use_container_width` will be removed after 2025-12-31.

For `use_container_width=True`, use `width='stretch'`. For `use_container_width=False`, use `width='content'`.
2025-09-23 18:23:40.370 Please replace `use_container_width` with `width`.

`use_container_width` will be removed after 2025-12-31.

For `use_container_width=True`, use `width='stretch'`. For `use_container_width=False`, use `width='content'`.
2025-09-23 18:24:12.146 Please replace `use_container_width` with `width`.

`use_container_width` will be removed after 2025-12-31.

For `use_container_width=True`, use `width='stretch'`. For `use_container_width=False`, use `width='content'`.
2025-09-23 18:24:43.561 Please replace `use_container_width` with `width`.

`use_container_width` will be removed after 2025-12-31.

For `use_container_width=True`, use `width='stretch'`. For `use_container_width=False`, use `width='content'`.
2025-09-23 18:25:15.734 Please replace `use_container_width` with `width`.

`use_container_width` will be removed after 2025-12-31.

For `use_container_width=True`, use `width='stretch'`. For `use_container_width=False`, use `width='content'`.
2025-09-23 18:25:47.156 Please replace `use_container_width` with `width`.

`use_container_width` will be removed after 2025-12-31.

For `use_container_width=True`, use `width='stretch'`. For `use_container_width=False`, use `width='content'`.
2025-09-23 18:26:18.698 Please replace `use_container_width` with `width`.

`use_container_width` will be removed after 2025-12-31.

For `use_container_width=True`, use `width='stretch'`. For `use_container_width=False`, use `width='content'`.
2025-09-23 18:26:50.126 Please replace `use_container_width` with `width`.

`use_container_width` will be removed after 2025-12-31.

For `use_container_width=True`, use `width='stretch'`. For `use_container_width=False`, use `width='content'`.
2025-09-23 18:27:21.631 Please replace `use_container_width` with `width`.

`use_container_width` will be removed after 2025-12-31.

For `use_container_width=True`, use `width='stretch'`. For `use_container_width=False`, use `width='content'`.
2025-09-23 18:27:53.250 Please replace `use_container_width` with `width`.

`use_container_width` will be removed after 2025-12-31.

For `use_container_width=True`, use `width='stretch'`. For `use_container_width=False`, use `width='content'`.
2025-09-23 18:28:24.588 Please replace `use_container_width` with `width`.

`use_container_width` will be removed after 2025-12-31.

For `use_container_width=True`, use `width='stretch'`. For `use_container_width=False`, use `width='content'`.
2025-09-23 18:28:56.144 Please replace `use_container_width` with `width`.

`use_container_width` will be removed after 2025-12-31.

For `use_container_width=True`, use `width='stretch'`. For `use_container_width=False`, use `width='content'`.
2025-09-23 18:29:27.632 Please replace `use_container_width` with `width`.

`use_container_width` will be removed after 2025-12-31.

For `use_container_width=True`, use `width='stretch'`. For `use_container_width=False`, use `width='content'`.
2025-09-23 18:29:59.170 Please replace `use_container_width` with `width`.

`use_container_width` will be removed after 2025-12-31.

For `use_container_width=True`, use `width='stretch'`. For `use_container_width=False`, use `width='content'`.
2025-09-23 18:30:30.533 Please replace `use_container_width` with `width`.

`use_container_width` will be removed after 2025-12-31.

For `use_container_width=True`, use `width='stretch'`. For `use_container_width=False`, use `width='content'`.
2025-09-23 18:31:01.722 Please replace `use_container_width` with `width`.

`use_container_width` will be removed after 2025-12-31.

For `use_container_width=True`, use `width='stretch'`. For `use_container_width=False`, use `width='content'`.
2025-09-23 18:31:33.188 Please replace `use_container_width` with `width`.

`use_container_width` will be removed after 2025-12-31.

For `use_container_width=True`, use `width='stretch'`. For `use_container_width=False`, use `width='content'`.
2025-09-23 18:32:05.440 Please replace `use_container_width` with `width`.

`use_container_width` will be removed after 2025-12-31.

For `use_container_width=True`, use `width='stretch'`. For `use_container_width=False`, use `width='content'`.
2025-09-23 18:32:37.176 Please replace `use_container_width` with `width`.

`use_container_width` will be removed after 2025-12-31.

For `use_container_width=True`, use `width='stretch'`. For `use_container_width=False`, use `width='content'`.
2025-09-23 18:33:08.583 Please replace `use_container_width` with `width`.

`use_container_width` will be removed after 2025-12-31.

For `use_container_width=True`, use `width='stretch'`. For `use_container_width=False`, use `width='content'`.
2025-09-23 18:33:39.855 Please replace `use_container_width` with `width`.

`use_container_width` will be removed after 2025-12-31.

For `use_container_width=True`, use `width='stretch'`. For `use_container_width=False`, use `width='content'`.
2025-09-23 18:34:11.846 Please replace `use_container_width` with `width`.

`use_container_width` will be removed after 2025-12-31.

For `use_container_width=True`, use `width='stretch'`. For `use_container_width=False`, use `width='content'`.
2025-09-23 18:34:43.073 Please replace `use_container_width` with `width`.

`use_container_width` will be removed after 2025-12-31.

For `use_container_width=True`, use `width='stretch'`. For `use_container_width=False`, use `width='content'`.
2025-09-23 18:35:14.312 Please replace `use_container_width` with `width`.

`use_container_width` will be removed after 2025-12-31.

For `use_container_width=True`, use `width='stretch'`. For `use_container_width=False`, use `width='content'`.
2025-09-23 18:35:45.652 Please replace `use_container_width` with `width`.

`use_container_width` will be removed after 2025-12-31.

For `use_container_width=True`, use `width='stretch'`. For `use_container_width=False`, use `width='content'`.
2025-09-23 18:36:17.035 Please replace `use_container_width` with `width`.

`use_container_width` will be removed after 2025-12-31.

For `use_container_width=True`, use `width='stretch'`. For `use_container_width=False`, use `width='content'`.
2025-09-23 18:36:48.243 Please replace `use_container_width` with `width`.

`use_container_width` will be removed after 2025-12-31.

For `use_container_width=True`, use `width='stretch'`. For `use_container_width=False`, use `width='content'`.
2025-09-23 18:37:19.466 Please replace `use_container_width` with `width`.

`use_container_width` will be removed after 2025-12-31.

For `use_container_width=True`, use `width='stretch'`. For `use_container_width=False`, use `width='content'`.
2025-09-23 18:37:50.697 Please replace `use_container_width` with `width`.

`use_container_width` will be removed after 2025-12-31.

For `use_container_width=True`, use `width='stretch'`. For `use_container_width=False`, use `width='content'`.
2025-09-23 18:38:21.931 Please replace `use_container_width` with `width`.

`use_container_width` will be removed after 2025-12-31.

For `use_container_width=True`, use `width='stretch'`. For `use_container_width=False`, use `width='content'`.
2025-09-23 18:38:53.764 Please replace `use_container_width` with `width`.

`use_container_width` will be removed after 2025-12-31.

For `use_container_width=True`, use `width='stretch'`. For `use_container_width=False`, use `width='content'`.
2025-09-23 18:39:30.621 Please replace `use_container_width` with `width`.

`use_container_width` will be removed after 2025-12-31.

For `use_container_width=True`, use `width='stretch'`. For `use_container_width=False`, use `width='content'`.
2025-09-23 18:40:03.608 Please replace `use_container_width` with `width`.

`use_container_width` will be removed after 2025-12-31.

For `use_container_width=True`, use `width='stretch'`. For `use_container_width=False`, use `width='content'`.
2025-09-23 18:40:35.192 Please replace `use_container_width` with `width`.

`use_container_width` will be removed after 2025-12-31.

For `use_container_width=True`, use `width='stretch'`. For `use_container_width=False`, use `width='content'`.
2025-09-23 18:41:06.670 Please replace `use_container_width` with `width`.

`use_container_width` will be removed after 2025-12-31.

For `use_container_width=True`, use `width='stretch'`. For `use_container_width=False`, use `width='content'`.
2025-09-23 18:41:39.021 Please replace `use_container_width` with `width`.

`use_container_width` will be removed after 2025-12-31.

For `use_container_width=True`, use `width='stretch'`. For `use_container_width=False`, use `width='content'`.
2025-09-23 18:42:10.306 Please replace `use_container_width` with `width`.

`use_container_width` will be removed after 2025-12-31.

For `use_container_width=True`, use `width='stretch'`. For `use_container_width=False`, use `width='content'`.
2025-09-23 18:42:42.298 Please replace `use_container_width` with `width`.

`use_container_width` will be removed after 2025-12-31.

For `use_container_width=True`, use `width='stretch'`. For `use_container_width=False`, use `width='content'`.
2025-09-23 18:43:14.892 Please replace `use_container_width` with `width`.

`use_container_width` will be removed after 2025-12-31.

For `use_container_width=True`, use `width='stretch'`. For `use_container_width=False`, use `width='content'`.
2025-09-23 18:43:46.741 Please replace `use_container_width` with `width`.

`use_container_width` will be removed after 2025-12-31.

For `use_container_width=True`, use `width='stretch'`. For `use_container_width=False`, use `width='content'`.
2025-09-23 18:44:18.180 Please replace `use_container_width` with `width`.

`use_container_width` will be removed after 2025-12-31.

For `use_container_width=True`, use `width='stretch'`. For `use_container_width=False`, use `width='content'`.
2025-09-23 18:44:49.604 Please replace `use_container_width` with `width`.

`use_container_width` will be removed after 2025-12-31.

For `use_container_width=True`, use `width='stretch'`. For `use_container_width=False`, use `width='content'`.
2025-09-23 18:45:20.865 Please replace `use_container_width` with `width`.

`use_container_width` will be removed after 2025-12-31.

For `use_container_width=True`, use `width='stretch'`. For `use_container_width=False`, use `width='content'`.
2025-09-23 18:45:52.320 Please replace `use_container_width` with `width`.

`use_container_width` will be removed after 2025-12-31.

For `use_container_width=True`, use `width='stretch'`. For `use_container_width=False`, use `width='content'`.
2025-09-23 18:46:39.098 Please replace `use_container_width` with `width`.

`use_container_width` will be removed after 2025-12-31.

For `use_container_width=True`, use `width='stretch'`. For `use_container_width=False`, use `width='content'`.
2025-09-23 18:47:10.682 Please replace `use_container_width` with `width`.

`use_container_width` will be removed after 2025-12-31.

For `use_container_width=True`, use `width='stretch'`. For `use_container_width=False`, use `width='content'`.
2025-09-23 18:47:42.077 Please replace `use_container_width` with `width`.

`use_container_width` will be removed after 2025-12-31.

For `use_container_width=True`, use `width='stretch'`. For `use_container_width=False`, use `width='content'`.
2025-09-23 18:48:13.832 Please replace `use_container_width` with `width`.

`use_container_width` will be removed after 2025-12-31.

For `use_container_width=True`, use `width='stretch'`. For `use_container_width=False`, use `width='content'`.
2025-09-23 18:48:45.333 Please replace `use_container_width` with `width`.

`use_container_width` will be removed after 2025-12-31.

For `use_container_width=True`, use `width='stretch'`. For `use_container_width=False`, use `width='content'`.
2025-09-23 18:49:16.751 Please replace `use_container_width` with `width`.

`use_container_width` will be removed after 2025-12-31.

For `use_container_width=True`, use `width='stretch'`. For `use_container_width=False`, use `width='content'`.
2025-09-23 18:49:48.409 Please replace `use_container_width` with `width`.

`use_container_width` will be removed after 2025-12-31.

For `use_container_width=True`, use `width='stretch'`. For `use_container_width=False`, use `width='content'`.
2025-09-23 18:50:19.777 Please replace `use_container_width` with `width`.

`use_container_width` will be removed after 2025-12-31.

For `use_container_width=True`, use `width='stretch'`. For `use_container_width=False`, use `width='content'`.
2025-09-23 18:50:51.066 Please replace `use_container_width` with `width`.

`use_container_width` will be removed after 2025-12-31.

For `use_container_width=True`, use `width='stretch'`. For `use_container_width=False`, use `width='content'`.
2025-09-23 18:51:22.294 Please replace `use_container_width` with `width`.

`use_container_width` will be removed after 2025-12-31.

For `use_container_width=True`, use `width='stretch'`. For `use_container_width=False`, use `width='content'`.
2025-09-23 18:51:53.445 Please replace `use_container_width` with `width`.

`use_container_width` will be removed after 2025-12-31.

For `use_container_width=True`, use `width='stretch'`. For `use_container_width=False`, use `width='content'`.
2025-09-23 18:52:24.675 Please replace `use_container_width` with `width`.

`use_container_width` will be removed after 2025-12-31.

For `use_container_width=True`, use `width='stretch'`. For `use_container_width=False`, use `width='content'`.
2025-09-23 18:52:56.065 Please replace `use_container_width` with `width`.

`use_container_width` will be removed after 2025-12-31.

For `use_container_width=True`, use `width='stretch'`. For `use_container_width=False`, use `width='content'`.
2025-09-23 18:53:27.576 Please replace `use_container_width` with `width`.

`use_container_width` will be removed after 2025-12-31.

For `use_container_width=True`, use `width='stretch'`. For `use_container_width=False`, use `width='content'`.
2025-09-23 18:53:58.771 Please replace `use_container_width` with `width`.

`use_container_width` will be removed after 2025-12-31.

For `use_container_width=True`, use `width='stretch'`. For `use_container_width=False`, use `width='content'`.
2025-09-23 18:54:31.115 Please replace `use_container_width` with `width`.

`use_container_width` will be removed after 2025-12-31.

For `use_container_width=True`, use `width='stretch'`. For `use_container_width=False`, use `width='content'`.
2025-09-23 18:55:02.345 Please replace `use_container_width` with `width`.

`use_container_width` will be removed after 2025-12-31.

For `use_container_width=True`, use `width='stretch'`. For `use_container_width=False`, use `width='content'`.
2025-09-23 18:55:33.739 Please replace `use_container_width` with `width`.

`use_container_width` will be removed after 2025-12-31.

For `use_container_width=True`, use `width='stretch'`. For `use_container_width=False`, use `width='content'`.
2025-09-23 18:56:05.275 Please replace `use_container_width` with `width`.

`use_container_width` will be removed after 2025-12-31.

For `use_container_width=True`, use `width='stretch'`. For `use_container_width=False`, use `width='content'`.
2025-09-23 18:56:36.740 Please replace `use_container_width` with `width`.

`use_container_width` will be removed after 2025-12-31.

For `use_container_width=True`, use `width='stretch'`. For `use_container_width=False`, use `width='content'`.
2025-09-23 18:57:08.253 Please replace `use_container_width` with `width`.

`use_container_width` will be removed after 2025-12-31.

For `use_container_width=True`, use `width='stretch'`. For `use_container_width=False`, use `width='content'`.
2025-09-23 18:57:39.594 Please replace `use_container_width` with `width`.

`use_container_width` will be removed after 2025-12-31.

For `use_container_width=True`, use `width='stretch'`. For `use_container_width=False`, use `width='content'`.
2025-09-23 18:58:11.041 Please replace `use_container_width` with `width`.

`use_container_width` will be removed after 2025-12-31.

For `use_container_width=True`, use `width='stretch'`. For `use_container_width=False`, use `width='content'`.
2025-09-23 18:58:42.462 Please replace `use_container_width` with `width`.

`use_container_width` will be removed after 2025-12-31.

For `use_container_width=True`, use `width='stretch'`. For `use_container_width=False`, use `width='content'`.
2025-09-23 18:59:13.677 Please replace `use_container_width` with `width`.

`use_container_width` will be removed after 2025-12-31.

For `use_container_width=True`, use `width='stretch'`. For `use_container_width=False`, use `width='content'`.
2025-09-23 18:59:44.936 Please replace `use_container_width` with `width`.

`use_container_width` will be removed after 2025-12-31.

For `use_container_width=True`, use `width='stretch'`. For `use_container_width=False`, use `width='content'`.
2025-09-23 19:00:16.645 Please replace `use_container_width` with `width`.

`use_container_width` will be removed after 2025-12-31.

For `use_container_width=True`, use `width='stretch'`. For `use_container_width=False`, use `width='content'`.
2025-09-23 19:00:47.980 Please replace `use_container_width` with `width`.

`use_container_width` will be removed after 2025-12-31.

For `use_container_width=True`, use `width='stretch'`. For `use_container_width=False`, use `width='content'`.
2025-09-23 19:01:19.215 Please replace `use_container_width` with `width`.

`use_container_width` will be removed after 2025-12-31.

For `use_container_width=True`, use `width='stretch'`. For `use_container_width=False`, use `width='content'`.
2025-09-23 19:01:50.481 Please replace `use_container_width` with `width`.

`use_container_width` will be removed after 2025-12-31.

For `use_container_width=True`, use `width='stretch'`. For `use_container_width=False`, use `width='content'`.
2025-09-23 19:02:21.751 Please replace `use_container_width` with `width`.

`use_container_width` will be removed after 2025-12-31.

For `use_container_width=True`, use `width='stretch'`. For `use_container_width=False`, use `width='content'`.
2025-09-23 19:02:52.984 Please replace `use_container_width` with `width`.

`use_container_width` will be removed after 2025-12-31.

For `use_container_width=True`, use `width='stretch'`. For `use_container_width=False`, use `width='content'`.
2025-09-23 19:03:24.388 Please replace `use_container_width` with `width`.

`use_container_width` will be removed after 2025-12-31.

For `use_container_width=True`, use `width='stretch'`. For `use_container_width=False`, use `width='content'`.
2025-09-23 19:03:55.741 Please replace `use_container_width` with `width`.

`use_container_width` will be removed after 2025-12-31.

For `use_container_width=True`, use `width='stretch'`. For `use_container_width=False`, use `width='content'`.
2025-09-23 19:04:26.999 Please replace `use_container_width` with `width`.

`use_container_width` will be removed after 2025-12-31.

For `use_container_width=True`, use `width='stretch'`. For `use_container_width=False`, use `width='content'`.
2025-09-23 19:04:58.443 Please replace `use_container_width` with `width`.

`use_container_width` will be removed after 2025-12-31.

For `use_container_width=True`, use `width='stretch'`. For `use_container_width=False`, use `width='content'`.
2025-09-23 19:05:30.398 Please replace `use_container_width` with `width`.

`use_container_width` will be removed after 2025-12-31.

For `use_container_width=True`, use `width='stretch'`. For `use_container_width=False`, use `width='content'`.
2025-09-23 19:06:01.757 Please replace `use_container_width` with `width`.

`use_container_width` will be removed after 2025-12-31.

For `use_container_width=True`, use `width='stretch'`. For `use_container_width=False`, use `width='content'`.
2025-09-23 19:06:34.401 Please replace `use_container_width` with `width`.

`use_container_width` will be removed after 2025-12-31.

For `use_container_width=True`, use `width='stretch'`. For `use_container_width=False`, use `width='content'`.
2025-09-23 19:07:05.927 Please replace `use_container_width` with `width`.

`use_container_width` will be removed after 2025-12-31.

For `use_container_width=True`, use `width='stretch'`. For `use_container_width=False`, use `width='content'`.
2025-09-23 19:07:38.856 Please replace `use_container_width` with `width`.

`use_container_width` will be removed after 2025-12-31.

For `use_container_width=True`, use `width='stretch'`. For `use_container_width=False`, use `width='content'`.
2025-09-23 19:08:10.575 Please replace `use_container_width` with `width`.

`use_container_width` will be removed after 2025-12-31.

For `use_container_width=True`, use `width='stretch'`. For `use_container_width=False`, use `width='content'`.
2025-09-23 19:08:41.863 Please replace `use_container_width` with `width`.

`use_container_width` will be removed after 2025-12-31.

For `use_container_width=True`, use `width='stretch'`. For `use_container_width=False`, use `width='content'`.
2025-09-23 19:09:13.309 Please replace `use_container_width` with `width`.

`use_container_width` will be removed after 2025-12-31.

For `use_container_width=True`, use `width='stretch'`. For `use_container_width=False`, use `width='content'`.
2025-09-23 19:09:44.908 Please replace `use_container_width` with `width`.

`use_container_width` will be removed after 2025-12-31.

For `use_container_width=True`, use `width='stretch'`. For `use_container_width=False`, use `width='content'`.
2025-09-23 19:10:16.384 Please replace `use_container_width` with `width`.

`use_container_width` will be removed after 2025-12-31.

For `use_container_width=True`, use `width='stretch'`. For `use_container_width=False`, use `width='content'`.
2025-09-23 19:10:47.883 Please replace `use_container_width` with `width`.

`use_container_width` will be removed after 2025-12-31.

For `use_container_width=True`, use `width='stretch'`. For `use_container_width=False`, use `width='content'`.
2025-09-23 19:11:19.266 Please replace `use_container_width` with `width`.

`use_container_width` will be removed after 2025-12-31.

For `use_container_width=True`, use `width='stretch'`. For `use_container_width=False`, use `width='content'`.
2025-09-23 19:11:51.224 Please replace `use_container_width` with `width`.

`use_container_width` will be removed after 2025-12-31.

For `use_container_width=True`, use `width='stretch'`. For `use_container_width=False`, use `width='content'`.
2025-09-23 19:12:22.531 Please replace `use_container_width` with `width`.

`use_container_width` will be removed after 2025-12-31.

For `use_container_width=True`, use `width='stretch'`. For `use_container_width=False`, use `width='content'`.
2025-09-23 19:12:53.782 Please replace `use_container_width` with `width`.

`use_container_width` will be removed after 2025-12-31.

For `use_container_width=True`, use `width='stretch'`. For `use_container_width=False`, use `width='content'`.
2025-09-23 19:13:25.027 Please replace `use_container_width` with `width`.

`use_container_width` will be removed after 2025-12-31.

For `use_container_width=True`, use `width='stretch'`. For `use_container_width=False`, use `width='content'`.
2025-09-23 19:13:56.363 Please replace `use_container_width` with `width`.

`use_container_width` will be removed after 2025-12-31.

For `use_container_width=True`, use `width='stretch'`. For `use_container_width=False`, use `width='content'`.
2025-09-23 19:14:29.790 Please replace `use_container_width` with `width`.

`use_container_width` will be removed after 2025-12-31.

For `use_container_width=True`, use `width='stretch'`. For `use_container_width=False`, use `width='content'`.
2025-09-23 19:15:01.659 Please replace `use_container_width` with `width`.

`use_container_width` will be removed after 2025-12-31.

For `use_container_width=True`, use `width='stretch'`. For `use_container_width=False`, use `width='content'`.
2025-09-23 19:15:33.095 Please replace `use_container_width` with `width`.

`use_container_width` will be removed after 2025-12-31.

For `use_container_width=True`, use `width='stretch'`. For `use_container_width=False`, use `width='content'`.
2025-09-23 19:16:04.422 Please replace `use_container_width` with `width`.

`use_container_width` will be removed after 2025-12-31.

For `use_container_width=True`, use `width='stretch'`. For `use_container_width=False`, use `width='content'`.
2025-09-23 19:16:36.211 Please replace `use_container_width` with `width`.

`use_container_width` will be removed after 2025-12-31.

For `use_container_width=True`, use `width='stretch'`. For `use_container_width=False`, use `width='content'`.
2025-09-23 19:17:07.597 Please replace `use_container_width` with `width`.

`use_container_width` will be removed after 2025-12-31.

For `use_container_width=True`, use `width='stretch'`. For `use_container_width=False`, use `width='content'`.
2025-09-23 19:17:43.423 Please replace `use_container_width` with `width`.

`use_container_width` will be removed after 2025-12-31.

For `use_container_width=True`, use `width='stretch'`. For `use_container_width=False`, use `width='content'`.
2025-09-23 19:18:14.761 Please replace `use_container_width` with `width`.

`use_container_width` will be removed after 2025-12-31.

For `use_container_width=True`, use `width='stretch'`. For `use_container_width=False`, use `width='content'`.
2025-09-23 19:18:46.424 Please replace `use_container_width` with `width`.

`use_container_width` will be removed after 2025-12-31.

For `use_container_width=True`, use `width='stretch'`. For `use_container_width=False`, use `width='content'`.
2025-09-23 19:19:17.694 Please replace `use_container_width` with `width`.

`use_container_width` will be removed after 2025-12-31.

For `use_container_width=True`, use `width='stretch'`. For `use_container_width=False`, use `width='content'`.
2025-09-23 19:19:50.306 Please replace `use_container_width` with `width`.

`use_container_width` will be removed after 2025-12-31.

For `use_container_width=True`, use `width='stretch'`. For `use_container_width=False`, use `width='content'`.
2025-09-23 19:20:21.707 Please replace `use_container_width` with `width`.

`use_container_width` will be removed after 2025-12-31.

For `use_container_width=True`, use `width='stretch'`. For `use_container_width=False`, use `width='content'`.
2025-09-23 19:20:53.220 Please replace `use_container_width` with `width`.

`use_container_width` will be removed after 2025-12-31.

For `use_container_width=True`, use `width='stretch'`. For `use_container_width=False`, use `width='content'`.
2025-09-23 19:21:24.513 Please replace `use_container_width` with `width`.

`use_container_width` will be removed after 2025-12-31.

For `use_container_width=True`, use `width='stretch'`. For `use_container_width=False`, use `width='content'`.
2025-09-23 19:21:57.322 Please replace `use_container_width` with `width`.

`use_container_width` will be removed after 2025-12-31.

For `use_container_width=True`, use `width='stretch'`. For `use_container_width=False`, use `width='content'`.
2025-09-23 19:22:29.134 Please replace `use_container_width` with `width`.

`use_container_width` will be removed after 2025-12-31.

For `use_container_width=True`, use `width='stretch'`. For `use_container_width=False`, use `width='content'`.
2025-09-23 19:23:00.709 Please replace `use_container_width` with `width`.

`use_container_width` will be removed after 2025-12-31.

For `use_container_width=True`, use `width='stretch'`. For `use_container_width=False`, use `width='content'`.
2025-09-23 19:23:32.225 Please replace `use_container_width` with `width`.

`use_container_width` will be removed after 2025-12-31.

For `use_container_width=True`, use `width='stretch'`. For `use_container_width=False`, use `width='content'`.
2025-09-23 19:24:04.465 Please replace `use_container_width` with `width`.

`use_container_width` will be removed after 2025-12-31.

For `use_container_width=True`, use `width='stretch'`. For `use_container_width=False`, use `width='content'`.
2025-09-23 19:24:35.768 Please replace `use_container_width` with `width`.

`use_container_width` will be removed after 2025-12-31.

For `use_container_width=True`, use `width='stretch'`. For `use_container_width=False`, use `width='content'`.
2025-09-23 19:25:11.575 Please replace `use_container_width` with `width`.

`use_container_width` will be removed after 2025-12-31.

For `use_container_width=True`, use `width='stretch'`. For `use_container_width=False`, use `width='content'`.
2025-09-23 19:25:42.810 Please replace `use_container_width` with `width`.

`use_container_width` will be removed after 2025-12-31.

For `use_container_width=True`, use `width='stretch'`. For `use_container_width=False`, use `width='content'`.
2025-09-23 19:26:16.407 Please replace `use_container_width` with `width`.

`use_container_width` will be removed after 2025-12-31.

For `use_container_width=True`, use `width='stretch'`. For `use_container_width=False`, use `width='content'`.
2025-09-23 19:26:47.604 Please replace `use_container_width` with `width`.

`use_container_width` will be removed after 2025-12-31.

For `use_container_width=True`, use `width='stretch'`. For `use_container_width=False`, use `width='content'`.
2025-09-23 19:27:19.915 Please replace `use_container_width` with `width`.

`use_container_width` will be removed after 2025-12-31.

For `use_container_width=True`, use `width='stretch'`. For `use_container_width=False`, use `width='content'`.
2025-09-23 19:27:51.229 Please replace `use_container_width` with `width`.

`use_container_width` will be removed after 2025-12-31.

For `use_container_width=True`, use `width='stretch'`. For `use_container_width=False`, use `width='content'`.
2025-09-23 19:28:34.914 Please replace `use_container_width` with `width`.

`use_container_width` will be removed after 2025-12-31.

For `use_container_width=True`, use `width='stretch'`. For `use_container_width=False`, use `width='content'`.
2025-09-23 19:29:06.098 Please replace `use_container_width` with `width`.

`use_container_width` will be removed after 2025-12-31.

For `use_container_width=True`, use `width='stretch'`. For `use_container_width=False`, use `width='content'`.
2025-09-23 19:29:38.366 Please replace `use_container_width` with `width`.

`use_container_width` will be removed after 2025-12-31.

For `use_container_width=True`, use `width='stretch'`. For `use_container_width=False`, use `width='content'`.
2025-09-23 19:30:09.621 Please replace `use_container_width` with `width`.

`use_container_width` will be removed after 2025-12-31.

For `use_container_width=True`, use `width='stretch'`. For `use_container_width=False`, use `width='content'`.
2025-09-23 19:30:41.108 Please replace `use_container_width` with `width`.

`use_container_width` will be removed after 2025-12-31.

For `use_container_width=True`, use `width='stretch'`. For `use_container_width=False`, use `width='content'`.
2025-09-23 19:31:13.767 Please replace `use_container_width` with `width`.

`use_container_width` will be removed after 2025-12-31.

For `use_container_width=True`, use `width='stretch'`. For `use_container_width=False`, use `width='content'`.
2025-09-23 19:31:45.319 Please replace `use_container_width` with `width`.

`use_container_width` will be removed after 2025-12-31.

For `use_container_width=True`, use `width='stretch'`. For `use_container_width=False`, use `width='content'`.
2025-09-23 19:32:16.491 Please replace `use_container_width` with `width`.

`use_container_width` will be removed after 2025-12-31.

For `use_container_width=True`, use `width='stretch'`. For `use_container_width=False`, use `width='content'`.
2025-09-23 19:32:48.251 Please replace `use_container_width` with `width`.

`use_container_width` will be removed after 2025-12-31.

For `use_container_width=True`, use `width='stretch'`. For `use_container_width=False`, use `width='content'`.
2025-09-23 19:33:19.545 Please replace `use_container_width` with `width`.

`use_container_width` will be removed after 2025-12-31.

For `use_container_width=True`, use `width='stretch'`. For `use_container_width=False`, use `width='content'`.
2025-09-23 19:33:52.382 Please replace `use_container_width` with `width`.

`use_container_width` will be removed after 2025-12-31.

For `use_container_width=True`, use `width='stretch'`. For `use_container_width=False`, use `width='content'`.
2025-09-23 19:34:23.756 Please replace `use_container_width` with `width`.

`use_container_width` will be removed after 2025-12-31.

For `use_container_width=True`, use `width='stretch'`. For `use_container_width=False`, use `width='content'`.
2025-09-23 19:34:55.081 Please replace `use_container_width` with `width`.

`use_container_width` will be removed after 2025-12-31.

For `use_container_width=True`, use `width='stretch'`. For `use_container_width=False`, use `width='content'`.
2025-09-23 19:35:26.814 Please replace `use_container_width` with `width`.

`use_container_width` will be removed after 2025-12-31.

For `use_container_width=True`, use `width='stretch'`. For `use_container_width=False`, use `width='content'`.
2025-09-23 19:35:58.143 Please replace `use_container_width` with `width`.

`use_container_width` will be removed after 2025-12-31.

For `use_container_width=True`, use `width='stretch'`. For `use_container_width=False`, use `width='content'`.
2025-09-23 19:36:29.935 Please replace `use_container_width` with `width`.

`use_container_width` will be removed after 2025-12-31.

For `use_container_width=True`, use `width='stretch'`. For `use_container_width=False`, use `width='content'`.
2025-09-23 19:37:01.440 Please replace `use_container_width` with `width`.

`use_container_width` will be removed after 2025-12-31.

For `use_container_width=True`, use `width='stretch'`. For `use_container_width=False`, use `width='content'`.
2025-09-23 19:37:33.088 Please replace `use_container_width` with `width`.

`use_container_width` will be removed after 2025-12-31.

For `use_container_width=True`, use `width='stretch'`. For `use_container_width=False`, use `width='content'`.
2025-09-23 19:38:04.312 Please replace `use_container_width` with `width`.

`use_container_width` will be removed after 2025-12-31.

For `use_container_width=True`, use `width='stretch'`. For `use_container_width=False`, use `width='content'`.
2025-09-23 19:38:35.874 Please replace `use_container_width` with `width`.

`use_container_width` will be removed after 2025-12-31.

For `use_container_width=True`, use `width='stretch'`. For `use_container_width=False`, use `width='content'`.
2025-09-23 19:39:07.157 Please replace `use_container_width` with `width`.

`use_container_width` will be removed after 2025-12-31.

For `use_container_width=True`, use `width='stretch'`. For `use_container_width=False`, use `width='content'`.
2025-09-23 19:39:38.395 Please replace `use_container_width` with `width`.

`use_container_width` will be removed after 2025-12-31.

For `use_container_width=True`, use `width='stretch'`. For `use_container_width=False`, use `width='content'`.
2025-09-23 19:40:09.792 Please replace `use_container_width` with `width`.

`use_container_width` will be removed after 2025-12-31.

For `use_container_width=True`, use `width='stretch'`. For `use_container_width=False`, use `width='content'`.
2025-09-23 19:40:41.104 Please replace `use_container_width` with `width`.

`use_container_width` will be removed after 2025-12-31.

For `use_container_width=True`, use `width='stretch'`. For `use_container_width=False`, use `width='content'`.
2025-09-23 19:41:12.696 Please replace `use_container_width` with `width`.

`use_container_width` will be removed after 2025-12-31.

For `use_container_width=True`, use `width='stretch'`. For `use_container_width=False`, use `width='content'`.
2025-09-23 19:41:44.023 Please replace `use_container_width` with `width`.

`use_container_width` will be removed after 2025-12-31.

For `use_container_width=True`, use `width='stretch'`. For `use_container_width=False`, use `width='content'`.
2025-09-23 19:42:15.254 Please replace `use_container_width` with `width`.

`use_container_width` will be removed after 2025-12-31.

For `use_container_width=True`, use `width='stretch'`. For `use_container_width=False`, use `width='content'`.
2025-09-23 19:42:46.612 Please replace `use_container_width` with `width`.

`use_container_width` will be removed after 2025-12-31.

For `use_container_width=True`, use `width='stretch'`. For `use_container_width=False`, use `width='content'`.
2025-09-23 19:43:17.841 Please replace `use_container_width` with `width`.

`use_container_width` will be removed after 2025-12-31.

For `use_container_width=True`, use `width='stretch'`. For `use_container_width=False`, use `width='content'`.
2025-09-23 19:43:49.059 Please replace `use_container_width` with `width`.

`use_container_width` will be removed after 2025-12-31.

For `use_container_width=True`, use `width='stretch'`. For `use_container_width=False`, use `width='content'`.
2025-09-23 19:44:20.436 Please replace `use_container_width` with `width`.

`use_container_width` will be removed after 2025-12-31.

For `use_container_width=True`, use `width='stretch'`. For `use_container_width=False`, use `width='content'`.
2025-09-23 19:44:51.710 Please replace `use_container_width` with `width`.

`use_container_width` will be removed after 2025-12-31.

For `use_container_width=True`, use `width='stretch'`. For `use_container_width=False`, use `width='content'`.
2025-09-23 19:45:22.951 Please replace `use_container_width` with `width`.

`use_container_width` will be removed after 2025-12-31.

For `use_container_width=True`, use `width='stretch'`. For `use_container_width=False`, use `width='content'`.
2025-09-23 19:45:54.859 Please replace `use_container_width` with `width`.

`use_container_width` will be removed after 2025-12-31.

For `use_container_width=True`, use `width='stretch'`. For `use_container_width=False`, use `width='content'`.
2025-09-23 19:46:26.177 Please replace `use_container_width` with `width`.

`use_container_width` will be removed after 2025-12-31.

For `use_container_width=True`, use `width='stretch'`. For `use_container_width=False`, use `width='content'`.
2025-09-23 19:46:57.470 Please replace `use_container_width` with `width`.

`use_container_width` will be removed after 2025-12-31.

For `use_container_width=True`, use `width='stretch'`. For `use_container_width=False`, use `width='content'`.
2025-09-23 19:47:30.206 Please replace `use_container_width` with `width`.

`use_container_width` will be removed after 2025-12-31.

For `use_container_width=True`, use `width='stretch'`. For `use_container_width=False`, use `width='content'`.
2025-09-23 19:48:01.767 Please replace `use_container_width` with `width`.

`use_container_width` will be removed after 2025-12-31.

For `use_container_width=True`, use `width='stretch'`. For `use_container_width=False`, use `width='content'`.
2025-09-23 19:48:33.146 Please replace `use_container_width` with `width`.

`use_container_width` will be removed after 2025-12-31.

For `use_container_width=True`, use `width='stretch'`. For `use_container_width=False`, use `width='content'`.
2025-09-23 19:49:04.665 Please replace `use_container_width` with `width`.

`use_container_width` will be removed after 2025-12-31.

For `use_container_width=True`, use `width='stretch'`. For `use_container_width=False`, use `width='content'`.
2025-09-23 19:49:36.135 Please replace `use_container_width` with `width`.

`use_container_width` will be removed after 2025-12-31.

For `use_container_width=True`, use `width='stretch'`. For `use_container_width=False`, use `width='content'`.
2025-09-23 19:50:07.407 Please replace `use_container_width` with `width`.

`use_container_width` will be removed after 2025-12-31.

For `use_container_width=True`, use `width='stretch'`. For `use_container_width=False`, use `width='content'`.
2025-09-23 19:50:38.904 Please replace `use_container_width` with `width`.

`use_container_width` will be removed after 2025-12-31.

For `use_container_width=True`, use `width='stretch'`. For `use_container_width=False`, use `width='content'`.
2025-09-23 19:51:10.329 Please replace `use_container_width` with `width`.

`use_container_width` will be removed after 2025-12-31.

For `use_container_width=True`, use `width='stretch'`. For `use_container_width=False`, use `width='content'`.
2025-09-23 19:51:41.848 Please replace `use_container_width` with `width`.

`use_container_width` will be removed after 2025-12-31.

For `use_container_width=True`, use `width='stretch'`. For `use_container_width=False`, use `width='content'`.
2025-09-23 19:52:13.122 Please replace `use_container_width` with `width`.

`use_container_width` will be removed after 2025-12-31.

For `use_container_width=True`, use `width='stretch'`. For `use_container_width=False`, use `width='content'`.
2025-09-23 19:52:44.705 Please replace `use_container_width` with `width`.

`use_container_width` will be removed after 2025-12-31.

For `use_container_width=True`, use `width='stretch'`. For `use_container_width=False`, use `width='content'`.
2025-09-23 19:53:16.065 Please replace `use_container_width` with `width`.

`use_container_width` will be removed after 2025-12-31.

For `use_container_width=True`, use `width='stretch'`. For `use_container_width=False`, use `width='content'`.
2025-09-23 19:53:47.379 Please replace `use_container_width` with `width`.

`use_container_width` will be removed after 2025-12-31.

For `use_container_width=True`, use `width='stretch'`. For `use_container_width=False`, use `width='content'`.
2025-09-23 19:54:18.828 Please replace `use_container_width` with `width`.

`use_container_width` will be removed after 2025-12-31.

For `use_container_width=True`, use `width='stretch'`. For `use_container_width=False`, use `width='content'`.
2025-09-23 19:54:50.096 Please replace `use_container_width` with `width`.

`use_container_width` will be removed after 2025-12-31.

For `use_container_width=True`, use `width='stretch'`. For `use_container_width=False`, use `width='content'`.
2025-09-23 19:55:21.421 Please replace `use_container_width` with `width`.

`use_container_width` will be removed after 2025-12-31.

For `use_container_width=True`, use `width='stretch'`. For `use_container_width=False`, use `width='content'`.
2025-09-23 19:55:52.723 Please replace `use_container_width` with `width`.

`use_container_width` will be removed after 2025-12-31.

For `use_container_width=True`, use `width='stretch'`. For `use_container_width=False`, use `width='content'`.
2025-09-23 19:56:23.938 Please replace `use_container_width` with `width`.

`use_container_width` will be removed after 2025-12-31.

For `use_container_width=True`, use `width='stretch'`. For `use_container_width=False`, use `width='content'`.
2025-09-23 19:56:55.216 Please replace `use_container_width` with `width`.

`use_container_width` will be removed after 2025-12-31.

For `use_container_width=True`, use `width='stretch'`. For `use_container_width=False`, use `width='content'`.
2025-09-23 19:57:26.740 Please replace `use_container_width` with `width`.

`use_container_width` will be removed after 2025-12-31.

For `use_container_width=True`, use `width='stretch'`. For `use_container_width=False`, use `width='content'`.
2025-09-23 19:57:58.456 Please replace `use_container_width` with `width`.

`use_container_width` will be removed after 2025-12-31.

For `use_container_width=True`, use `width='stretch'`. For `use_container_width=False`, use `width='content'`.
2025-09-23 19:58:29.887 Please replace `use_container_width` with `width`.

`use_container_width` will be removed after 2025-12-31.

For `use_container_width=True`, use `width='stretch'`. For `use_container_width=False`, use `width='content'`.
2025-09-23 19:59:01.464 Please replace `use_container_width` with `width`.

`use_container_width` will be removed after 2025-12-31.

For `use_container_width=True`, use `width='stretch'`. For `use_container_width=False`, use `width='content'`.
2025-09-23 19:59:33.096 Please replace `use_container_width` with `width`.

`use_container_width` will be removed after 2025-12-31.

For `use_container_width=True`, use `width='stretch'`. For `use_container_width=False`, use `width='content'`.
2025-09-23 20:00:04.866 Please replace `use_container_width` with `width`.

`use_container_width` will be removed after 2025-12-31.

For `use_container_width=True`, use `width='stretch'`. For `use_container_width=False`, use `width='content'`.
2025-09-23 20:00:36.138 Please replace `use_container_width` with `width`.

`use_container_width` will be removed after 2025-12-31.

For `use_container_width=True`, use `width='stretch'`. For `use_container_width=False`, use `width='content'`.
2025-09-23 20:01:07.530 Please replace `use_container_width` with `width`.

`use_container_width` will be removed after 2025-12-31.

For `use_container_width=True`, use `width='stretch'`. For `use_container_width=False`, use `width='content'`.
2025-09-23 20:01:39.131 Please replace `use_container_width` with `width`.

`use_container_width` will be removed after 2025-12-31.

For `use_container_width=True`, use `width='stretch'`. For `use_container_width=False`, use `width='content'`.
2025-09-23 20:02:10.621 Please replace `use_container_width` with `width`.

`use_container_width` will be removed after 2025-12-31.

For `use_container_width=True`, use `width='stretch'`. For `use_container_width=False`, use `width='content'`.
2025-09-23 20:02:42.116 Please replace `use_container_width` with `width`.

`use_container_width` will be removed after 2025-12-31.

For `use_container_width=True`, use `width='stretch'`. For `use_container_width=False`, use `width='content'`.
2025-09-23 20:03:13.619 Please replace `use_container_width` with `width`.

`use_container_width` will be removed after 2025-12-31.

For `use_container_width=True`, use `width='stretch'`. For `use_container_width=False`, use `width='content'`.
2025-09-23 20:03:44.942 Please replace `use_container_width` with `width`.

`use_container_width` will be removed after 2025-12-31.

For `use_container_width=True`, use `width='stretch'`. For `use_container_width=False`, use `width='content'`.
2025-09-23 20:04:16.482 Please replace `use_container_width` with `width`.

`use_container_width` will be removed after 2025-12-31.

For `use_container_width=True`, use `width='stretch'`. For `use_container_width=False`, use `width='content'`.
2025-09-23 20:04:47.893 Please replace `use_container_width` with `width`.

`use_container_width` will be removed after 2025-12-31.

For `use_container_width=True`, use `width='stretch'`. For `use_container_width=False`, use `width='content'`.
2025-09-23 20:05:19.344 Please replace `use_container_width` with `width`.

`use_container_width` will be removed after 2025-12-31.

For `use_container_width=True`, use `width='stretch'`. For `use_container_width=False`, use `width='content'`.
2025-09-23 20:05:50.626 Please replace `use_container_width` with `width`.

`use_container_width` will be removed after 2025-12-31.

For `use_container_width=True`, use `width='stretch'`. For `use_container_width=False`, use `width='content'`.
2025-09-23 20:06:22.058 Please replace `use_container_width` with `width`.

`use_container_width` will be removed after 2025-12-31.

For `use_container_width=True`, use `width='stretch'`. For `use_container_width=False`, use `width='content'`.
2025-09-23 20:06:53.490 Please replace `use_container_width` with `width`.

`use_container_width` will be removed after 2025-12-31.

For `use_container_width=True`, use `width='stretch'`. For `use_container_width=False`, use `width='content'`.
2025-09-23 20:07:25.183 Please replace `use_container_width` with `width`.

`use_container_width` will be removed after 2025-12-31.

For `use_container_width=True`, use `width='stretch'`. For `use_container_width=False`, use `width='content'`.
2025-09-23 20:07:56.488 Please replace `use_container_width` with `width`.

`use_container_width` will be removed after 2025-12-31.

For `use_container_width=True`, use `width='stretch'`. For `use_container_width=False`, use `width='content'`.
2025-09-23 20:08:27.979 Please replace `use_container_width` with `width`.

`use_container_width` will be removed after 2025-12-31.

For `use_container_width=True`, use `width='stretch'`. For `use_container_width=False`, use `width='content'`.
2025-09-23 20:08:59.779 Please replace `use_container_width` with `width`.

`use_container_width` will be removed after 2025-12-31.

For `use_container_width=True`, use `width='stretch'`. For `use_container_width=False`, use `width='content'`.
2025-09-23 20:09:31.236 Please replace `use_container_width` with `width`.

`use_container_width` will be removed after 2025-12-31.

For `use_container_width=True`, use `width='stretch'`. For `use_container_width=False`, use `width='content'`.
2025-09-23 20:10:03.288 Please replace `use_container_width` with `width`.

`use_container_width` will be removed after 2025-12-31.

For `use_container_width=True`, use `width='stretch'`. For `use_container_width=False`, use `width='content'`.
2025-09-23 20:10:34.576 Please replace `use_container_width` with `width`.

`use_container_width` will be removed after 2025-12-31.

For `use_container_width=True`, use `width='stretch'`. For `use_container_width=False`, use `width='content'`.
2025-09-23 20:11:05.958 Please replace `use_container_width` with `width`.

`use_container_width` will be removed after 2025-12-31.

For `use_container_width=True`, use `width='stretch'`. For `use_container_width=False`, use `width='content'`.
2025-09-23 20:11:37.663 Please replace `use_container_width` with `width`.

`use_container_width` will be removed after 2025-12-31.

For `use_container_width=True`, use `width='stretch'`. For `use_container_width=False`, use `width='content'`.
2025-09-23 20:12:09.101 Please replace `use_container_width` with `width`.

`use_container_width` will be removed after 2025-12-31.

For `use_container_width=True`, use `width='stretch'`. For `use_container_width=False`, use `width='content'`.
2025-09-23 20:12:40.449 Please replace `use_container_width` with `width`.

`use_container_width` will be removed after 2025-12-31.

For `use_container_width=True`, use `width='stretch'`. For `use_container_width=False`, use `width='content'`.
2025-09-23 20:13:11.865 Please replace `use_container_width` with `width`.

`use_container_width` will be removed after 2025-12-31.

For `use_container_width=True`, use `width='stretch'`. For `use_container_width=False`, use `width='content'`.
2025-09-23 20:13:43.356 Please replace `use_container_width` with `width`.

`use_container_width` will be removed after 2025-12-31.

For `use_container_width=True`, use `width='stretch'`. For `use_container_width=False`, use `width='content'`.
2025-09-23 20:14:14.796 Please replace `use_container_width` with `width`.

`use_container_width` will be removed after 2025-12-31.

For `use_container_width=True`, use `width='stretch'`. For `use_container_width=False`, use `width='content'`.
2025-09-23 20:14:46.475 Please replace `use_container_width` with `width`.

`use_container_width` will be removed after 2025-12-31.

For `use_container_width=True`, use `width='stretch'`. For `use_container_width=False`, use `width='content'`.
2025-09-23 20:15:18.001 Please replace `use_container_width` with `width`.

`use_container_width` will be removed after 2025-12-31.

For `use_container_width=True`, use `width='stretch'`. For `use_container_width=False`, use `width='content'`.
2025-09-23 20:15:49.730 Please replace `use_container_width` with `width`.

`use_container_width` will be removed after 2025-12-31.

For `use_container_width=True`, use `width='stretch'`. For `use_container_width=False`, use `width='content'`.
2025-09-23 20:16:21.136 Please replace `use_container_width` with `width`.

`use_container_width` will be removed after 2025-12-31.

For `use_container_width=True`, use `width='stretch'`. For `use_container_width=False`, use `width='content'`.
2025-09-23 20:16:52.496 Please replace `use_container_width` with `width`.

`use_container_width` will be removed after 2025-12-31.

For `use_container_width=True`, use `width='stretch'`. For `use_container_width=False`, use `width='content'`.
2025-09-23 20:17:24.219 Please replace `use_container_width` with `width`.

`use_container_width` will be removed after 2025-12-31.

For `use_container_width=True`, use `width='stretch'`. For `use_container_width=False`, use `width='content'`.
2025-09-23 20:17:55.634 Please replace `use_container_width` with `width`.

`use_container_width` will be removed after 2025-12-31.

For `use_container_width=True`, use `width='stretch'`. For `use_container_width=False`, use `width='content'`.
2025-09-23 20:18:27.214 Please replace `use_container_width` with `width`.

`use_container_width` will be removed after 2025-12-31.

For `use_container_width=True`, use `width='stretch'`. For `use_container_width=False`, use `width='content'`.
2025-09-23 20:18:58.984 Please replace `use_container_width` with `width`.

`use_container_width` will be removed after 2025-12-31.

For `use_container_width=True`, use `width='stretch'`. For `use_container_width=False`, use `width='content'`.
2025-09-23 20:19:30.448 Please replace `use_container_width` with `width`.

`use_container_width` will be removed after 2025-12-31.

For `use_container_width=True`, use `width='stretch'`. For `use_container_width=False`, use `width='content'`.
2025-09-23 20:20:02.204 Please replace `use_container_width` with `width`.

`use_container_width` will be removed after 2025-12-31.

For `use_container_width=True`, use `width='stretch'`. For `use_container_width=False`, use `width='content'`.
2025-09-23 20:20:33.717 Please replace `use_container_width` with `width`.

`use_container_width` will be removed after 2025-12-31.

For `use_container_width=True`, use `width='stretch'`. For `use_container_width=False`, use `width='content'`.
2025-09-23 20:21:05.093 Please replace `use_container_width` with `width`.

`use_container_width` will be removed after 2025-12-31.

For `use_container_width=True`, use `width='stretch'`. For `use_container_width=False`, use `width='content'`.
2025-09-23 20:21:36.343 Please replace `use_container_width` with `width`.

`use_container_width` will be removed after 2025-12-31.

For `use_container_width=True`, use `width='stretch'`. For `use_container_width=False`, use `width='content'`.
2025-09-23 20:22:08.234 Please replace `use_container_width` with `width`.

`use_container_width` will be removed after 2025-12-31.

For `use_container_width=True`, use `width='stretch'`. For `use_container_width=False`, use `width='content'`.
2025-09-23 20:22:39.794 Please replace `use_container_width` with `width`.

`use_container_width` will be removed after 2025-12-31.

For `use_container_width=True`, use `width='stretch'`. For `use_container_width=False`, use `width='content'`.
2025-09-23 20:23:11.247 Please replace `use_container_width` with `width`.

`use_container_width` will be removed after 2025-12-31.

For `use_container_width=True`, use `width='stretch'`. For `use_container_width=False`, use `width='content'`.
2025-09-23 20:23:42.807 Please replace `use_container_width` with `width`.

`use_container_width` will be removed after 2025-12-31.

For `use_container_width=True`, use `width='stretch'`. For `use_container_width=False`, use `width='content'`.
2025-09-23 20:24:14.122 Please replace `use_container_width` with `width`.

`use_container_width` will be removed after 2025-12-31.

For `use_container_width=True`, use `width='stretch'`. For `use_container_width=False`, use `width='content'`.
2025-09-23 20:24:45.809 Please replace `use_container_width` with `width`.

`use_container_width` will be removed after 2025-12-31.

For `use_container_width=True`, use `width='stretch'`. For `use_container_width=False`, use `width='content'`.
2025-09-23 20:25:17.334 Please replace `use_container_width` with `width`.

`use_container_width` will be removed after 2025-12-31.

For `use_container_width=True`, use `width='stretch'`. For `use_container_width=False`, use `width='content'`.
2025-09-23 20:25:48.817 Please replace `use_container_width` with `width`.

`use_container_width` will be removed after 2025-12-31.

For `use_container_width=True`, use `width='stretch'`. For `use_container_width=False`, use `width='content'`.
2025-09-23 20:26:20.499 Please replace `use_container_width` with `width`.

`use_container_width` will be removed after 2025-12-31.

For `use_container_width=True`, use `width='stretch'`. For `use_container_width=False`, use `width='content'`.
2025-09-23 20:26:52.092 Please replace `use_container_width` with `width`.

`use_container_width` will be removed after 2025-12-31.

For `use_container_width=True`, use `width='stretch'`. For `use_container_width=False`, use `width='content'`.
2025-09-23 20:27:23.728 Please replace `use_container_width` with `width`.

`use_container_width` will be removed after 2025-12-31.

For `use_container_width=True`, use `width='stretch'`. For `use_container_width=False`, use `width='content'`.
2025-09-23 20:27:55.004 Please replace `use_container_width` with `width`.

`use_container_width` will be removed after 2025-12-31.

For `use_container_width=True`, use `width='stretch'`. For `use_container_width=False`, use `width='content'`.
2025-09-23 20:28:26.681 Please replace `use_container_width` with `width`.

`use_container_width` will be removed after 2025-12-31.

For `use_container_width=True`, use `width='stretch'`. For `use_container_width=False`, use `width='content'`.
2025-09-23 20:28:58.606 Please replace `use_container_width` with `width`.

`use_container_width` will be removed after 2025-12-31.

For `use_container_width=True`, use `width='stretch'`. For `use_container_width=False`, use `width='content'`.
2025-09-23 20:29:30.295 Please replace `use_container_width` with `width`.

`use_container_width` will be removed after 2025-12-31.

For `use_container_width=True`, use `width='stretch'`. For `use_container_width=False`, use `width='content'`.
2025-09-23 20:30:01.948 Please replace `use_container_width` with `width`.

`use_container_width` will be removed after 2025-12-31.

For `use_container_width=True`, use `width='stretch'`. For `use_container_width=False`, use `width='content'`.
2025-09-23 20:30:33.224 Please replace `use_container_width` with `width`.

`use_container_width` will be removed after 2025-12-31.

For `use_container_width=True`, use `width='stretch'`. For `use_container_width=False`, use `width='content'`.
2025-09-23 20:31:04.735 Please replace `use_container_width` with `width`.

`use_container_width` will be removed after 2025-12-31.

For `use_container_width=True`, use `width='stretch'`. For `use_container_width=False`, use `width='content'`.
2025-09-23 20:31:36.348 Please replace `use_container_width` with `width`.

`use_container_width` will be removed after 2025-12-31.

For `use_container_width=True`, use `width='stretch'`. For `use_container_width=False`, use `width='content'`.
2025-09-23 20:32:07.767 Please replace `use_container_width` with `width`.

`use_container_width` will be removed after 2025-12-31.

For `use_container_width=True`, use `width='stretch'`. For `use_container_width=False`, use `width='content'`.
2025-09-23 20:32:39.792 Please replace `use_container_width` with `width`.

`use_container_width` will be removed after 2025-12-31.

For `use_container_width=True`, use `width='stretch'`. For `use_container_width=False`, use `width='content'`.
2025-09-23 20:33:11.199 Please replace `use_container_width` with `width`.

`use_container_width` will be removed after 2025-12-31.

For `use_container_width=True`, use `width='stretch'`. For `use_container_width=False`, use `width='content'`.
2025-09-23 20:33:42.396 Please replace `use_container_width` with `width`.

`use_container_width` will be removed after 2025-12-31.

For `use_container_width=True`, use `width='stretch'`. For `use_container_width=False`, use `width='content'`.
2025-09-23 20:34:13.828 Please replace `use_container_width` with `width`.

`use_container_width` will be removed after 2025-12-31.

For `use_container_width=True`, use `width='stretch'`. For `use_container_width=False`, use `width='content'`.
2025-09-23 20:34:45.482 Please replace `use_container_width` with `width`.

`use_container_width` will be removed after 2025-12-31.

For `use_container_width=True`, use `width='stretch'`. For `use_container_width=False`, use `width='content'`.
2025-09-23 20:35:16.871 Please replace `use_container_width` with `width`.

`use_container_width` will be removed after 2025-12-31.

For `use_container_width=True`, use `width='stretch'`. For `use_container_width=False`, use `width='content'`.
2025-09-23 20:35:48.935 Please replace `use_container_width` with `width`.

`use_container_width` will be removed after 2025-12-31.

For `use_container_width=True`, use `width='stretch'`. For `use_container_width=False`, use `width='content'`.
2025-09-23 20:36:20.252 Please replace `use_container_width` with `width`.

`use_container_width` will be removed after 2025-12-31.

For `use_container_width=True`, use `width='stretch'`. For `use_container_width=False`, use `width='content'`.
2025-09-23 20:36:51.779 Please replace `use_container_width` with `width`.

`use_container_width` will be removed after 2025-12-31.

For `use_container_width=True`, use `width='stretch'`. For `use_container_width=False`, use `width='content'`.
2025-09-23 20:37:23.599 Please replace `use_container_width` with `width`.

`use_container_width` will be removed after 2025-12-31.

For `use_container_width=True`, use `width='stretch'`. For `use_container_width=False`, use `width='content'`.
2025-09-23 20:37:55.050 Please replace `use_container_width` with `width`.

`use_container_width` will be removed after 2025-12-31.

For `use_container_width=True`, use `width='stretch'`. For `use_container_width=False`, use `width='content'`.
2025-09-23 20:38:26.439 Please replace `use_container_width` with `width`.

`use_container_width` will be removed after 2025-12-31.

For `use_container_width=True`, use `width='stretch'`. For `use_container_width=False`, use `width='content'`.
2025-09-23 20:38:57.909 Please replace `use_container_width` with `width`.

`use_container_width` will be removed after 2025-12-31.

For `use_container_width=True`, use `width='stretch'`. For `use_container_width=False`, use `width='content'`.
2025-09-23 20:39:29.384 Please replace `use_container_width` with `width`.

`use_container_width` will be removed after 2025-12-31.

For `use_container_width=True`, use `width='stretch'`. For `use_container_width=False`, use `width='content'`.
2025-09-23 20:40:00.716 Please replace `use_container_width` with `width`.

`use_container_width` will be removed after 2025-12-31.

For `use_container_width=True`, use `width='stretch'`. For `use_container_width=False`, use `width='content'`.
2025-09-23 20:40:32.252 Please replace `use_container_width` with `width`.

`use_container_width` will be removed after 2025-12-31.

For `use_container_width=True`, use `width='stretch'`. For `use_container_width=False`, use `width='content'`.
2025-09-23 20:41:03.677 Please replace `use_container_width` with `width`.

`use_container_width` will be removed after 2025-12-31.

For `use_container_width=True`, use `width='stretch'`. For `use_container_width=False`, use `width='content'`.
2025-09-23 20:41:35.235 Please replace `use_container_width` with `width`.

`use_container_width` will be removed after 2025-12-31.

For `use_container_width=True`, use `width='stretch'`. For `use_container_width=False`, use `width='content'`.
2025-09-23 20:42:06.957 Please replace `use_container_width` with `width`.

`use_container_width` will be removed after 2025-12-31.

For `use_container_width=True`, use `width='stretch'`. For `use_container_width=False`, use `width='content'`.
2025-09-23 20:42:38.174 Please replace `use_container_width` with `width`.

`use_container_width` will be removed after 2025-12-31.

For `use_container_width=True`, use `width='stretch'`. For `use_container_width=False`, use `width='content'`.
2025-09-23 20:43:09.772 Please replace `use_container_width` with `width`.

`use_container_width` will be removed after 2025-12-31.

For `use_container_width=True`, use `width='stretch'`. For `use_container_width=False`, use `width='content'`.
2025-09-23 20:43:41.311 Please replace `use_container_width` with `width`.

`use_container_width` will be removed after 2025-12-31.

For `use_container_width=True`, use `width='stretch'`. For `use_container_width=False`, use `width='content'`.
2025-09-23 20:44:12.860 Please replace `use_container_width` with `width`.

`use_container_width` will be removed after 2025-12-31.

For `use_container_width=True`, use `width='stretch'`. For `use_container_width=False`, use `width='content'`.
2025-09-23 20:44:44.185 Please replace `use_container_width` with `width`.

`use_container_width` will be removed after 2025-12-31.

For `use_container_width=True`, use `width='stretch'`. For `use_container_width=False`, use `width='content'`.
2025-09-23 20:45:15.734 Please replace `use_container_width` with `width`.

`use_container_width` will be removed after 2025-12-31.

For `use_container_width=True`, use `width='stretch'`. For `use_container_width=False`, use `width='content'`.
2025-09-23 20:45:47.179 Please replace `use_container_width` with `width`.

`use_container_width` will be removed after 2025-12-31.

For `use_container_width=True`, use `width='stretch'`. For `use_container_width=False`, use `width='content'`.
2025-09-23 20:46:18.433 Please replace `use_container_width` with `width`.

`use_container_width` will be removed after 2025-12-31.

For `use_container_width=True`, use `width='stretch'`. For `use_container_width=False`, use `width='content'`.
2025-09-23 20:46:50.012 Please replace `use_container_width` with `width`.

`use_container_width` will be removed after 2025-12-31.

For `use_container_width=True`, use `width='stretch'`. For `use_container_width=False`, use `width='content'`.
2025-09-23 20:47:21.492 Please replace `use_container_width` with `width`.

`use_container_width` will be removed after 2025-12-31.

For `use_container_width=True`, use `width='stretch'`. For `use_container_width=False`, use `width='content'`.
2025-09-23 20:47:52.957 Please replace `use_container_width` with `width`.

`use_container_width` will be removed after 2025-12-31.

For `use_container_width=True`, use `width='stretch'`. For `use_container_width=False`, use `width='content'`.
2025-09-23 20:48:24.620 Please replace `use_container_width` with `width`.

`use_container_width` will be removed after 2025-12-31.

For `use_container_width=True`, use `width='stretch'`. For `use_container_width=False`, use `width='content'`.
2025-09-23 20:48:56.103 Please replace `use_container_width` with `width`.

`use_container_width` will be removed after 2025-12-31.

For `use_container_width=True`, use `width='stretch'`. For `use_container_width=False`, use `width='content'`.
2025-09-23 20:49:27.657 Please replace `use_container_width` with `width`.

`use_container_width` will be removed after 2025-12-31.

For `use_container_width=True`, use `width='stretch'`. For `use_container_width=False`, use `width='content'`.
2025-09-23 20:49:59.073 Please replace `use_container_width` with `width`.

`use_container_width` will be removed after 2025-12-31.

For `use_container_width=True`, use `width='stretch'`. For `use_container_width=False`, use `width='content'`.
2025-09-23 20:50:30.832 Please replace `use_container_width` with `width`.

`use_container_width` will be removed after 2025-12-31.

For `use_container_width=True`, use `width='stretch'`. For `use_container_width=False`, use `width='content'`.
2025-09-23 20:51:02.353 Please replace `use_container_width` with `width`.

`use_container_width` will be removed after 2025-12-31.

For `use_container_width=True`, use `width='stretch'`. For `use_container_width=False`, use `width='content'`.
2025-09-23 20:51:33.909 Please replace `use_container_width` with `width`.

`use_container_width` will be removed after 2025-12-31.

For `use_container_width=True`, use `width='stretch'`. For `use_container_width=False`, use `width='content'`.
2025-09-23 20:52:05.590 Please replace `use_container_width` with `width`.

`use_container_width` will be removed after 2025-12-31.

For `use_container_width=True`, use `width='stretch'`. For `use_container_width=False`, use `width='content'`.
2025-09-23 20:52:37.321 Please replace `use_container_width` with `width`.

`use_container_width` will be removed after 2025-12-31.

For `use_container_width=True`, use `width='stretch'`. For `use_container_width=False`, use `width='content'`.
2025-09-23 20:53:08.675 Please replace `use_container_width` with `width`.

`use_container_width` will be removed after 2025-12-31.

For `use_container_width=True`, use `width='stretch'`. For `use_container_width=False`, use `width='content'`.
2025-09-23 20:53:40.140 Please replace `use_container_width` with `width`.

`use_container_width` will be removed after 2025-12-31.

For `use_container_width=True`, use `width='stretch'`. For `use_container_width=False`, use `width='content'`.
2025-09-23 20:54:11.593 Please replace `use_container_width` with `width`.

`use_container_width` will be removed after 2025-12-31.

For `use_container_width=True`, use `width='stretch'`. For `use_container_width=False`, use `width='content'`.
2025-09-23 20:54:43.133 Please replace `use_container_width` with `width`.

`use_container_width` will be removed after 2025-12-31.

For `use_container_width=True`, use `width='stretch'`. For `use_container_width=False`, use `width='content'`.
2025-09-23 20:55:14.761 Please replace `use_container_width` with `width`.

`use_container_width` will be removed after 2025-12-31.

For `use_container_width=True`, use `width='stretch'`. For `use_container_width=False`, use `width='content'`.
2025-09-23 20:55:46.348 Please replace `use_container_width` with `width`.

`use_container_width` will be removed after 2025-12-31.

For `use_container_width=True`, use `width='stretch'`. For `use_container_width=False`, use `width='content'`.
2025-09-23 20:56:18.053 Please replace `use_container_width` with `width`.

`use_container_width` will be removed after 2025-12-31.

For `use_container_width=True`, use `width='stretch'`. For `use_container_width=False`, use `width='content'`.
2025-09-23 20:56:49.919 Please replace `use_container_width` with `width`.

`use_container_width` will be removed after 2025-12-31.

For `use_container_width=True`, use `width='stretch'`. For `use_container_width=False`, use `width='content'`.
2025-09-23 20:57:21.372 Please replace `use_container_width` with `width`.

`use_container_width` will be removed after 2025-12-31.

For `use_container_width=True`, use `width='stretch'`. For `use_container_width=False`, use `width='content'`.
2025-09-23 20:57:52.843 Please replace `use_container_width` with `width`.

`use_container_width` will be removed after 2025-12-31.

For `use_container_width=True`, use `width='stretch'`. For `use_container_width=False`, use `width='content'`.
2025-09-23 20:58:24.335 Please replace `use_container_width` with `width`.

`use_container_width` will be removed after 2025-12-31.

For `use_container_width=True`, use `width='stretch'`. For `use_container_width=False`, use `width='content'`.
2025-09-23 20:58:55.851 Please replace `use_container_width` with `width`.

`use_container_width` will be removed after 2025-12-31.

For `use_container_width=True`, use `width='stretch'`. For `use_container_width=False`, use `width='content'`.
2025-09-23 20:59:27.282 Please replace `use_container_width` with `width`.

`use_container_width` will be removed after 2025-12-31.

For `use_container_width=True`, use `width='stretch'`. For `use_container_width=False`, use `width='content'`.
2025-09-23 20:59:58.864 Please replace `use_container_width` with `width`.

`use_container_width` will be removed after 2025-12-31.

For `use_container_width=True`, use `width='stretch'`. For `use_container_width=False`, use `width='content'`.
2025-09-23 21:00:30.472 Please replace `use_container_width` with `width`.

`use_container_width` will be removed after 2025-12-31.

For `use_container_width=True`, use `width='stretch'`. For `use_container_width=False`, use `width='content'`.
2025-09-23 21:01:02.303 Please replace `use_container_width` with `width`.

`use_container_width` will be removed after 2025-12-31.

For `use_container_width=True`, use `width='stretch'`. For `use_container_width=False`, use `width='content'`.
2025-09-23 21:01:33.653 Please replace `use_container_width` with `width`.

`use_container_width` will be removed after 2025-12-31.

For `use_container_width=True`, use `width='stretch'`. For `use_container_width=False`, use `width='content'`.
2025-09-23 21:02:05.029 Please replace `use_container_width` with `width`.

`use_container_width` will be removed after 2025-12-31.

For `use_container_width=True`, use `width='stretch'`. For `use_container_width=False`, use `width='content'`.
2025-09-23 21:02:36.467 Please replace `use_container_width` with `width`.

`use_container_width` will be removed after 2025-12-31.

For `use_container_width=True`, use `width='stretch'`. For `use_container_width=False`, use `width='content'`.
2025-09-23 21:03:07.992 Please replace `use_container_width` with `width`.

`use_container_width` will be removed after 2025-12-31.

For `use_container_width=True`, use `width='stretch'`. For `use_container_width=False`, use `width='content'`.
2025-09-23 21:03:39.457 Please replace `use_container_width` with `width`.

`use_container_width` will be removed after 2025-12-31.

For `use_container_width=True`, use `width='stretch'`. For `use_container_width=False`, use `width='content'`.
2025-09-23 21:04:11.002 Please replace `use_container_width` with `width`.

`use_container_width` will be removed after 2025-12-31.

For `use_container_width=True`, use `width='stretch'`. For `use_container_width=False`, use `width='content'`.
2025-09-23 21:04:42.350 Please replace `use_container_width` with `width`.

`use_container_width` will be removed after 2025-12-31.

For `use_container_width=True`, use `width='stretch'`. For `use_container_width=False`, use `width='content'`.
2025-09-23 21:05:13.907 Please replace `use_container_width` with `width`.

`use_container_width` will be removed after 2025-12-31.

For `use_container_width=True`, use `width='stretch'`. For `use_container_width=False`, use `width='content'`.
2025-09-23 21:05:45.430 Please replace `use_container_width` with `width`.

`use_container_width` will be removed after 2025-12-31.

For `use_container_width=True`, use `width='stretch'`. For `use_container_width=False`, use `width='content'`.
2025-09-23 21:06:17.142 Please replace `use_container_width` with `width`.

`use_container_width` will be removed after 2025-12-31.

For `use_container_width=True`, use `width='stretch'`. For `use_container_width=False`, use `width='content'`.
2025-09-23 21:06:48.892 Please replace `use_container_width` with `width`.

`use_container_width` will be removed after 2025-12-31.

For `use_container_width=True`, use `width='stretch'`. For `use_container_width=False`, use `width='content'`.
2025-09-23 21:07:20.400 Please replace `use_container_width` with `width`.

`use_container_width` will be removed after 2025-12-31.

For `use_container_width=True`, use `width='stretch'`. For `use_container_width=False`, use `width='content'`.
2025-09-23 21:07:51.875 Please replace `use_container_width` with `width`.

`use_container_width` will be removed after 2025-12-31.

For `use_container_width=True`, use `width='stretch'`. For `use_container_width=False`, use `width='content'`.
2025-09-23 21:08:23.404 Please replace `use_container_width` with `width`.

`use_container_width` will be removed after 2025-12-31.

For `use_container_width=True`, use `width='stretch'`. For `use_container_width=False`, use `width='content'`.
2025-09-23 21:08:54.865 Please replace `use_container_width` with `width`.

`use_container_width` will be removed after 2025-12-31.

For `use_container_width=True`, use `width='stretch'`. For `use_container_width=False`, use `width='content'`.
2025-09-23 21:09:26.461 Please replace `use_container_width` with `width`.

`use_container_width` will be removed after 2025-12-31.

For `use_container_width=True`, use `width='stretch'`. For `use_container_width=False`, use `width='content'`.
2025-09-23 21:09:58.332 Please replace `use_container_width` with `width`.

`use_container_width` will be removed after 2025-12-31.

For `use_container_width=True`, use `width='stretch'`. For `use_container_width=False`, use `width='content'`.
2025-09-23 21:10:30.115 Please replace `use_container_width` with `width`.

`use_container_width` will be removed after 2025-12-31.

For `use_container_width=True`, use `width='stretch'`. For `use_container_width=False`, use `width='content'`.
2025-09-23 21:11:01.983 Please replace `use_container_width` with `width`.

`use_container_width` will be removed after 2025-12-31.

For `use_container_width=True`, use `width='stretch'`. For `use_container_width=False`, use `width='content'`.
2025-09-23 21:11:33.784 Please replace `use_container_width` with `width`.

`use_container_width` will be removed after 2025-12-31.

For `use_container_width=True`, use `width='stretch'`. For `use_container_width=False`, use `width='content'`.
2025-09-23 21:12:05.312 Please replace `use_container_width` with `width`.

`use_container_width` will be removed after 2025-12-31.

For `use_container_width=True`, use `width='stretch'`. For `use_container_width=False`, use `width='content'`.
2025-09-23 21:12:36.691 Please replace `use_container_width` with `width`.

`use_container_width` will be removed after 2025-12-31.

For `use_container_width=True`, use `width='stretch'`. For `use_container_width=False`, use `width='content'`.
2025-09-23 21:13:08.117 Please replace `use_container_width` with `width`.

`use_container_width` will be removed after 2025-12-31.

For `use_container_width=True`, use `width='stretch'`. For `use_container_width=False`, use `width='content'`.
2025-09-23 21:13:39.342 Please replace `use_container_width` with `width`.

`use_container_width` will be removed after 2025-12-31.

For `use_container_width=True`, use `width='stretch'`. For `use_container_width=False`, use `width='content'`.
2025-09-23 21:14:10.977 Please replace `use_container_width` with `width`.

`use_container_width` will be removed after 2025-12-31.

For `use_container_width=True`, use `width='stretch'`. For `use_container_width=False`, use `width='content'`.
2025-09-23 21:14:42.364 Please replace `use_container_width` with `width`.

`use_container_width` will be removed after 2025-12-31.

For `use_container_width=True`, use `width='stretch'`. For `use_container_width=False`, use `width='content'`.
2025-09-23 21:15:13.720 Please replace `use_container_width` with `width`.

`use_container_width` will be removed after 2025-12-31.

For `use_container_width=True`, use `width='stretch'`. For `use_container_width=False`, use `width='content'`.
2025-09-23 21:15:45.349 Please replace `use_container_width` with `width`.

`use_container_width` will be removed after 2025-12-31.

For `use_container_width=True`, use `width='stretch'`. For `use_container_width=False`, use `width='content'`.
2025-09-23 21:16:16.766 Please replace `use_container_width` with `width`.

`use_container_width` will be removed after 2025-12-31.

For `use_container_width=True`, use `width='stretch'`. For `use_container_width=False`, use `width='content'`.
2025-09-23 21:16:48.101 Please replace `use_container_width` with `width`.

`use_container_width` will be removed after 2025-12-31.

For `use_container_width=True`, use `width='stretch'`. For `use_container_width=False`, use `width='content'`.
2025-09-23 21:17:19.788 Please replace `use_container_width` with `width`.

`use_container_width` will be removed after 2025-12-31.

For `use_container_width=True`, use `width='stretch'`. For `use_container_width=False`, use `width='content'`.
2025-09-23 21:17:51.135 Please replace `use_container_width` with `width`.

`use_container_width` will be removed after 2025-12-31.

For `use_container_width=True`, use `width='stretch'`. For `use_container_width=False`, use `width='content'`.
2025-09-23 21:18:22.579 Please replace `use_container_width` with `width`.

`use_container_width` will be removed after 2025-12-31.

For `use_container_width=True`, use `width='stretch'`. For `use_container_width=False`, use `width='content'`.
2025-09-23 21:18:54.105 Please replace `use_container_width` with `width`.

`use_container_width` will be removed after 2025-12-31.

For `use_container_width=True`, use `width='stretch'`. For `use_container_width=False`, use `width='content'`.
2025-09-23 21:19:25.902 Please replace `use_container_width` with `width`.

`use_container_width` will be removed after 2025-12-31.

For `use_container_width=True`, use `width='stretch'`. For `use_container_width=False`, use `width='content'`.
2025-09-23 21:19:57.597 Please replace `use_container_width` with `width`.

`use_container_width` will be removed after 2025-12-31.

For `use_container_width=True`, use `width='stretch'`. For `use_container_width=False`, use `width='content'`.
2025-09-23 21:20:28.922 Please replace `use_container_width` with `width`.

`use_container_width` will be removed after 2025-12-31.

For `use_container_width=True`, use `width='stretch'`. For `use_container_width=False`, use `width='content'`.
2025-09-23 21:21:00.420 Please replace `use_container_width` with `width`.

`use_container_width` will be removed after 2025-12-31.

For `use_container_width=True`, use `width='stretch'`. For `use_container_width=False`, use `width='content'`.
2025-09-23 21:21:32.034 Please replace `use_container_width` with `width`.

`use_container_width` will be removed after 2025-12-31.

For `use_container_width=True`, use `width='stretch'`. For `use_container_width=False`, use `width='content'`.
2025-09-23 21:22:03.439 Please replace `use_container_width` with `width`.

`use_container_width` will be removed after 2025-12-31.

For `use_container_width=True`, use `width='stretch'`. For `use_container_width=False`, use `width='content'`.
2025-09-23 21:22:34.747 Please replace `use_container_width` with `width`.

`use_container_width` will be removed after 2025-12-31.

For `use_container_width=True`, use `width='stretch'`. For `use_container_width=False`, use `width='content'`.
2025-09-23 21:23:06.246 Please replace `use_container_width` with `width`.

`use_container_width` will be removed after 2025-12-31.

For `use_container_width=True`, use `width='stretch'`. For `use_container_width=False`, use `width='content'`.
2025-09-23 21:23:37.534 Please replace `use_container_width` with `width`.

`use_container_width` will be removed after 2025-12-31.

For `use_container_width=True`, use `width='stretch'`. For `use_container_width=False`, use `width='content'`.
2025-09-23 21:24:08.790 Please replace `use_container_width` with `width`.

`use_container_width` will be removed after 2025-12-31.

For `use_container_width=True`, use `width='stretch'`. For `use_container_width=False`, use `width='content'`.
2025-09-23 21:24:40.466 Please replace `use_container_width` with `width`.

`use_container_width` will be removed after 2025-12-31.

For `use_container_width=True`, use `width='stretch'`. For `use_container_width=False`, use `width='content'`.
2025-09-23 21:25:11.798 Please replace `use_container_width` with `width`.

`use_container_width` will be removed after 2025-12-31.

For `use_container_width=True`, use `width='stretch'`. For `use_container_width=False`, use `width='content'`.
2025-09-23 21:25:43.314 Please replace `use_container_width` with `width`.

`use_container_width` will be removed after 2025-12-31.

For `use_container_width=True`, use `width='stretch'`. For `use_container_width=False`, use `width='content'`.
2025-09-23 21:26:14.604 Please replace `use_container_width` with `width`.

`use_container_width` will be removed after 2025-12-31.

For `use_container_width=True`, use `width='stretch'`. For `use_container_width=False`, use `width='content'`.
2025-09-23 21:26:45.958 Please replace `use_container_width` with `width`.

`use_container_width` will be removed after 2025-12-31.

For `use_container_width=True`, use `width='stretch'`. For `use_container_width=False`, use `width='content'`.
2025-09-23 21:27:17.445 Please replace `use_container_width` with `width`.

`use_container_width` will be removed after 2025-12-31.

For `use_container_width=True`, use `width='stretch'`. For `use_container_width=False`, use `width='content'`.
2025-09-23 21:27:48.811 Please replace `use_container_width` with `width`.

`use_container_width` will be removed after 2025-12-31.

For `use_container_width=True`, use `width='stretch'`. For `use_container_width=False`, use `width='content'`.
2025-09-23 21:28:20.435 Please replace `use_container_width` with `width`.

`use_container_width` will be removed after 2025-12-31.

For `use_container_width=True`, use `width='stretch'`. For `use_container_width=False`, use `width='content'`.
2025-09-23 21:28:52.353 Please replace `use_container_width` with `width`.

`use_container_width` will be removed after 2025-12-31.

For `use_container_width=True`, use `width='stretch'`. For `use_container_width=False`, use `width='content'`.
2025-09-23 21:29:24.322 Please replace `use_container_width` with `width`.

`use_container_width` will be removed after 2025-12-31.

For `use_container_width=True`, use `width='stretch'`. For `use_container_width=False`, use `width='content'`.
2025-09-23 21:29:56.077 Please replace `use_container_width` with `width`.

`use_container_width` will be removed after 2025-12-31.

For `use_container_width=True`, use `width='stretch'`. For `use_container_width=False`, use `width='content'`.
2025-09-23 21:30:27.893 Please replace `use_container_width` with `width`.

`use_container_width` will be removed after 2025-12-31.

For `use_container_width=True`, use `width='stretch'`. For `use_container_width=False`, use `width='content'`.
2025-09-23 21:30:59.686 Please replace `use_container_width` with `width`.

`use_container_width` will be removed after 2025-12-31.

For `use_container_width=True`, use `width='stretch'`. For `use_container_width=False`, use `width='content'`.
2025-09-23 21:31:31.493 Please replace `use_container_width` with `width`.

`use_container_width` will be removed after 2025-12-31.

For `use_container_width=True`, use `width='stretch'`. For `use_container_width=False`, use `width='content'`.
2025-09-23 21:32:03.311 Please replace `use_container_width` with `width`.

`use_container_width` will be removed after 2025-12-31.

For `use_container_width=True`, use `width='stretch'`. For `use_container_width=False`, use `width='content'`.
2025-09-23 21:32:35.398 Please replace `use_container_width` with `width`.

`use_container_width` will be removed after 2025-12-31.

For `use_container_width=True`, use `width='stretch'`. For `use_container_width=False`, use `width='content'`.
2025-09-23 21:33:07.505 Please replace `use_container_width` with `width`.

`use_container_width` will be removed after 2025-12-31.

For `use_container_width=True`, use `width='stretch'`. For `use_container_width=False`, use `width='content'`.
2025-09-23 21:33:39.328 Please replace `use_container_width` with `width`.

`use_container_width` will be removed after 2025-12-31.

For `use_container_width=True`, use `width='stretch'`. For `use_container_width=False`, use `width='content'`.
2025-09-23 21:34:11.544 Please replace `use_container_width` with `width`.

`use_container_width` will be removed after 2025-12-31.

For `use_container_width=True`, use `width='stretch'`. For `use_container_width=False`, use `width='content'`.
2025-09-23 21:34:43.788 Please replace `use_container_width` with `width`.

`use_container_width` will be removed after 2025-12-31.

For `use_container_width=True`, use `width='stretch'`. For `use_container_width=False`, use `width='content'`.
2025-09-23 21:35:15.903 Please replace `use_container_width` with `width`.

`use_container_width` will be removed after 2025-12-31.

For `use_container_width=True`, use `width='stretch'`. For `use_container_width=False`, use `width='content'`.
2025-09-23 21:35:47.951 Please replace `use_container_width` with `width`.

`use_container_width` will be removed after 2025-12-31.

For `use_container_width=True`, use `width='stretch'`. For `use_container_width=False`, use `width='content'`.
2025-09-23 21:36:19.953 Please replace `use_container_width` with `width`.

`use_container_width` will be removed after 2025-12-31.

For `use_container_width=True`, use `width='stretch'`. For `use_container_width=False`, use `width='content'`.
2025-09-23 21:36:51.832 Please replace `use_container_width` with `width`.

`use_container_width` will be removed after 2025-12-31.

For `use_container_width=True`, use `width='stretch'`. For `use_container_width=False`, use `width='content'`.
2025-09-23 21:37:23.759 Please replace `use_container_width` with `width`.

`use_container_width` will be removed after 2025-12-31.

For `use_container_width=True`, use `width='stretch'`. For `use_container_width=False`, use `width='content'`.
2025-09-23 21:37:55.839 Please replace `use_container_width` with `width`.

`use_container_width` will be removed after 2025-12-31.

For `use_container_width=True`, use `width='stretch'`. For `use_container_width=False`, use `width='content'`.
2025-09-23 21:38:27.727 Please replace `use_container_width` with `width`.

`use_container_width` will be removed after 2025-12-31.

For `use_container_width=True`, use `width='stretch'`. For `use_container_width=False`, use `width='content'`.
2025-09-23 21:38:59.612 Please replace `use_container_width` with `width`.

`use_container_width` will be removed after 2025-12-31.

For `use_container_width=True`, use `width='stretch'`. For `use_container_width=False`, use `width='content'`.
2025-09-23 21:39:31.668 Please replace `use_container_width` with `width`.

`use_container_width` will be removed after 2025-12-31.

For `use_container_width=True`, use `width='stretch'`. For `use_container_width=False`, use `width='content'`.
2025-09-23 21:40:03.637 Please replace `use_container_width` with `width`.

`use_container_width` will be removed after 2025-12-31.

For `use_container_width=True`, use `width='stretch'`. For `use_container_width=False`, use `width='content'`.
2025-09-23 21:40:35.729 Please replace `use_container_width` with `width`.

`use_container_width` will be removed after 2025-12-31.

For `use_container_width=True`, use `width='stretch'`. For `use_container_width=False`, use `width='content'`.
2025-09-23 21:41:07.488 Please replace `use_container_width` with `width`.

`use_container_width` will be removed after 2025-12-31.

For `use_container_width=True`, use `width='stretch'`. For `use_container_width=False`, use `width='content'`.
2025-09-23 21:41:39.392 Please replace `use_container_width` with `width`.

`use_container_width` will be removed after 2025-12-31.

For `use_container_width=True`, use `width='stretch'`. For `use_container_width=False`, use `width='content'`.
2025-09-23 21:42:11.279 Please replace `use_container_width` with `width`.

`use_container_width` will be removed after 2025-12-31.

For `use_container_width=True`, use `width='stretch'`. For `use_container_width=False`, use `width='content'`.
2025-09-23 21:42:43.165 Please replace `use_container_width` with `width`.

`use_container_width` will be removed after 2025-12-31.

For `use_container_width=True`, use `width='stretch'`. For `use_container_width=False`, use `width='content'`.
2025-09-23 21:43:15.106 Please replace `use_container_width` with `width`.

`use_container_width` will be removed after 2025-12-31.

For `use_container_width=True`, use `width='stretch'`. For `use_container_width=False`, use `width='content'`.
2025-09-23 21:43:47.067 Please replace `use_container_width` with `width`.

`use_container_width` will be removed after 2025-12-31.

For `use_container_width=True`, use `width='stretch'`. For `use_container_width=False`, use `width='content'`.
2025-09-23 21:44:19.076 Please replace `use_container_width` with `width`.

`use_container_width` will be removed after 2025-12-31.

For `use_container_width=True`, use `width='stretch'`. For `use_container_width=False`, use `width='content'`.
2025-09-23 21:44:51.072 Please replace `use_container_width` with `width`.

`use_container_width` will be removed after 2025-12-31.

For `use_container_width=True`, use `width='stretch'`. For `use_container_width=False`, use `width='content'`.
2025-09-23 21:45:23.165 Please replace `use_container_width` with `width`.

`use_container_width` will be removed after 2025-12-31.

For `use_container_width=True`, use `width='stretch'`. For `use_container_width=False`, use `width='content'`.
2025-09-23 21:45:55.120 Please replace `use_container_width` with `width`.

`use_container_width` will be removed after 2025-12-31.

For `use_container_width=True`, use `width='stretch'`. For `use_container_width=False`, use `width='content'`.
2025-09-23 21:46:27.085 Please replace `use_container_width` with `width`.

`use_container_width` will be removed after 2025-12-31.

For `use_container_width=True`, use `width='stretch'`. For `use_container_width=False`, use `width='content'`.
2025-09-23 21:46:59.230 Please replace `use_container_width` with `width`.

`use_container_width` will be removed after 2025-12-31.

For `use_container_width=True`, use `width='stretch'`. For `use_container_width=False`, use `width='content'`.
2025-09-23 21:47:31.325 Please replace `use_container_width` with `width`.

`use_container_width` will be removed after 2025-12-31.

For `use_container_width=True`, use `width='stretch'`. For `use_container_width=False`, use `width='content'`.
2025-09-23 21:48:03.414 Please replace `use_container_width` with `width`.

`use_container_width` will be removed after 2025-12-31.

For `use_container_width=True`, use `width='stretch'`. For `use_container_width=False`, use `width='content'`.
2025-09-23 21:48:35.337 Please replace `use_container_width` with `width`.

`use_container_width` will be removed after 2025-12-31.

For `use_container_width=True`, use `width='stretch'`. For `use_container_width=False`, use `width='content'`.
2025-09-23 21:49:07.157 Please replace `use_container_width` with `width`.

`use_container_width` will be removed after 2025-12-31.

For `use_container_width=True`, use `width='stretch'`. For `use_container_width=False`, use `width='content'`.
2025-09-23 21:49:39.079 Please replace `use_container_width` with `width`.

`use_container_width` will be removed after 2025-12-31.

For `use_container_width=True`, use `width='stretch'`. For `use_container_width=False`, use `width='content'`.
2025-09-23 21:50:11.064 Please replace `use_container_width` with `width`.

`use_container_width` will be removed after 2025-12-31.

For `use_container_width=True`, use `width='stretch'`. For `use_container_width=False`, use `width='content'`.
2025-09-23 21:50:43.374 Please replace `use_container_width` with `width`.

`use_container_width` will be removed after 2025-12-31.

For `use_container_width=True`, use `width='stretch'`. For `use_container_width=False`, use `width='content'`.
2025-09-23 21:51:15.414 Please replace `use_container_width` with `width`.

`use_container_width` will be removed after 2025-12-31.

For `use_container_width=True`, use `width='stretch'`. For `use_container_width=False`, use `width='content'`.
2025-09-23 21:51:47.366 Please replace `use_container_width` with `width`.

`use_container_width` will be removed after 2025-12-31.

For `use_container_width=True`, use `width='stretch'`. For `use_container_width=False`, use `width='content'`.
2025-09-23 21:52:19.338 Please replace `use_container_width` with `width`.

`use_container_width` will be removed after 2025-12-31.

For `use_container_width=True`, use `width='stretch'`. For `use_container_width=False`, use `width='content'`.
2025-09-23 21:52:51.311 Please replace `use_container_width` with `width`.

`use_container_width` will be removed after 2025-12-31.

For `use_container_width=True`, use `width='stretch'`. For `use_container_width=False`, use `width='content'`.
2025-09-23 21:53:23.465 Please replace `use_container_width` with `width`.

`use_container_width` will be removed after 2025-12-31.

For `use_container_width=True`, use `width='stretch'`. For `use_container_width=False`, use `width='content'`.
2025-09-23 21:53:55.411 Please replace `use_container_width` with `width`.

`use_container_width` will be removed after 2025-12-31.

For `use_container_width=True`, use `width='stretch'`. For `use_container_width=False`, use `width='content'`.
2025-09-23 21:54:27.274 Please replace `use_container_width` with `width`.

`use_container_width` will be removed after 2025-12-31.

For `use_container_width=True`, use `width='stretch'`. For `use_container_width=False`, use `width='content'`.
2025-09-23 21:54:59.275 Please replace `use_container_width` with `width`.

`use_container_width` will be removed after 2025-12-31.

For `use_container_width=True`, use `width='stretch'`. For `use_container_width=False`, use `width='content'`.
2025-09-23 21:55:31.291 Please replace `use_container_width` with `width`.

`use_container_width` will be removed after 2025-12-31.

For `use_container_width=True`, use `width='stretch'`. For `use_container_width=False`, use `width='content'`.
2025-09-23 21:56:03.350 Please replace `use_container_width` with `width`.

`use_container_width` will be removed after 2025-12-31.

For `use_container_width=True`, use `width='stretch'`. For `use_container_width=False`, use `width='content'`.
2025-09-23 21:56:35.471 Please replace `use_container_width` with `width`.

`use_container_width` will be removed after 2025-12-31.

For `use_container_width=True`, use `width='stretch'`. For `use_container_width=False`, use `width='content'`.
2025-09-23 21:57:07.252 Please replace `use_container_width` with `width`.

`use_container_width` will be removed after 2025-12-31.

For `use_container_width=True`, use `width='stretch'`. For `use_container_width=False`, use `width='content'`.
2025-09-23 21:57:39.227 Please replace `use_container_width` with `width`.

`use_container_width` will be removed after 2025-12-31.

For `use_container_width=True`, use `width='stretch'`. For `use_container_width=False`, use `width='content'`.
2025-09-23 21:58:11.310 Please replace `use_container_width` with `width`.

`use_container_width` will be removed after 2025-12-31.

For `use_container_width=True`, use `width='stretch'`. For `use_container_width=False`, use `width='content'`.
2025-09-23 21:58:43.217 Please replace `use_container_width` with `width`.

`use_container_width` will be removed after 2025-12-31.

For `use_container_width=True`, use `width='stretch'`. For `use_container_width=False`, use `width='content'`.
2025-09-23 21:59:15.539 Please replace `use_container_width` with `width`.

`use_container_width` will be removed after 2025-12-31.

For `use_container_width=True`, use `width='stretch'`. For `use_container_width=False`, use `width='content'`.
2025-09-23 21:59:47.563 Please replace `use_container_width` with `width`.

`use_container_width` will be removed after 2025-12-31.

For `use_container_width=True`, use `width='stretch'`. For `use_container_width=False`, use `width='content'`.
2025-09-23 22:00:19.514 Please replace `use_container_width` with `width`.

`use_container_width` will be removed after 2025-12-31.

For `use_container_width=True`, use `width='stretch'`. For `use_container_width=False`, use `width='content'`.
2025-09-23 22:00:51.346 Please replace `use_container_width` with `width`.

`use_container_width` will be removed after 2025-12-31.

For `use_container_width=True`, use `width='stretch'`. For `use_container_width=False`, use `width='content'`.
2025-09-23 22:01:23.316 Please replace `use_container_width` with `width`.

`use_container_width` will be removed after 2025-12-31.

For `use_container_width=True`, use `width='stretch'`. For `use_container_width=False`, use `width='content'`.
2025-09-23 22:01:55.216 Please replace `use_container_width` with `width`.

`use_container_width` will be removed after 2025-12-31.

For `use_container_width=True`, use `width='stretch'`. For `use_container_width=False`, use `width='content'`.
2025-09-23 22:02:27.346 Please replace `use_container_width` with `width`.

`use_container_width` will be removed after 2025-12-31.

For `use_container_width=True`, use `width='stretch'`. For `use_container_width=False`, use `width='content'`.
2025-09-23 22:02:59.330 Please replace `use_container_width` with `width`.

`use_container_width` will be removed after 2025-12-31.

For `use_container_width=True`, use `width='stretch'`. For `use_container_width=False`, use `width='content'`.
2025-09-23 22:03:31.168 Please replace `use_container_width` with `width`.

`use_container_width` will be removed after 2025-12-31.

For `use_container_width=True`, use `width='stretch'`. For `use_container_width=False`, use `width='content'`.
2025-09-23 22:04:02.983 Please replace `use_container_width` with `width`.

`use_container_width` will be removed after 2025-12-31.

For `use_container_width=True`, use `width='stretch'`. For `use_container_width=False`, use `width='content'`.
2025-09-23 22:04:35.075 Please replace `use_container_width` with `width`.

`use_container_width` will be removed after 2025-12-31.

For `use_container_width=True`, use `width='stretch'`. For `use_container_width=False`, use `width='content'`.
2025-09-23 22:05:06.976 Please replace `use_container_width` with `width`.

`use_container_width` will be removed after 2025-12-31.

For `use_container_width=True`, use `width='stretch'`. For `use_container_width=False`, use `width='content'`.
2025-09-23 22:05:38.726 Please replace `use_container_width` with `width`.

`use_container_width` will be removed after 2025-12-31.

For `use_container_width=True`, use `width='stretch'`. For `use_container_width=False`, use `width='content'`.
2025-09-23 22:06:10.768 Please replace `use_container_width` with `width`.

`use_container_width` will be removed after 2025-12-31.

For `use_container_width=True`, use `width='stretch'`. For `use_container_width=False`, use `width='content'`.
2025-09-23 22:06:42.900 Please replace `use_container_width` with `width`.

`use_container_width` will be removed after 2025-12-31.

For `use_container_width=True`, use `width='stretch'`. For `use_container_width=False`, use `width='content'`.
2025-09-23 22:07:14.924 Please replace `use_container_width` with `width`.

`use_container_width` will be removed after 2025-12-31.

For `use_container_width=True`, use `width='stretch'`. For `use_container_width=False`, use `width='content'`.
2025-09-23 22:07:46.949 Please replace `use_container_width` with `width`.

`use_container_width` will be removed after 2025-12-31.

For `use_container_width=True`, use `width='stretch'`. For `use_container_width=False`, use `width='content'`.
2025-09-23 22:08:19.067 Please replace `use_container_width` with `width`.

`use_container_width` will be removed after 2025-12-31.

For `use_container_width=True`, use `width='stretch'`. For `use_container_width=False`, use `width='content'`.
2025-09-23 22:08:51.108 Please replace `use_container_width` with `width`.

`use_container_width` will be removed after 2025-12-31.

For `use_container_width=True`, use `width='stretch'`. For `use_container_width=False`, use `width='content'`.
2025-09-23 22:09:23.330 Please replace `use_container_width` with `width`.

`use_container_width` will be removed after 2025-12-31.

For `use_container_width=True`, use `width='stretch'`. For `use_container_width=False`, use `width='content'`.
2025-09-23 22:09:55.444 Please replace `use_container_width` with `width`.

`use_container_width` will be removed after 2025-12-31.

For `use_container_width=True`, use `width='stretch'`. For `use_container_width=False`, use `width='content'`.
2025-09-23 22:10:27.351 Please replace `use_container_width` with `width`.

`use_container_width` will be removed after 2025-12-31.

For `use_container_width=True`, use `width='stretch'`. For `use_container_width=False`, use `width='content'`.
2025-09-23 22:10:59.330 Please replace `use_container_width` with `width`.

`use_container_width` will be removed after 2025-12-31.

For `use_container_width=True`, use `width='stretch'`. For `use_container_width=False`, use `width='content'`.
2025-09-23 22:11:31.429 Please replace `use_container_width` with `width`.

`use_container_width` will be removed after 2025-12-31.

For `use_container_width=True`, use `width='stretch'`. For `use_container_width=False`, use `width='content'`.
2025-09-23 22:12:03.081 Please replace `use_container_width` with `width`.

`use_container_width` will be removed after 2025-12-31.

For `use_container_width=True`, use `width='stretch'`. For `use_container_width=False`, use `width='content'`.
2025-09-23 22:12:34.767 Please replace `use_container_width` with `width`.

`use_container_width` will be removed after 2025-12-31.

For `use_container_width=True`, use `width='stretch'`. For `use_container_width=False`, use `width='content'`.
2025-09-23 22:13:06.595 Please replace `use_container_width` with `width`.

`use_container_width` will be removed after 2025-12-31.

For `use_container_width=True`, use `width='stretch'`. For `use_container_width=False`, use `width='content'`.
2025-09-23 22:13:38.664 Please replace `use_container_width` with `width`.

`use_container_width` will be removed after 2025-12-31.

For `use_container_width=True`, use `width='stretch'`. For `use_container_width=False`, use `width='content'`.
/data02/wanghy/server_status/data_analyzer.py:43: FutureWarning:

'H' is deprecated and will be removed in a future version, please use 'h' instead.

/data02/wanghy/server_status/data_analyzer.py:87: FutureWarning:

'H' is deprecated and will be removed in a future version, please use 'h' instead.

